ParkUnit,Plot,SubPlot,EventDate,CanopyType,CanopyCount
Agate Fossil Beds,AGFO51,1,2003-06-05,Hardwood,2
Agate Fossil Beds,AGFO51,3,2003-06-05,Hardwood,1
Agate Fossil Beds,AGFO51,4,2006-06-08,Hardwood,1
Arkansas Post,ARPO1,1,2007-06-05,Hardwood,9
Arkansas Post,ARPO1,1,2011-06-08,Hardwood,9
Arkansas Post,ARPO1,1,2015-05-18,Hardwood,7
Arkansas Post,ARPO1,1,2019-05-21,Hardwood,5
Arkansas Post,ARPO10,1,2007-06-07,Hardwood,2
Arkansas Post,ARPO10,1,2011-06-07,Hardwood,5
Arkansas Post,ARPO10,1,2015-05-19,Hardwood,6
Arkansas Post,ARPO10,1,2019-05-20,Hardwood,6
Arkansas Post,ARPO12,1,2007-06-05,Hardwood,7
Arkansas Post,ARPO12,1,2011-06-08,Hardwood,15
Arkansas Post,ARPO12,1,2015-05-18,Hardwood,7
Arkansas Post,ARPO12,1,2019-05-21,Hardwood,7
Arkansas Post,ARPO13,1,2007-06-05,Hardwood,7
Arkansas Post,ARPO13,1,2011-06-08,Hardwood,14
Arkansas Post,ARPO13,1,2015-05-18,Hardwood,6
Arkansas Post,ARPO13,1,2019-05-21,Hardwood,7
Arkansas Post,ARPO14,1,2007-06-06,Hardwood,10
Arkansas Post,ARPO14,1,2011-06-08,Hardwood,10
Arkansas Post,ARPO14,1,2015-05-18,Hardwood,7
Arkansas Post,ARPO14,1,2019-05-21,Hardwood,7
Arkansas Post,ARPO15,1,2007-06-06,Hardwood,3
Arkansas Post,ARPO15,1,2011-06-08,Hardwood,7
Arkansas Post,ARPO15,1,2015-05-18,Hardwood,3
Arkansas Post,ARPO15,1,2019-05-21,Hardwood,6
Arkansas Post,ARPO16,1,2007-06-05,Hardwood,16
Arkansas Post,ARPO16,1,2011-06-08,Hardwood,15
Arkansas Post,ARPO16,1,2015-05-18,Hardwood,4
Arkansas Post,ARPO16,1,2019-05-21,Hardwood,11
Arkansas Post,ARPO17,1,2007-06-05,Hardwood,9
Arkansas Post,ARPO17,1,2011-06-08,Hardwood,12
Arkansas Post,ARPO17,1,2015-05-18,Hardwood,6
Arkansas Post,ARPO17,1,2019-05-21,Hardwood,9
Arkansas Post,ARPO18,1,2007-06-06,Hardwood,1
Arkansas Post,ARPO18,1,2011-06-08,Hardwood,9
Arkansas Post,ARPO18,1,2015-05-18,Hardwood,4
Arkansas Post,ARPO18,1,2019-05-20,Hardwood,10
Arkansas Post,ARPO19,1,2007-06-06,Conifer,1
Arkansas Post,ARPO19,1,2007-06-06,Hardwood,11
Arkansas Post,ARPO19,1,2011-06-08,Conifer,2
Arkansas Post,ARPO19,1,2011-06-08,Hardwood,11
Arkansas Post,ARPO19,1,2015-05-18,Hardwood,6
Arkansas Post,ARPO19,1,2019-05-21,Conifer,1
Arkansas Post,ARPO19,1,2019-05-21,Hardwood,15
Arkansas Post,ARPO2,1,2007-06-05,Conifer,3
Arkansas Post,ARPO2,1,2007-06-05,Hardwood,6
Arkansas Post,ARPO2,1,2011-06-08,Conifer,2
Arkansas Post,ARPO2,1,2011-06-08,Hardwood,10
Arkansas Post,ARPO2,1,2015-05-18,Hardwood,4
Arkansas Post,ARPO2,1,2019-05-21,Conifer,2
Arkansas Post,ARPO2,1,2019-05-21,Hardwood,8
Arkansas Post,ARPO20,1,2007-06-06,Hardwood,5
Arkansas Post,ARPO20,1,2011-06-08,Hardwood,9
Arkansas Post,ARPO20,1,2015-05-18,Hardwood,5
Arkansas Post,ARPO20,1,2019-05-21,Hardwood,6
Arkansas Post,ARPO21,1,2015-05-18,Hardwood,3
Arkansas Post,ARPO21,1,2019-05-20,Hardwood,3
Arkansas Post,ARPO22,1,2007-06-05,Hardwood,8
Arkansas Post,ARPO22,1,2011-06-08,Conifer,4
Arkansas Post,ARPO22,1,2011-06-08,Hardwood,7
Arkansas Post,ARPO22,1,2015-05-18,Conifer,3
Arkansas Post,ARPO22,1,2015-05-18,Hardwood,4
Arkansas Post,ARPO22,1,2019-05-21,Hardwood,10
Arkansas Post,ARPO23,1,2007-06-06,Conifer,3
Arkansas Post,ARPO23,1,2007-06-06,Hardwood,8
Arkansas Post,ARPO23,1,2011-06-08,Conifer,7
Arkansas Post,ARPO23,1,2011-06-08,Hardwood,5
Arkansas Post,ARPO23,1,2015-05-18,Conifer,3
Arkansas Post,ARPO23,1,2015-05-18,Hardwood,1
Arkansas Post,ARPO23,1,2019-05-20,Conifer,6
Arkansas Post,ARPO23,1,2019-05-20,Hardwood,3
Arkansas Post,ARPO24,1,2007-06-05,Hardwood,6
Arkansas Post,ARPO24,1,2011-06-08,Hardwood,8
Arkansas Post,ARPO24,1,2015-05-18,Hardwood,8
Arkansas Post,ARPO24,1,2019-05-21,Hardwood,10
Arkansas Post,ARPO25,1,2007-06-06,Hardwood,3
Arkansas Post,ARPO25,1,2011-06-08,Conifer,2
Arkansas Post,ARPO25,1,2011-06-08,Hardwood,4
Arkansas Post,ARPO25,1,2015-05-18,Hardwood,2
Arkansas Post,ARPO25,1,2019-05-20,Hardwood,5
Arkansas Post,ARPO26,1,2007-06-05,Hardwood,3
Arkansas Post,ARPO26,1,2011-06-07,Conifer,2
Arkansas Post,ARPO26,1,2011-06-07,Hardwood,3
Arkansas Post,ARPO26,1,2015-05-18,Conifer,1
Arkansas Post,ARPO26,1,2015-05-18,Hardwood,2
Arkansas Post,ARPO26,1,2019-05-20,Hardwood,3
Arkansas Post,ARPO27,1,2007-06-05,Hardwood,11
Arkansas Post,ARPO27,1,2011-06-07,Hardwood,13
Arkansas Post,ARPO27,1,2015-05-18,Hardwood,6
Arkansas Post,ARPO27,1,2019-05-20,Hardwood,10
Arkansas Post,ARPO28,1,2007-06-07,Hardwood,7
Arkansas Post,ARPO28,1,2015-05-19,Hardwood,7
Arkansas Post,ARPO3,1,2007-06-05,Hardwood,11
Arkansas Post,ARPO3,1,2011-06-08,Hardwood,6
Arkansas Post,ARPO3,1,2015-05-18,Hardwood,3
Arkansas Post,ARPO3,1,2019-05-21,Hardwood,9
Arkansas Post,ARPO30,1,2007-06-07,Hardwood,11
Arkansas Post,ARPO30,1,2011-06-07,Hardwood,16
Arkansas Post,ARPO30,1,2015-05-19,Hardwood,10
Arkansas Post,ARPO30,1,2019-05-20,Hardwood,11
Arkansas Post,ARPO36,1,2007-06-06,Conifer,1
Arkansas Post,ARPO36,1,2007-06-06,Hardwood,16
Arkansas Post,ARPO36,1,2015-05-19,Hardwood,12
Arkansas Post,ARPO4,1,2007-06-05,Hardwood,2
Arkansas Post,ARPO4,1,2011-06-08,Hardwood,5
Arkansas Post,ARPO4,1,2015-05-18,Hardwood,5
Arkansas Post,ARPO4,1,2019-05-21,Hardwood,10
Arkansas Post,ARPO5,1,2007-06-05,Hardwood,8
Arkansas Post,ARPO5,1,2011-06-07,Hardwood,16
Arkansas Post,ARPO5,1,2015-05-18,Hardwood,7
Arkansas Post,ARPO5,1,2019-05-21,Hardwood,13
Arkansas Post,ARPO7,1,2007-06-07,Hardwood,14
Arkansas Post,ARPO7,1,2011-06-07,Hardwood,16
Arkansas Post,ARPO7,1,2015-05-19,Hardwood,10
Arkansas Post,ARPO7,1,2019-05-20,Hardwood,13
Arkansas Post,ARPO9,1,2007-06-07,Hardwood,9
Arkansas Post,ARPO9,1,2011-06-07,Hardwood,11
Arkansas Post,ARPO9,1,2015-05-19,Hardwood,7
Arkansas Post,ARPO9,1,2019-05-20,Hardwood,13
Effigy Mounds,EFMO1,1,2017-05-24,Hardwood,7
Effigy Mounds,EFMO1,1,2017-05-24,Total,7
Effigy Mounds,EFMO1,1,2022-05-25,Hardwood,4
Effigy Mounds,EFMO1,1,2013-05-29,Hardwood,9
Effigy Mounds,EFMO12,1,2009-06-01,Hardwood,7
Effigy Mounds,EFMO12,1,2017-05-25,Hardwood,7
Effigy Mounds,EFMO12,1,2017-05-25,Total,7
Effigy Mounds,EFMO12,1,2022-05-26,Hardwood,13
Effigy Mounds,EFMO12,1,2013-05-31,Hardwood,3
Effigy Mounds,EFMO13,1,2009-06-01,Hardwood,8
Effigy Mounds,EFMO14,1,2009-05-31,Hardwood,9
Effigy Mounds,EFMO15,1,2017-05-24,Hardwood,5
Effigy Mounds,EFMO15,1,2017-05-24,Total,5
Effigy Mounds,EFMO15,1,2022-05-24,Hardwood,5
Effigy Mounds,EFMO15,1,2009-05-29,Hardwood,11
Effigy Mounds,EFMO16,1,2022-05-23,Hardwood,7
Effigy Mounds,EFMO16,1,2017-05-24,Hardwood,7
Effigy Mounds,EFMO16,1,2017-05-24,Total,7
Effigy Mounds,EFMO16,1,2009-05-29,Hardwood,9
Effigy Mounds,EFMO16,1,2013-05-30,Hardwood,5
Effigy Mounds,EFMO17,1,2017-05-24,Hardwood,8
Effigy Mounds,EFMO17,1,2017-05-24,Total,8
Effigy Mounds,EFMO17,1,2022-05-25,Hardwood,9
Effigy Mounds,EFMO17,1,2009-05-29,Hardwood,19
Effigy Mounds,EFMO17,1,2013-05-30,Hardwood,5
Effigy Mounds,EFMO18,1,2017-05-24,Hardwood,8
Effigy Mounds,EFMO18,1,2017-05-24,Total,8
Effigy Mounds,EFMO18,1,2022-05-26,Hardwood,8
Effigy Mounds,EFMO18,1,2009-05-31,Hardwood,6
Effigy Mounds,EFMO18,1,2013-05-31,Hardwood,2
Effigy Mounds,EFMO19,1,2022-05-26,Hardwood,5
Effigy Mounds,EFMO19,1,2009-05-31,Hardwood,4
Effigy Mounds,EFMO2,1,2017-05-24,Hardwood,8
Effigy Mounds,EFMO2,1,2017-05-24,Total,8
Effigy Mounds,EFMO2,1,2022-05-25,Hardwood,6
Effigy Mounds,EFMO2,1,2009-05-29,Hardwood,13
Effigy Mounds,EFMO2,1,2013-05-29,Hardwood,6
Effigy Mounds,EFMO22,1,2017-05-24,Hardwood,6
Effigy Mounds,EFMO22,1,2017-05-24,Total,6
Effigy Mounds,EFMO22,1,2009-05-31,Hardwood,8
Effigy Mounds,EFMO24,1,2017-05-24,Hardwood,8
Effigy Mounds,EFMO24,1,2017-05-24,Total,8
Effigy Mounds,EFMO24,1,2022-05-25,Hardwood,7
Effigy Mounds,EFMO24,1,2009-05-29,Hardwood,13
Effigy Mounds,EFMO24,1,2013-05-30,Hardwood,5
Effigy Mounds,EFMO25,1,2017-05-24,Hardwood,16
Effigy Mounds,EFMO25,1,2017-05-24,Total,16
Effigy Mounds,EFMO25,1,2022-05-25,Hardwood,16
Effigy Mounds,EFMO25,1,2009-05-29,Hardwood,12
Effigy Mounds,EFMO25,1,2013-05-30,Hardwood,6
Effigy Mounds,EFMO26,1,2017-05-24,Hardwood,9
Effigy Mounds,EFMO26,1,2017-05-24,Total,9
Effigy Mounds,EFMO26,1,2022-05-26,Hardwood,9
Effigy Mounds,EFMO26,1,2009-05-31,Hardwood,18
Effigy Mounds,EFMO26,1,2013-05-31,Hardwood,2
Effigy Mounds,EFMO27,1,2017-05-24,Hardwood,2
Effigy Mounds,EFMO27,1,2017-05-24,Total,2
Effigy Mounds,EFMO27,1,2022-05-26,Hardwood,4
Effigy Mounds,EFMO27,1,2009-05-31,Hardwood,1
Effigy Mounds,EFMO3,1,2017-05-24,Total,0
Effigy Mounds,EFMO33,1,2017-05-24,Hardwood,8
Effigy Mounds,EFMO33,1,2017-05-24,Total,8
Effigy Mounds,EFMO33,1,2022-05-26,Hardwood,18
Effigy Mounds,EFMO33,1,2009-05-31,Hardwood,7
Effigy Mounds,EFMO33,1,2013-05-31,Hardwood,7
Effigy Mounds,EFMO34,1,2017-05-24,Hardwood,14
Effigy Mounds,EFMO34,1,2017-05-24,Total,14
Effigy Mounds,EFMO34,1,2022-05-26,Hardwood,13
Effigy Mounds,EFMO34,1,2009-05-31,Hardwood,12
Effigy Mounds,EFMO37,1,2017-05-24,Hardwood,7
Effigy Mounds,EFMO37,1,2017-05-24,Total,7
Effigy Mounds,EFMO37,1,2022-05-26,Hardwood,8
Effigy Mounds,EFMO37,1,2009-05-30,Hardwood,12
Effigy Mounds,EFMO38,1,2022-05-24,Hardwood,17
Effigy Mounds,EFMO38,1,2017-05-25,Hardwood,9
Effigy Mounds,EFMO38,1,2017-05-25,Total,9
Effigy Mounds,EFMO38,1,2009-05-30,Hardwood,15
Effigy Mounds,EFMO39,1,2017-05-23,Hardwood,7
Effigy Mounds,EFMO39,1,2017-05-23,Total,7
Effigy Mounds,EFMO39,1,2022-05-26,Hardwood,10
Effigy Mounds,EFMO4,1,2009-06-01,Hardwood,10
Effigy Mounds,EFMO4,1,2017-05-24,Hardwood,11
Effigy Mounds,EFMO4,1,2017-05-24,Total,11
Effigy Mounds,EFMO4,1,2022-05-26,Hardwood,14
Effigy Mounds,EFMO4,1,2013-05-31,Hardwood,6
Effigy Mounds,EFMO40,1,2017-05-23,Hardwood,6
Effigy Mounds,EFMO40,1,2017-05-23,Total,6
Effigy Mounds,EFMO40,1,2022-05-26,Hardwood,6
Effigy Mounds,EFMO40,1,2009-05-31,Hardwood,5
Effigy Mounds,EFMO41,1,2017-05-25,Hardwood,10
Effigy Mounds,EFMO41,1,2017-05-25,Total,10
Effigy Mounds,EFMO41,1,2022-05-26,Hardwood,10
Effigy Mounds,EFMO41,1,2009-05-30,Hardwood,5
Effigy Mounds,EFMO42,1,2013-06-01,Hardwood,3
Effigy Mounds,EFMO42,1,2022-05-24,Hardwood,13
Effigy Mounds,EFMO42,1,2017-05-25,Hardwood,9
Effigy Mounds,EFMO42,1,2017-05-25,Total,9
Effigy Mounds,EFMO42,1,2009-05-29,Hardwood,13
Effigy Mounds,EFMO42,1,2009-05-30,Hardwood,14
Effigy Mounds,EFMO43,1,2013-06-02,Hardwood,5
Effigy Mounds,EFMO43,1,2022-05-24,Hardwood,11
Effigy Mounds,EFMO43,1,2017-05-25,Hardwood,13
Effigy Mounds,EFMO43,1,2017-05-25,Total,13
Effigy Mounds,EFMO43,1,2009-05-30,Hardwood,7
Effigy Mounds,EFMO44,1,2013-06-02,Hardwood,7
Effigy Mounds,EFMO44,1,2022-05-24,Hardwood,10
Effigy Mounds,EFMO44,1,2017-05-25,Hardwood,9
Effigy Mounds,EFMO44,1,2017-05-25,Total,9
Effigy Mounds,EFMO44,1,2009-05-30,Hardwood,10
Effigy Mounds,EFMO45,1,2022-05-23,Hardwood,3
Effigy Mounds,EFMO45,1,2017-05-25,Total,0
Effigy Mounds,EFMO46,1,2013-06-02,Hardwood,5
Effigy Mounds,EFMO46,1,2022-05-23,Hardwood,13
Effigy Mounds,EFMO46,1,2017-05-25,Hardwood,12
Effigy Mounds,EFMO46,1,2017-05-25,Total,12
Effigy Mounds,EFMO46,1,2009-05-30,Hardwood,14
Effigy Mounds,EFMO47,1,2013-06-02,Hardwood,4
Effigy Mounds,EFMO47,1,2022-05-23,Hardwood,17
Effigy Mounds,EFMO47,1,2017-05-25,Hardwood,9
Effigy Mounds,EFMO47,1,2017-05-25,Total,9
Effigy Mounds,EFMO47,1,2009-05-30,Hardwood,11
Effigy Mounds,EFMO5,1,2009-06-01,Hardwood,7
Effigy Mounds,EFMO5,1,2017-05-24,Hardwood,6
Effigy Mounds,EFMO5,1,2017-05-24,Total,6
Effigy Mounds,EFMO5,1,2022-05-26,Hardwood,6
Effigy Mounds,EFMO5,1,2013-05-31,Hardwood,7
Effigy Mounds,EFMO52,1,2009-05-30,Hardwood,12
Effigy Mounds,EFMO6,1,2017-05-24,Hardwood,11
Effigy Mounds,EFMO6,1,2017-05-24,Total,11
Effigy Mounds,EFMO8,1,2017-05-24,Hardwood,3
Effigy Mounds,EFMO8,1,2017-05-24,Total,3
Effigy Mounds,EFMO8,1,2022-05-25,Hardwood,4
Effigy Mounds,EFMO8,1,2009-05-29,Hardwood,7
Effigy Mounds,EFMO8,1,2013-05-29,Hardwood,8
Effigy Mounds,EFMO9,1,2017-05-24,Hardwood,9
Effigy Mounds,EFMO9,1,2017-05-24,Total,9
Effigy Mounds,EFMO9,1,2022-05-25,Hardwood,7
Effigy Mounds,EFMO9,1,2009-05-29,Hardwood,14
Effigy Mounds,EFMO9,1,2013-05-29,Hardwood,7
George Washington Carver,GWCA1,1,2012-06-06,Hardwood,11
George Washington Carver,GWCA1,1,2020-06-12,Conifer,0
George Washington Carver,GWCA1,1,2020-06-12,Hardwood,9
George Washington Carver,GWCA1,1,2016-05-18,Conifer,0
George Washington Carver,GWCA1,1,2016-05-18,Hardwood,9
George Washington Carver,GWCA1,1,2016-05-18,Total,9
George Washington Carver,GWCA1,1,2008-05-28,Hardwood,6
George Washington Carver,GWCA10,1,2020-06-10,Conifer,0
George Washington Carver,GWCA10,1,2020-06-10,Hardwood,0
George Washington Carver,GWCA10,1,2016-05-18,Total,0
George Washington Carver,GWCA11,1,2012-06-06,Hardwood,15
George Washington Carver,GWCA11,1,2020-06-12,Conifer,0
George Washington Carver,GWCA11,1,2020-06-12,Hardwood,9
George Washington Carver,GWCA11,1,2016-05-18,Hardwood,10
George Washington Carver,GWCA11,1,2016-05-18,Total,10
George Washington Carver,GWCA11,1,2008-05-28,Hardwood,12
George Washington Carver,GWCA12,1,2020-06-10,Conifer,0
George Washington Carver,GWCA12,1,2020-06-10,Hardwood,0
George Washington Carver,GWCA12,1,2016-05-18,Total,0
George Washington Carver,GWCA13,1,2020-06-10,Conifer,0
George Washington Carver,GWCA13,1,2020-06-10,Hardwood,0
George Washington Carver,GWCA13,1,2016-05-18,Total,0
George Washington Carver,GWCA14,1,2020-06-10,Conifer,0
George Washington Carver,GWCA14,1,2020-06-10,Hardwood,0
George Washington Carver,GWCA14,1,2016-05-18,Total,0
George Washington Carver,GWCA15,1,2020-06-10,Conifer,0
George Washington Carver,GWCA15,1,2020-06-10,Hardwood,0
George Washington Carver,GWCA15,1,2016-05-18,Total,0
George Washington Carver,GWCA16,1,2020-06-10,Conifer,0
George Washington Carver,GWCA16,1,2020-06-10,Hardwood,0
George Washington Carver,GWCA16,1,2016-05-18,Total,0
George Washington Carver,GWCA17,1,2020-06-10,Conifer,0
George Washington Carver,GWCA17,1,2020-06-10,Hardwood,0
George Washington Carver,GWCA17,1,2016-05-18,Total,0
George Washington Carver,GWCA18,1,2012-06-05,Hardwood,8
George Washington Carver,GWCA18,1,2020-06-12,Conifer,0
George Washington Carver,GWCA18,1,2020-06-12,Hardwood,8
George Washington Carver,GWCA18,1,2016-05-20,Hardwood,10
George Washington Carver,GWCA18,1,2016-05-20,Total,10
George Washington Carver,GWCA18,1,2008-05-28,Hardwood,5
George Washington Carver,GWCA19,1,2020-06-10,Conifer,0
George Washington Carver,GWCA19,1,2020-06-10,Hardwood,0
George Washington Carver,GWCA19,1,2016-05-18,Total,0
George Washington Carver,GWCA2,1,2012-06-06,Hardwood,9
George Washington Carver,GWCA2,1,2020-06-12,Conifer,0
George Washington Carver,GWCA2,1,2020-06-12,Hardwood,5
George Washington Carver,GWCA2,1,2016-05-18,Conifer,0
George Washington Carver,GWCA2,1,2016-05-18,Hardwood,3
George Washington Carver,GWCA2,1,2016-05-18,Total,3
George Washington Carver,GWCA20,1,2020-06-10,Conifer,0
George Washington Carver,GWCA20,1,2020-06-10,Hardwood,0
George Washington Carver,GWCA20,1,2016-05-18,Total,0
George Washington Carver,GWCA21,1,2020-06-10,Conifer,0
George Washington Carver,GWCA21,1,2020-06-10,Hardwood,3
George Washington Carver,GWCA21,1,2016-05-18,Hardwood,7
George Washington Carver,GWCA21,1,2016-05-18,Total,7
George Washington Carver,GWCA21,1,2008-05-28,Hardwood,2
George Washington Carver,GWCA22,1,2020-06-10,Conifer,0
George Washington Carver,GWCA22,1,2020-06-10,Hardwood,3
George Washington Carver,GWCA22,1,2016-05-18,Hardwood,7
George Washington Carver,GWCA22,1,2016-05-18,Total,7
George Washington Carver,GWCA23,1,2012-06-04,Hardwood,18
George Washington Carver,GWCA23,1,2020-06-12,Conifer,0
George Washington Carver,GWCA23,1,2020-06-12,Hardwood,7
George Washington Carver,GWCA23,1,2016-05-20,Hardwood,12
George Washington Carver,GWCA23,1,2016-05-20,Total,12
George Washington Carver,GWCA23,1,2008-05-28,Hardwood,10
George Washington Carver,GWCA24,1,2020-06-10,Conifer,0
George Washington Carver,GWCA24,1,2020-06-10,Hardwood,0
George Washington Carver,GWCA24,1,2016-05-18,Total,0
George Washington Carver,GWCA25,1,2020-06-10,Conifer,0
George Washington Carver,GWCA25,1,2020-06-10,Hardwood,0
George Washington Carver,GWCA25,1,2016-05-18,Total,0
George Washington Carver,GWCA26,1,2012-06-06,Hardwood,11
George Washington Carver,GWCA26,1,2020-06-11,Conifer,0
George Washington Carver,GWCA26,1,2020-06-11,Hardwood,8
George Washington Carver,GWCA26,1,2016-05-18,Hardwood,10
George Washington Carver,GWCA26,1,2016-05-18,Total,10
George Washington Carver,GWCA26,1,2008-05-29,Hardwood,14
George Washington Carver,GWCA27,1,2012-06-06,Hardwood,12
George Washington Carver,GWCA27,1,2016-06-09,Hardwood,8
George Washington Carver,GWCA27,1,2016-06-09,Total,8
George Washington Carver,GWCA27,1,2020-06-11,Conifer,0
George Washington Carver,GWCA27,1,2020-06-11,Hardwood,13
George Washington Carver,GWCA27,1,2008-05-29,Hardwood,7
George Washington Carver,GWCA28,1,2012-06-04,Hardwood,9
George Washington Carver,GWCA28,1,2020-06-12,Conifer,0
George Washington Carver,GWCA28,1,2020-06-12,Hardwood,12
George Washington Carver,GWCA28,1,2016-05-20,Hardwood,4
George Washington Carver,GWCA28,1,2016-05-20,Total,4
George Washington Carver,GWCA28,1,2008-05-28,Hardwood,8
George Washington Carver,GWCA29,1,2012-06-05,Conifer,1
George Washington Carver,GWCA29,1,2012-06-05,Hardwood,7
George Washington Carver,GWCA29,1,2020-06-10,Conifer,0
George Washington Carver,GWCA29,1,2020-06-10,Hardwood,7
George Washington Carver,GWCA29,1,2016-05-20,Hardwood,7
George Washington Carver,GWCA29,1,2016-05-20,Total,7
George Washington Carver,GWCA29,1,2008-05-28,Hardwood,3
George Washington Carver,GWCA3,1,2020-06-10,Conifer,0
George Washington Carver,GWCA3,1,2020-06-10,Hardwood,0
George Washington Carver,GWCA3,1,2016-05-18,Total,0
George Washington Carver,GWCA30,1,2012-06-05,Hardwood,15
George Washington Carver,GWCA30,1,2020-06-10,Conifer,0
George Washington Carver,GWCA30,1,2020-06-10,Hardwood,10
George Washington Carver,GWCA30,1,2016-05-20,Hardwood,8
George Washington Carver,GWCA30,1,2016-05-20,Total,8
George Washington Carver,GWCA30,1,2008-05-28,Hardwood,7
George Washington Carver,GWCA31,1,2020-06-09,Conifer,0
George Washington Carver,GWCA31,1,2020-06-09,Hardwood,0
George Washington Carver,GWCA31,1,2016-05-18,Total,0
George Washington Carver,GWCA32,1,2012-06-06,Hardwood,3
George Washington Carver,GWCA32,1,2020-06-08,Conifer,0
George Washington Carver,GWCA32,1,2020-06-08,Hardwood,0
George Washington Carver,GWCA32,1,2016-05-18,Hardwood,1
George Washington Carver,GWCA32,1,2016-05-18,Total,1
George Washington Carver,GWCA33,1,2012-06-06,Hardwood,11
George Washington Carver,GWCA33,1,2020-06-11,Conifer,0
George Washington Carver,GWCA33,1,2020-06-11,Hardwood,13
George Washington Carver,GWCA33,1,2016-05-20,Hardwood,12
George Washington Carver,GWCA33,1,2016-05-20,Total,12
George Washington Carver,GWCA33,1,2008-05-29,Hardwood,13
George Washington Carver,GWCA34,1,2012-06-04,Hardwood,13
George Washington Carver,GWCA34,1,2020-06-11,Conifer,0
George Washington Carver,GWCA34,1,2020-06-11,Hardwood,7
George Washington Carver,GWCA34,1,2016-05-20,Hardwood,10
George Washington Carver,GWCA34,1,2016-05-20,Total,10
George Washington Carver,GWCA34,1,2008-05-27,Hardwood,9
George Washington Carver,GWCA35,1,2012-06-04,Hardwood,3
George Washington Carver,GWCA35,1,2020-06-11,Conifer,0
George Washington Carver,GWCA35,1,2020-06-11,Hardwood,6
George Washington Carver,GWCA35,1,2016-05-20,Hardwood,2
George Washington Carver,GWCA35,1,2016-05-20,Total,2
George Washington Carver,GWCA35,1,2008-05-27,Hardwood,2
George Washington Carver,GWCA36,1,2020-06-09,Conifer,0
George Washington Carver,GWCA36,1,2020-06-09,Hardwood,0
George Washington Carver,GWCA36,1,2016-05-18,Total,0
George Washington Carver,GWCA37,1,2012-06-06,Hardwood,17
George Washington Carver,GWCA37,1,2020-06-11,Conifer,0
George Washington Carver,GWCA37,1,2020-06-11,Hardwood,17
George Washington Carver,GWCA37,1,2016-05-20,Hardwood,13
George Washington Carver,GWCA37,1,2016-05-20,Total,13
George Washington Carver,GWCA37,1,2008-05-29,Hardwood,11
George Washington Carver,GWCA38,1,2012-06-04,Hardwood,2
George Washington Carver,GWCA38,1,2020-06-09,Conifer,0
George Washington Carver,GWCA38,1,2020-06-09,Hardwood,1
George Washington Carver,GWCA38,1,2016-05-20,Hardwood,2
George Washington Carver,GWCA38,1,2016-05-20,Total,2
George Washington Carver,GWCA39,1,2012-06-04,Hardwood,5
George Washington Carver,GWCA39,1,2020-06-11,Conifer,0
George Washington Carver,GWCA39,1,2020-06-11,Hardwood,6
George Washington Carver,GWCA39,1,2016-05-20,Hardwood,6
George Washington Carver,GWCA39,1,2016-05-20,Total,6
George Washington Carver,GWCA39,1,2008-05-27,Hardwood,7
George Washington Carver,GWCA4,1,2020-06-10,Conifer,0
George Washington Carver,GWCA4,1,2020-06-10,Hardwood,0
George Washington Carver,GWCA4,1,2016-05-18,Total,0
George Washington Carver,GWCA40,1,2012-06-04,Hardwood,4
George Washington Carver,GWCA40,1,2020-06-11,Conifer,0
George Washington Carver,GWCA40,1,2020-06-11,Hardwood,4
George Washington Carver,GWCA40,1,2016-05-20,Hardwood,4
George Washington Carver,GWCA40,1,2016-05-20,Total,4
George Washington Carver,GWCA40,1,2008-05-27,Hardwood,3
George Washington Carver,GWCA41,1,2020-06-09,Conifer,0
George Washington Carver,GWCA41,1,2020-06-09,Hardwood,0
George Washington Carver,GWCA41,1,2016-05-20,Total,0
George Washington Carver,GWCA42,1,2020-06-09,Conifer,0
George Washington Carver,GWCA42,1,2020-06-09,Hardwood,2
George Washington Carver,GWCA42,1,2016-05-18,Hardwood,1
George Washington Carver,GWCA42,1,2016-05-18,Total,1
George Washington Carver,GWCA42,1,2008-05-29,Hardwood,1
George Washington Carver,GWCA43,1,2020-06-09,Conifer,0
George Washington Carver,GWCA43,1,2020-06-09,Hardwood,0
George Washington Carver,GWCA43,1,2016-05-18,Total,0
George Washington Carver,GWCA44,1,2020-06-09,Conifer,0
George Washington Carver,GWCA44,1,2020-06-09,Hardwood,0
George Washington Carver,GWCA44,1,2016-05-20,Total,0
George Washington Carver,GWCA45,1,2012-06-04,Hardwood,1
George Washington Carver,GWCA45,1,2020-06-08,Conifer,0
George Washington Carver,GWCA45,1,2020-06-08,Hardwood,0
George Washington Carver,GWCA45,1,2016-05-18,Total,0
George Washington Carver,GWCA46,1,2020-06-08,Conifer,0
George Washington Carver,GWCA46,1,2020-06-08,Hardwood,0
George Washington Carver,GWCA46,1,2016-05-18,Total,0
George Washington Carver,GWCA47,1,2020-06-08,Conifer,0
George Washington Carver,GWCA47,1,2020-06-08,Hardwood,0
George Washington Carver,GWCA47,1,2016-05-18,Total,0
George Washington Carver,GWCA48,1,2020-06-08,Conifer,0
George Washington Carver,GWCA48,1,2020-06-08,Hardwood,1
George Washington Carver,GWCA48,1,2016-05-18,Total,0
George Washington Carver,GWCA48,1,2008-05-27,Hardwood,1
George Washington Carver,GWCA49,1,2020-06-09,Conifer,0
George Washington Carver,GWCA49,1,2020-06-09,Hardwood,0
George Washington Carver,GWCA49,1,2016-05-18,Total,0
George Washington Carver,GWCA5,1,2020-06-10,Conifer,0
George Washington Carver,GWCA5,1,2020-06-10,Hardwood,0
George Washington Carver,GWCA5,1,2016-05-18,Total,0
George Washington Carver,GWCA50,1,2020-06-08,Conifer,0
George Washington Carver,GWCA50,1,2020-06-08,Hardwood,0
George Washington Carver,GWCA50,1,2016-05-18,Total,0
George Washington Carver,GWCA51,1,2020-06-08,Conifer,0
George Washington Carver,GWCA51,1,2020-06-08,Hardwood,0
George Washington Carver,GWCA51,1,2016-05-18,Total,0
George Washington Carver,GWCA52,1,2020-06-08,Conifer,0
George Washington Carver,GWCA52,1,2020-06-08,Hardwood,0
George Washington Carver,GWCA52,1,2016-05-18,Total,0
George Washington Carver,GWCA53,1,2012-06-06,Hardwood,14
George Washington Carver,GWCA53,1,2020-06-11,Conifer,0
George Washington Carver,GWCA53,1,2020-06-11,Hardwood,7
George Washington Carver,GWCA53,1,2016-05-18,Conifer,1
George Washington Carver,GWCA53,1,2016-05-18,Hardwood,11
George Washington Carver,GWCA53,1,2016-05-18,Total,12
George Washington Carver,GWCA53,1,2008-05-29,Hardwood,8
George Washington Carver,GWCA54,1,2020-06-08,Conifer,0
George Washington Carver,GWCA54,1,2020-06-08,Hardwood,0
George Washington Carver,GWCA54,1,2016-05-18,Total,0
George Washington Carver,GWCA55,1,2020-06-09,Conifer,0
George Washington Carver,GWCA55,1,2020-06-09,Hardwood,0
George Washington Carver,GWCA55,1,2016-05-18,Total,0
George Washington Carver,GWCA55,1,2008-05-27,Hardwood,4
George Washington Carver,GWCA56,1,2020-06-08,Conifer,0
George Washington Carver,GWCA56,1,2020-06-08,Hardwood,0
George Washington Carver,GWCA56,1,2016-05-18,Total,0
George Washington Carver,GWCA57,1,2020-06-08,Conifer,0
George Washington Carver,GWCA57,1,2020-06-08,Hardwood,0
George Washington Carver,GWCA57,1,2016-05-18,Total,0
George Washington Carver,GWCA58,1,2012-06-06,Hardwood,7
George Washington Carver,GWCA58,1,2020-06-11,Conifer,0
George Washington Carver,GWCA58,1,2020-06-11,Hardwood,6
George Washington Carver,GWCA58,1,2016-05-18,Hardwood,4
George Washington Carver,GWCA58,1,2016-05-18,Total,4
George Washington Carver,GWCA58,1,2008-05-29,Hardwood,10
George Washington Carver,GWCA59,1,2020-06-09,Conifer,0
George Washington Carver,GWCA59,1,2020-06-09,Hardwood,0
George Washington Carver,GWCA59,1,2016-05-18,Total,0
George Washington Carver,GWCA6,1,2020-06-10,Conifer,0
George Washington Carver,GWCA6,1,2020-06-10,Hardwood,0
George Washington Carver,GWCA6,1,2016-05-18,Total,0
George Washington Carver,GWCA60,1,2020-06-08,Conifer,0
George Washington Carver,GWCA60,1,2020-06-08,Hardwood,0
George Washington Carver,GWCA60,1,2016-05-18,Total,0
George Washington Carver,GWCA61,1,2020-06-08,Conifer,0
George Washington Carver,GWCA61,1,2020-06-08,Hardwood,0
George Washington Carver,GWCA61,1,2016-05-18,Total,0
George Washington Carver,GWCA62,1,2012-06-06,Hardwood,2
George Washington Carver,GWCA62,1,2020-06-11,Conifer,0
George Washington Carver,GWCA62,1,2020-06-11,Hardwood,2
George Washington Carver,GWCA62,1,2016-05-18,Total,0
George Washington Carver,GWCA62,1,2008-05-29,Hardwood,2
George Washington Carver,GWCA63,1,2020-06-09,Conifer,0
George Washington Carver,GWCA63,1,2020-06-09,Hardwood,0
George Washington Carver,GWCA63,1,2016-05-18,Total,0
George Washington Carver,GWCA64,1,2020-06-09,Conifer,0
George Washington Carver,GWCA64,1,2020-06-09,Hardwood,0
George Washington Carver,GWCA64,1,2016-05-18,Total,0
George Washington Carver,GWCA65,1,2020-06-08,Conifer,0
George Washington Carver,GWCA65,1,2020-06-08,Hardwood,0
George Washington Carver,GWCA65,1,2016-05-18,Total,0
George Washington Carver,GWCA66,1,2020-06-08,Conifer,0
George Washington Carver,GWCA66,1,2020-06-08,Hardwood,0
George Washington Carver,GWCA66,1,2016-05-18,Total,0
George Washington Carver,GWCA67,1,2012-06-04,Hardwood,10
George Washington Carver,GWCA67,1,2020-06-11,Conifer,0
George Washington Carver,GWCA67,1,2020-06-11,Hardwood,1
George Washington Carver,GWCA67,1,2016-05-18,Hardwood,2
George Washington Carver,GWCA67,1,2016-05-18,Total,2
George Washington Carver,GWCA67,1,2008-05-27,Hardwood,3
George Washington Carver,GWCA68,1,2020-06-08,Conifer,0
George Washington Carver,GWCA68,1,2020-06-08,Hardwood,0
George Washington Carver,GWCA68,1,2016-05-18,Total,0
George Washington Carver,GWCA69,1,2020-06-09,Conifer,0
George Washington Carver,GWCA69,1,2020-06-09,Hardwood,0
George Washington Carver,GWCA69,1,2016-05-18,Total,0
George Washington Carver,GWCA7,1,2020-06-10,Conifer,0
George Washington Carver,GWCA7,1,2020-06-10,Hardwood,0
George Washington Carver,GWCA7,1,2016-05-18,Total,0
George Washington Carver,GWCA70,1,2020-06-08,Conifer,0
George Washington Carver,GWCA70,1,2020-06-08,Hardwood,0
George Washington Carver,GWCA70,1,2016-05-18,Total,0
George Washington Carver,GWCA8,1,2020-06-10,Conifer,0
George Washington Carver,GWCA8,1,2020-06-10,Hardwood,0
George Washington Carver,GWCA8,1,2016-05-18,Total,0
George Washington Carver,GWCA9,1,2020-06-10,Conifer,0
George Washington Carver,GWCA9,1,2020-06-10,Hardwood,0
George Washington Carver,GWCA9,1,2016-05-18,Total,0
Herbert Hoover,HEHO1,1,2017-05-22,Total,0
Herbert Hoover,HEHO10,1,2017-05-22,Total,0
Herbert Hoover,HEHO11,1,2017-05-22,Total,0
Herbert Hoover,HEHO12,1,2017-05-22,Total,0
Herbert Hoover,HEHO13,1,2017-05-22,Total,0
Herbert Hoover,HEHO14,1,2017-05-22,Total,0
Herbert Hoover,HEHO15,1,2017-05-22,Total,0
Herbert Hoover,HEHO15,1,2009-05-27,Hardwood,1
Herbert Hoover,HEHO16,1,2017-05-22,Total,0
Herbert Hoover,HEHO17,1,2017-05-22,Total,0
Herbert Hoover,HEHO18,1,2017-05-22,Total,0
Herbert Hoover,HEHO19,1,2017-05-22,Total,0
Herbert Hoover,HEHO2,1,2017-05-22,Total,0
Herbert Hoover,HEHO20,1,2017-05-22,Total,0
Herbert Hoover,HEHO21,1,2017-05-22,Total,0
Herbert Hoover,HEHO22,1,2017-05-22,Total,0
Herbert Hoover,HEHO23,1,2017-05-22,Total,0
Herbert Hoover,HEHO24,1,2017-05-22,Total,0
Herbert Hoover,HEHO25,1,2017-05-22,Total,0
Herbert Hoover,HEHO26,1,2017-05-22,Total,0
Herbert Hoover,HEHO27,1,2017-05-22,Total,0
Herbert Hoover,HEHO28,1,2017-05-22,Total,0
Herbert Hoover,HEHO29,1,2017-05-23,Conifer,2
Herbert Hoover,HEHO29,1,2017-05-23,Hardwood,3
Herbert Hoover,HEHO29,1,2017-05-23,Total,5
Herbert Hoover,HEHO29,1,2009-05-27,Conifer,1
Herbert Hoover,HEHO29,1,2009-05-27,Hardwood,3
Herbert Hoover,HEHO29,1,2022-05-27,Hardwood,3
Herbert Hoover,HEHO3,1,2017-05-22,Total,0
Herbert Hoover,HEHO30,1,2017-05-23,Hardwood,5
Herbert Hoover,HEHO30,1,2017-05-23,Total,5
Herbert Hoover,HEHO30,1,2009-05-27,Hardwood,5
Herbert Hoover,HEHO30,1,2022-05-27,Hardwood,4
Herbert Hoover,HEHO31,1,2017-05-23,Conifer,5
Herbert Hoover,HEHO31,1,2017-05-23,Hardwood,3
Herbert Hoover,HEHO31,1,2017-05-23,Total,8
Herbert Hoover,HEHO31,1,2009-05-27,Conifer,8
Herbert Hoover,HEHO31,1,2009-05-27,Hardwood,3
Herbert Hoover,HEHO31,1,2022-05-27,Hardwood,9
Herbert Hoover,HEHO31,1,2013-05-28,Conifer,5
Herbert Hoover,HEHO31,1,2013-05-28,Hardwood,2
Herbert Hoover,HEHO32,1,2017-05-23,Hardwood,4
Herbert Hoover,HEHO32,1,2017-05-23,Total,4
Herbert Hoover,HEHO32,1,2009-05-27,Hardwood,4
Herbert Hoover,HEHO32,1,2022-05-27,Hardwood,4
Herbert Hoover,HEHO33,1,2017-05-23,Total,0
Herbert Hoover,HEHO34,1,2017-05-23,Total,0
Herbert Hoover,HEHO35,1,2017-05-23,Hardwood,2
Herbert Hoover,HEHO35,1,2017-05-23,Total,2
Herbert Hoover,HEHO35,1,2009-05-27,Hardwood,3
Herbert Hoover,HEHO35,1,2022-05-27,Hardwood,3
Herbert Hoover,HEHO35,1,2013-05-28,Hardwood,3
Herbert Hoover,HEHO36,1,2017-05-23,Hardwood,6
Herbert Hoover,HEHO36,1,2017-05-23,Total,6
Herbert Hoover,HEHO36,1,2009-05-27,Hardwood,4
Herbert Hoover,HEHO36,1,2022-05-27,Hardwood,4
Herbert Hoover,HEHO37,1,2017-05-23,Conifer,2
Herbert Hoover,HEHO37,1,2017-05-23,Hardwood,1
Herbert Hoover,HEHO37,1,2017-05-23,Total,3
Herbert Hoover,HEHO37,1,2009-05-27,Hardwood,3
Herbert Hoover,HEHO37,1,2022-05-27,Hardwood,2
Herbert Hoover,HEHO38,1,2017-05-22,Hardwood,3
Herbert Hoover,HEHO38,1,2017-05-22,Total,3
Herbert Hoover,HEHO38,1,2009-05-27,Hardwood,3
Herbert Hoover,HEHO38,1,2022-05-27,Hardwood,3
Herbert Hoover,HEHO4,1,2017-05-22,Total,0
Herbert Hoover,HEHO4,2,2005-06-04,Hardwood,1
Herbert Hoover,HEHO4,2,2006-06-04,Hardwood,1
Herbert Hoover,HEHO5,1,2017-05-22,Total,0
Herbert Hoover,HEHO6,1,2017-05-22,Total,0
Herbert Hoover,HEHO7,1,2017-05-22,Total,0
Herbert Hoover,HEHO7,2,2005-06-04,Hardwood,3
Herbert Hoover,HEHO7,2,2006-06-04,Hardwood,2
Herbert Hoover,HEHO7,3,2006-06-04,Hardwood,1
Herbert Hoover,HEHO8,1,2017-05-22,Total,0
Herbert Hoover,HEHO9,1,2017-05-22,Total,0
Homestead,HOME1,1,2017-05-27,Total,0
Homestead,HOME10,1,2017-05-27,Total,0
Homestead,HOME11,1,2017-05-27,Total,0
Homestead,HOME12,1,2017-05-27,Total,0
Homestead,HOME13,1,2017-05-27,Total,0
Homestead,HOME14,1,2017-05-27,Total,0
Homestead,HOME15,1,2017-05-27,Total,0
Homestead,HOME16,1,2017-05-27,Total,0
Homestead,HOME17,1,2017-05-27,Total,0
Homestead,HOME18,1,2017-05-27,Total,0
Homestead,HOME19,1,2017-05-27,Total,0
Homestead,HOME2,1,2017-05-27,Total,0
Homestead,HOME20,1,2009-05-12,Hardwood,1
Homestead,HOME20,1,2022-05-22,Hardwood,1
Homestead,HOME20,1,2017-05-28,Total,0
Homestead,HOME21,1,2017-05-27,Total,0
Homestead,HOME22,1,2017-05-27,Total,0
Homestead,HOME23,1,2017-05-28,Total,0
Homestead,HOME24,1,2017-05-27,Total,0
Homestead,HOME25,1,2017-05-27,Total,0
Homestead,HOME26,1,2017-05-27,Total,0
Homestead,HOME27,1,2009-05-12,Hardwood,1
Homestead,HOME27,1,2022-05-22,Hardwood,1
Homestead,HOME27,1,2017-05-28,Hardwood,1
Homestead,HOME27,1,2017-05-28,Total,1
Homestead,HOME28,1,2017-05-27,Total,0
Homestead,HOME29,1,2017-05-27,Total,0
Homestead,HOME3,1,2017-05-27,Total,0
Homestead,HOME30,1,2017-05-27,Total,0
Homestead,HOME31,1,2009-05-12,Hardwood,10
Homestead,HOME31,1,2022-05-22,Hardwood,16
Homestead,HOME31,1,2017-05-27,Hardwood,12
Homestead,HOME31,1,2017-05-27,Total,12
Homestead,HOME32,1,2009-05-13,Hardwood,10
Homestead,HOME32,1,2022-05-21,Hardwood,13
Homestead,HOME32,1,2017-05-28,Hardwood,11
Homestead,HOME32,1,2017-05-28,Total,11
Homestead,HOME33,1,2009-05-13,Hardwood,8
Homestead,HOME33,1,2022-05-21,Hardwood,10
Homestead,HOME33,1,2017-05-27,Hardwood,18
Homestead,HOME33,1,2017-05-27,Total,18
Homestead,HOME35,1,2009-05-13,Hardwood,9
Homestead,HOME35,1,2022-05-22,Hardwood,9
Homestead,HOME35,1,2017-05-27,Hardwood,10
Homestead,HOME35,1,2017-05-27,Total,10
Homestead,HOME36,1,2009-05-12,Hardwood,10
Homestead,HOME36,1,2022-05-22,Hardwood,12
Homestead,HOME36,1,2017-05-27,Hardwood,11
Homestead,HOME36,1,2017-05-27,Total,11
Homestead,HOME37,1,2009-05-12,Hardwood,11
Homestead,HOME37,1,2013-05-14,Hardwood,11
Homestead,HOME37,1,2022-05-22,Hardwood,17
Homestead,HOME37,1,2017-05-27,Hardwood,10
Homestead,HOME37,1,2017-05-27,Total,10
Homestead,HOME38,1,2009-05-13,Hardwood,2
Homestead,HOME38,1,2022-05-21,Hardwood,5
Homestead,HOME38,1,2017-05-27,Hardwood,5
Homestead,HOME38,1,2017-05-27,Total,5
Homestead,HOME39,1,2009-05-12,Hardwood,7
Homestead,HOME39,1,2013-05-14,Hardwood,8
Homestead,HOME39,1,2022-05-22,Hardwood,4
Homestead,HOME39,1,2017-05-27,Hardwood,7
Homestead,HOME39,1,2017-05-27,Total,7
Homestead,HOME4,1,2009-05-13,Hardwood,4
Homestead,HOME4,1,2022-05-21,Conifer,1
Homestead,HOME4,1,2022-05-21,Hardwood,3
Homestead,HOME4,1,2017-05-27,Conifer,1
Homestead,HOME4,1,2017-05-27,Hardwood,3
Homestead,HOME4,1,2017-05-27,Total,4
Homestead,HOME40,1,2009-05-13,Hardwood,9
Homestead,HOME40,1,2022-05-22,Hardwood,13
Homestead,HOME40,1,2017-05-27,Hardwood,12
Homestead,HOME40,1,2017-05-27,Total,12
Homestead,HOME43,1,2009-05-13,Hardwood,10
Homestead,HOME43,1,2022-05-22,Hardwood,13
Homestead,HOME43,1,2017-05-27,Hardwood,13
Homestead,HOME43,1,2017-05-27,Total,13
Homestead,HOME44,1,2009-05-13,Hardwood,14
Homestead,HOME44,1,2022-05-22,Hardwood,12
Homestead,HOME44,1,2017-05-27,Hardwood,14
Homestead,HOME44,1,2017-05-27,Total,14
Homestead,HOME45,1,2009-05-13,Hardwood,7
Homestead,HOME45,1,2022-05-22,Hardwood,11
Homestead,HOME45,1,2017-05-27,Hardwood,13
Homestead,HOME45,1,2017-05-27,Total,13
Homestead,HOME46,1,2009-05-12,Hardwood,10
Homestead,HOME46,1,2022-05-22,Hardwood,9
Homestead,HOME46,1,2017-05-27,Hardwood,16
Homestead,HOME46,1,2017-05-27,Total,16
Homestead,HOME47,1,2009-05-13,Hardwood,9
Homestead,HOME47,1,2013-05-14,Hardwood,7
Homestead,HOME47,1,2022-05-22,Hardwood,16
Homestead,HOME47,1,2017-05-27,Hardwood,11
Homestead,HOME47,1,2017-05-27,Total,11
Homestead,HOME48,1,2009-05-12,Hardwood,1
Homestead,HOME5,1,2017-05-27,Total,0
Homestead,HOME6,1,2017-05-27,Total,0
Homestead,HOME7,1,2017-05-27,Total,0
Homestead,HOME8,1,2017-05-27,Total,0
Homestead,HOME9,1,2009-05-12,Hardwood,2
Homestead,HOME9,1,2022-05-21,Hardwood,3
Homestead,HOME9,1,2017-05-27,Hardwood,2
Homestead,HOME9,1,2017-05-27,Total,2
Hopewell Culture,HOCU1,1,2005-06-02,Hardwood,9
Hopewell Culture,HOCU1,1,2015-05-12,Hardwood,2
Hopewell Culture,HOCU1,1,2019-05-14,Hardwood,3
Hopewell Culture,HOCU1,1,2011-05-22,Hardwood,2
Hopewell Culture,HOCU1,1,2006-05-31,Hardwood,4
Hopewell Culture,HOCU1,2,2005-06-02,Hardwood,3
Hopewell Culture,HOCU1,2,2006-05-31,Hardwood,6
Hopewell Culture,HOCU1,4,2005-06-02,Hardwood,19
Hopewell Culture,HOCU1,4,2006-05-31,Hardwood,3
Hopewell Culture,HOCU11,1,2005-06-03,Hardwood,4
Hopewell Culture,HOCU11,1,2007-06-12,Hardwood,3
Hopewell Culture,HOCU11,1,2015-05-12,Hardwood,5
Hopewell Culture,HOCU11,1,2019-05-15,Hardwood,9
Hopewell Culture,HOCU11,1,2011-05-22,Hardwood,8
Hopewell Culture,HOCU11,1,2006-05-31,Hardwood,3
Hopewell Culture,HOCU11,2,2005-06-03,Hardwood,3
Hopewell Culture,HOCU11,2,2006-05-31,Hardwood,6
Hopewell Culture,HOCU11,3,2005-06-03,Hardwood,9
Hopewell Culture,HOCU11,3,2006-05-31,Hardwood,4
Hopewell Culture,HOCU11,4,2005-06-03,Hardwood,7
Hopewell Culture,HOCU11,4,2006-05-31,Hardwood,8
Hopewell Culture,HOCU12,1,2011-05-23,Hardwood,1
Hopewell Culture,HOCU13,1,2007-06-13,Hardwood,1
Hopewell Culture,HOCU13,1,2015-05-13,Hardwood,1
Hopewell Culture,HOCU13,1,2019-05-14,Hardwood,6
Hopewell Culture,HOCU13,1,2011-05-23,Hardwood,4
Hopewell Culture,HOCU13,3,2005-06-01,Hardwood,4
Hopewell Culture,HOCU15,2,2005-06-01,Hardwood,2
Hopewell Culture,HOCU15,2,2006-06-01,Hardwood,1
Hopewell Culture,HOCU17,2,2006-06-01,Hardwood,1
Hopewell Culture,HOCU18,1,2005-06-01,Hardwood,2
Hopewell Culture,HOCU18,1,2006-06-01,Hardwood,3
Hopewell Culture,HOCU18,1,2019-05-14,Hardwood,1
Hopewell Culture,HOCU18,1,2011-05-23,Hardwood,2
Hopewell Culture,HOCU18,2,2006-06-01,Hardwood,2
Hopewell Culture,HOCU18,3,2005-06-01,Hardwood,10
Hopewell Culture,HOCU18,3,2006-06-01,Hardwood,5
Hopewell Culture,HOCU2,1,2005-06-01,Hardwood,4
Hopewell Culture,HOCU2,1,2007-06-12,Hardwood,5
Hopewell Culture,HOCU2,1,2015-05-12,Hardwood,5
Hopewell Culture,HOCU2,1,2019-05-14,Hardwood,10
Hopewell Culture,HOCU2,1,2011-05-22,Hardwood,10
Hopewell Culture,HOCU2,1,2006-05-31,Hardwood,8
Hopewell Culture,HOCU2,2,2005-06-01,Hardwood,5
Hopewell Culture,HOCU2,2,2006-05-31,Hardwood,3
Hopewell Culture,HOCU2,3,2005-06-01,Hardwood,9
Hopewell Culture,HOCU2,3,2006-05-31,Hardwood,4
Hopewell Culture,HOCU2,4,2005-06-01,Hardwood,9
Hopewell Culture,HOCU2,4,2006-05-31,Hardwood,6
Hopewell Culture,HOCU20,4,2005-06-02,Hardwood,2
Hopewell Culture,HOCU21,1,2005-06-02,Hardwood,17
Hopewell Culture,HOCU21,1,2006-06-02,Hardwood,18
Hopewell Culture,HOCU21,1,2007-06-12,Hardwood,10
Hopewell Culture,HOCU21,1,2015-05-14,Hardwood,12
Hopewell Culture,HOCU21,1,2019-05-15,Hardwood,17
Hopewell Culture,HOCU21,2,2005-06-02,Hardwood,11
Hopewell Culture,HOCU21,2,2006-06-02,Hardwood,7
Hopewell Culture,HOCU21,3,2005-06-02,Hardwood,18
Hopewell Culture,HOCU21,3,2006-06-02,Hardwood,16
Hopewell Culture,HOCU21,4,2005-06-02,Hardwood,23
Hopewell Culture,HOCU21,4,2006-06-02,Hardwood,15
Hopewell Culture,HOCU26,1,2019-05-16,Hardwood,1
Hopewell Culture,HOCU26,1,2011-05-23,Hardwood,1
Hopewell Culture,HOCU26,2,2006-06-01,Hardwood,3
Hopewell Culture,HOCU26,2,2005-06-03,Hardwood,4
Hopewell Culture,HOCU26,3,2006-06-01,Hardwood,1
Hopewell Culture,HOCU3,4,2005-06-02,Hardwood,12
Hopewell Culture,HOCU3,4,2006-05-31,Hardwood,3
Hopewell Culture,HOCU4,1,2005-06-02,Hardwood,17
Hopewell Culture,HOCU4,1,2007-06-12,Hardwood,8
Hopewell Culture,HOCU4,1,2015-05-12,Hardwood,13
Hopewell Culture,HOCU4,1,2019-05-14,Hardwood,17
Hopewell Culture,HOCU4,1,2011-05-22,Hardwood,22
Hopewell Culture,HOCU4,1,2006-05-31,Hardwood,15
Hopewell Culture,HOCU4,3,2005-06-02,Hardwood,5
Hopewell Culture,HOCU4,3,2006-05-31,Hardwood,5
Hopewell Culture,HOCU4,4,2005-06-02,Hardwood,18
Hopewell Culture,HOCU4,4,2006-05-31,Hardwood,11
Hopewell Culture,HOCU8,4,2005-06-02,Hardwood,1
Hopewell Culture,HOCU8,4,2006-06-02,Hardwood,2
Lincoln Boyhood,LIBO1,1,2007-06-10,Hardwood,10
Lincoln Boyhood,LIBO1,1,2015-05-15,Hardwood,8
Lincoln Boyhood,LIBO1,1,2019-05-18,Hardwood,11
Lincoln Boyhood,LIBO1,1,2011-05-20,Hardwood,21
Lincoln Boyhood,LIBO10,1,2007-06-09,Hardwood,4
Lincoln Boyhood,LIBO10,1,2015-05-15,Hardwood,2
Lincoln Boyhood,LIBO10,1,2019-05-18,Hardwood,15
Lincoln Boyhood,LIBO10,1,2011-05-20,Hardwood,9
Lincoln Boyhood,LIBO13,1,2007-06-09,Hardwood,9
Lincoln Boyhood,LIBO13,1,2015-05-15,Hardwood,10
Lincoln Boyhood,LIBO13,1,2019-05-18,Hardwood,8
Lincoln Boyhood,LIBO13,1,2011-05-20,Hardwood,7
Lincoln Boyhood,LIBO14,1,2007-06-09,Hardwood,6
Lincoln Boyhood,LIBO14,1,2015-05-15,Hardwood,8
Lincoln Boyhood,LIBO14,1,2019-05-18,Hardwood,9
Lincoln Boyhood,LIBO14,1,2011-05-20,Hardwood,4
Lincoln Boyhood,LIBO16,1,2007-06-10,Hardwood,8
Lincoln Boyhood,LIBO16,1,2015-05-15,Hardwood,7
Lincoln Boyhood,LIBO16,1,2019-05-18,Hardwood,12
Lincoln Boyhood,LIBO16,1,2011-05-20,Conifer,1
Lincoln Boyhood,LIBO16,1,2011-05-20,Hardwood,10
Lincoln Boyhood,LIBO17,1,2007-06-09,Conifer,1
Lincoln Boyhood,LIBO17,1,2007-06-09,Hardwood,12
Lincoln Boyhood,LIBO17,1,2015-05-16,Conifer,1
Lincoln Boyhood,LIBO17,1,2015-05-16,Hardwood,5
Lincoln Boyhood,LIBO17,1,2019-05-17,Hardwood,14
Lincoln Boyhood,LIBO17,1,2011-05-20,Hardwood,13
Lincoln Boyhood,LIBO19,1,2007-06-10,Hardwood,8
Lincoln Boyhood,LIBO19,1,2015-05-15,Hardwood,5
Lincoln Boyhood,LIBO19,1,2019-05-17,Hardwood,10
Lincoln Boyhood,LIBO19,1,2011-05-20,Hardwood,15
Lincoln Boyhood,LIBO2,1,2007-06-09,Hardwood,6
Lincoln Boyhood,LIBO2,1,2015-05-15,Hardwood,10
Lincoln Boyhood,LIBO2,1,2019-05-18,Hardwood,14
Lincoln Boyhood,LIBO2,1,2011-05-20,Hardwood,13
Lincoln Boyhood,LIBO20,1,2007-06-10,Hardwood,9
Lincoln Boyhood,LIBO20,1,2015-05-16,Hardwood,3
Lincoln Boyhood,LIBO20,1,2019-05-17,Hardwood,8
Lincoln Boyhood,LIBO20,1,2011-05-20,Hardwood,4
Lincoln Boyhood,LIBO22,1,2007-06-10,Hardwood,8
Lincoln Boyhood,LIBO22,1,2015-05-15,Hardwood,6
Lincoln Boyhood,LIBO22,1,2019-05-17,Hardwood,11
Lincoln Boyhood,LIBO22,1,2011-05-20,Hardwood,13
Lincoln Boyhood,LIBO23,1,2007-06-10,Hardwood,10
Lincoln Boyhood,LIBO23,1,2015-05-16,Hardwood,3
Lincoln Boyhood,LIBO23,1,2019-05-17,Hardwood,6
Lincoln Boyhood,LIBO23,1,2011-05-20,Hardwood,5
Lincoln Boyhood,LIBO24,1,2007-06-09,Hardwood,10
Lincoln Boyhood,LIBO24,1,2015-05-16,Hardwood,4
Lincoln Boyhood,LIBO24,1,2019-05-17,Hardwood,8
Lincoln Boyhood,LIBO24,1,2011-05-20,Hardwood,9
Lincoln Boyhood,LIBO26,1,2007-06-10,Hardwood,7
Lincoln Boyhood,LIBO26,1,2015-05-15,Hardwood,2
Lincoln Boyhood,LIBO26,1,2019-05-17,Hardwood,13
Lincoln Boyhood,LIBO26,1,2011-05-21,Conifer,1
Lincoln Boyhood,LIBO26,1,2011-05-21,Hardwood,2
Lincoln Boyhood,LIBO27,1,2007-06-10,Hardwood,12
Lincoln Boyhood,LIBO27,1,2015-05-15,Hardwood,9
Lincoln Boyhood,LIBO27,1,2019-05-17,Hardwood,18
Lincoln Boyhood,LIBO27,1,2011-05-21,Hardwood,20
Lincoln Boyhood,LIBO28,1,2007-06-10,Hardwood,7
Lincoln Boyhood,LIBO28,1,2015-05-16,Hardwood,4
Lincoln Boyhood,LIBO28,1,2019-05-17,Hardwood,10
Lincoln Boyhood,LIBO28,1,2011-05-20,Hardwood,12
Lincoln Boyhood,LIBO29,1,2007-06-10,Conifer,2
Lincoln Boyhood,LIBO29,1,2007-06-10,Hardwood,12
Lincoln Boyhood,LIBO29,1,2015-05-15,Hardwood,4
Lincoln Boyhood,LIBO29,1,2019-05-17,Conifer,1
Lincoln Boyhood,LIBO29,1,2019-05-17,Hardwood,11
Lincoln Boyhood,LIBO29,1,2011-05-21,Conifer,4
Lincoln Boyhood,LIBO29,1,2011-05-21,Hardwood,12
Lincoln Boyhood,LIBO3,1,2007-06-09,Hardwood,7
Lincoln Boyhood,LIBO3,1,2015-05-15,Hardwood,6
Lincoln Boyhood,LIBO3,1,2019-05-18,Hardwood,13
Lincoln Boyhood,LIBO3,1,2011-05-20,Hardwood,19
Lincoln Boyhood,LIBO30,1,2007-06-10,Hardwood,5
Lincoln Boyhood,LIBO30,1,2015-05-15,Hardwood,7
Lincoln Boyhood,LIBO30,1,2019-05-17,Hardwood,10
Lincoln Boyhood,LIBO30,1,2011-05-21,Hardwood,12
Lincoln Boyhood,LIBO31,1,2007-06-10,Conifer,1
Lincoln Boyhood,LIBO31,1,2007-06-10,Hardwood,10
Lincoln Boyhood,LIBO31,1,2015-05-16,Hardwood,7
Lincoln Boyhood,LIBO31,1,2019-05-17,Conifer,1
Lincoln Boyhood,LIBO31,1,2019-05-17,Hardwood,7
Lincoln Boyhood,LIBO31,1,2011-05-20,Hardwood,6
Lincoln Boyhood,LIBO32,1,2007-06-09,Hardwood,4
Lincoln Boyhood,LIBO32,1,2015-05-15,Conifer,1
Lincoln Boyhood,LIBO32,1,2015-05-15,Hardwood,3
Lincoln Boyhood,LIBO32,1,2019-05-17,Hardwood,5
Lincoln Boyhood,LIBO32,1,2011-05-21,Conifer,1
Lincoln Boyhood,LIBO32,1,2011-05-21,Hardwood,2
Lincoln Boyhood,LIBO33,1,2007-06-10,Hardwood,6
Lincoln Boyhood,LIBO33,1,2015-05-15,Hardwood,6
Lincoln Boyhood,LIBO33,1,2019-05-17,Hardwood,12
Lincoln Boyhood,LIBO33,1,2011-05-21,Hardwood,11
Lincoln Boyhood,LIBO34,1,2007-06-10,Hardwood,11
Lincoln Boyhood,LIBO34,1,2015-05-16,Hardwood,8
Lincoln Boyhood,LIBO34,1,2019-05-18,Hardwood,9
Lincoln Boyhood,LIBO34,1,2011-05-21,Hardwood,13
Lincoln Boyhood,LIBO35,1,2007-06-10,Hardwood,8
Lincoln Boyhood,LIBO35,1,2015-05-16,Hardwood,5
Lincoln Boyhood,LIBO35,1,2019-05-17,Hardwood,6
Lincoln Boyhood,LIBO35,1,2011-05-20,Hardwood,8
Lincoln Boyhood,LIBO36,1,2007-06-10,Hardwood,8
Lincoln Boyhood,LIBO36,1,2015-05-15,Conifer,1
Lincoln Boyhood,LIBO36,1,2015-05-15,Hardwood,4
Lincoln Boyhood,LIBO36,1,2019-05-17,Conifer,1
Lincoln Boyhood,LIBO36,1,2019-05-17,Hardwood,13
Lincoln Boyhood,LIBO36,1,2011-05-21,Conifer,1
Lincoln Boyhood,LIBO36,1,2011-05-21,Hardwood,12
Lincoln Boyhood,LIBO37,1,2007-06-10,Hardwood,2
Lincoln Boyhood,LIBO37,1,2015-05-15,Hardwood,5
Lincoln Boyhood,LIBO37,1,2019-05-17,Hardwood,11
Lincoln Boyhood,LIBO37,1,2011-05-21,Hardwood,5
Lincoln Boyhood,LIBO38,1,2007-06-09,Hardwood,14
Lincoln Boyhood,LIBO38,1,2015-05-16,Hardwood,8
Lincoln Boyhood,LIBO38,1,2019-05-18,Hardwood,14
Lincoln Boyhood,LIBO38,1,2011-05-21,Hardwood,21
Lincoln Boyhood,LIBO39,1,2007-06-10,Hardwood,10
Lincoln Boyhood,LIBO39,1,2015-05-16,Hardwood,5
Lincoln Boyhood,LIBO39,1,2019-05-17,Hardwood,8
Lincoln Boyhood,LIBO39,1,2011-05-20,Hardwood,5
Lincoln Boyhood,LIBO4,1,2007-06-09,Hardwood,8
Lincoln Boyhood,LIBO4,1,2015-05-15,Hardwood,9
Lincoln Boyhood,LIBO4,1,2019-05-18,Hardwood,13
Lincoln Boyhood,LIBO4,1,2011-05-20,Hardwood,23
Lincoln Boyhood,LIBO40,1,2007-06-09,Hardwood,6
Lincoln Boyhood,LIBO40,1,2015-05-16,Hardwood,10
Lincoln Boyhood,LIBO40,1,2019-05-17,Hardwood,10
Lincoln Boyhood,LIBO40,1,2011-05-21,Hardwood,13
Lincoln Boyhood,LIBO41,1,2007-06-10,Hardwood,6
Lincoln Boyhood,LIBO41,1,2015-05-16,Hardwood,6
Lincoln Boyhood,LIBO41,1,2019-05-17,Hardwood,9
Lincoln Boyhood,LIBO41,1,2011-05-20,Hardwood,6
Lincoln Boyhood,LIBO5,1,2007-06-09,Hardwood,4
Lincoln Boyhood,LIBO5,1,2015-05-15,Hardwood,4
Lincoln Boyhood,LIBO5,1,2019-05-18,Hardwood,8
Lincoln Boyhood,LIBO5,1,2011-05-20,Hardwood,12
Lincoln Boyhood,LIBO6,1,2007-06-09,Hardwood,6
Lincoln Boyhood,LIBO6,1,2015-05-15,Hardwood,4
Lincoln Boyhood,LIBO6,1,2019-05-18,Hardwood,11
Lincoln Boyhood,LIBO6,1,2011-05-20,Hardwood,12
Lincoln Boyhood,LIBO7,1,2007-06-09,Hardwood,6
Lincoln Boyhood,LIBO7,1,2015-05-15,Hardwood,5
Lincoln Boyhood,LIBO7,1,2019-05-18,Hardwood,5
Lincoln Boyhood,LIBO7,1,2011-05-20,Hardwood,9
Lincoln Boyhood,LIBO8,1,2007-06-09,Conifer,1
Lincoln Boyhood,LIBO8,1,2007-06-09,Hardwood,6
Lincoln Boyhood,LIBO8,1,2015-05-15,Hardwood,3
Lincoln Boyhood,LIBO8,1,2019-05-18,Hardwood,12
Lincoln Boyhood,LIBO8,1,2011-05-20,Conifer,2
Lincoln Boyhood,LIBO8,1,2011-05-20,Hardwood,9
Lincoln Boyhood,LIBO9,1,2007-06-09,Hardwood,7
Lincoln Boyhood,LIBO9,1,2015-05-15,Hardwood,5
Lincoln Boyhood,LIBO9,1,2019-05-18,Hardwood,9
Lincoln Boyhood,LIBO9,1,2011-05-20,Hardwood,12
Pea Ridge,PERI1,1,2008-05-14,Conifer,1
Pea Ridge,PERI1,1,2008-05-14,Hardwood,5
Pea Ridge,PERI1,1,2012-05-21,Hardwood,5
Pea Ridge,PERI1,1,2016-05-21,Hardwood,4
Pea Ridge,PERI1,1,2016-05-21,Total,4
Pea Ridge,PERI10,1,2021-05-17,Hardwood,12
Pea Ridge,PERI10,1,2008-05-18,Hardwood,8
Pea Ridge,PERI10,1,2012-05-23,Hardwood,9
Pea Ridge,PERI11,1,2008-05-18,Hardwood,11
Pea Ridge,PERI11,1,2021-05-22,Hardwood,10
Pea Ridge,PERI11,1,2012-05-23,Hardwood,10
Pea Ridge,PERI11,1,2016-05-25,Hardwood,5
Pea Ridge,PERI11,1,2016-05-25,Total,5
Pea Ridge,PERI12,1,2008-05-17,Hardwood,14
Pea Ridge,PERI12,1,2021-05-20,Hardwood,11
Pea Ridge,PERI12,1,2012-05-22,Hardwood,7
Pea Ridge,PERI12,1,2016-05-24,Total,12
Pea Ridge,PERI13,1,2008-05-17,Hardwood,4
Pea Ridge,PERI13,1,2021-05-20,Hardwood,5
Pea Ridge,PERI13,1,2012-05-22,Hardwood,8
Pea Ridge,PERI13,1,2016-05-24,Hardwood,10
Pea Ridge,PERI13,1,2016-05-24,Total,10
Pea Ridge,PERI14,1,2012-05-21,Conifer,1
Pea Ridge,PERI14,1,2016-05-23,Total,0
Pea Ridge,PERI15,1,2008-05-14,Hardwood,12
Pea Ridge,PERI15,1,2021-05-17,Hardwood,12
Pea Ridge,PERI15,1,2012-05-18,Hardwood,5
Pea Ridge,PERI15,1,2016-05-21,Hardwood,8
Pea Ridge,PERI15,1,2016-05-21,Total,8
Pea Ridge,PERI16,1,2008-05-14,Hardwood,9
Pea Ridge,PERI16,1,2016-05-17,Hardwood,9
Pea Ridge,PERI16,1,2016-05-17,Total,9
Pea Ridge,PERI16,1,2012-05-18,Hardwood,7
Pea Ridge,PERI16,1,2021-05-19,Hardwood,7
Pea Ridge,PERI17,1,2008-05-14,Conifer,3
Pea Ridge,PERI17,1,2016-05-17,Conifer,4
Pea Ridge,PERI17,1,2016-05-17,Hardwood,2
Pea Ridge,PERI17,1,2016-05-17,Total,6
Pea Ridge,PERI17,1,2021-05-17,Hardwood,3
Pea Ridge,PERI17,1,2012-05-23,Conifer,3
Pea Ridge,PERI18,1,2016-05-17,Hardwood,8
Pea Ridge,PERI18,1,2016-05-17,Total,8
Pea Ridge,PERI18,1,2021-05-17,Hardwood,7
Pea Ridge,PERI18,1,2008-05-18,Hardwood,12
Pea Ridge,PERI18,1,2012-05-23,Hardwood,8
Pea Ridge,PERI19,1,2016-05-17,Hardwood,9
Pea Ridge,PERI19,1,2016-05-17,Total,9
Pea Ridge,PERI19,1,2008-05-18,Hardwood,10
Pea Ridge,PERI19,1,2021-05-22,Hardwood,8
Pea Ridge,PERI19,1,2012-05-23,Hardwood,11
Pea Ridge,PERI2,1,2008-05-14,Hardwood,9
Pea Ridge,PERI2,1,2016-05-17,Hardwood,10
Pea Ridge,PERI2,1,2016-05-17,Total,10
Pea Ridge,PERI2,1,2021-05-17,Hardwood,13
Pea Ridge,PERI2,1,2012-05-18,Hardwood,8
Pea Ridge,PERI20,1,2008-05-17,Hardwood,7
Pea Ridge,PERI20,1,2021-05-20,Hardwood,6
Pea Ridge,PERI20,1,2012-05-22,Hardwood,4
Pea Ridge,PERI20,1,2016-05-24,Hardwood,9
Pea Ridge,PERI20,1,2016-05-24,Total,9
Pea Ridge,PERI22,1,2008-05-14,Hardwood,4
Pea Ridge,PERI22,1,2021-05-17,Hardwood,18
Pea Ridge,PERI22,1,2012-05-18,Hardwood,10
Pea Ridge,PERI22,1,2016-05-21,Hardwood,16
Pea Ridge,PERI22,1,2016-05-21,Total,16
Pea Ridge,PERI23,1,2008-05-14,Conifer,6
Pea Ridge,PERI23,1,2008-05-14,Hardwood,6
Pea Ridge,PERI23,1,2016-05-17,Conifer,7
Pea Ridge,PERI23,1,2016-05-17,Hardwood,5
Pea Ridge,PERI23,1,2016-05-17,Total,12
Pea Ridge,PERI23,1,2012-05-18,Conifer,5
Pea Ridge,PERI23,1,2012-05-18,Hardwood,6
Pea Ridge,PERI23,1,2021-05-19,Hardwood,6
Pea Ridge,PERI24,1,2016-05-17,Hardwood,9
Pea Ridge,PERI24,1,2016-05-17,Total,9
Pea Ridge,PERI24,1,2008-05-18,Hardwood,8
Pea Ridge,PERI24,1,2021-05-19,Hardwood,12
Pea Ridge,PERI24,1,2012-05-23,Hardwood,10
Pea Ridge,PERI25,1,2016-05-17,Hardwood,10
Pea Ridge,PERI25,1,2016-05-17,Total,10
Pea Ridge,PERI25,1,2008-05-18,Hardwood,8
Pea Ridge,PERI25,1,2021-05-19,Hardwood,13
Pea Ridge,PERI25,1,2012-05-23,Hardwood,11
Pea Ridge,PERI26,1,2008-05-17,Hardwood,11
Pea Ridge,PERI26,1,2012-05-22,Conifer,1
Pea Ridge,PERI26,1,2012-05-22,Hardwood,9
Pea Ridge,PERI26,1,2021-05-22,Hardwood,10
Pea Ridge,PERI26,1,2016-05-25,Hardwood,13
Pea Ridge,PERI26,1,2016-05-25,Total,13
Pea Ridge,PERI27,1,2008-05-17,Conifer,1
Pea Ridge,PERI27,1,2008-05-17,Hardwood,3
Pea Ridge,PERI27,1,2021-05-18,Conifer,1
Pea Ridge,PERI27,1,2021-05-18,Hardwood,6
Pea Ridge,PERI27,1,2012-05-22,Conifer,2
Pea Ridge,PERI27,1,2012-05-22,Hardwood,11
Pea Ridge,PERI27,1,2016-05-24,Conifer,2
Pea Ridge,PERI27,1,2016-05-24,Hardwood,4
Pea Ridge,PERI27,1,2016-05-24,Total,6
Pea Ridge,PERI28,1,2008-05-17,Hardwood,9
Pea Ridge,PERI28,1,2012-05-22,Hardwood,8
Pea Ridge,PERI28,1,2016-05-24,Hardwood,3
Pea Ridge,PERI28,1,2016-05-24,Total,3
Pea Ridge,PERI28,1,2021-05-24,Hardwood,9
Pea Ridge,PERI29,1,2012-05-14,Hardwood,9
Pea Ridge,PERI29,1,2008-05-17,Hardwood,8
Pea Ridge,PERI29,1,2021-05-20,Hardwood,7
Pea Ridge,PERI29,1,2016-05-24,Hardwood,5
Pea Ridge,PERI29,1,2016-05-24,Total,5
Pea Ridge,PERI3,1,2008-05-14,Hardwood,13
Pea Ridge,PERI3,1,2016-05-17,Hardwood,10
Pea Ridge,PERI3,1,2016-05-17,Total,10
Pea Ridge,PERI3,1,2021-05-17,Hardwood,11
Pea Ridge,PERI3,1,2012-05-23,Hardwood,13
Pea Ridge,PERI30,1,2016-05-21,Total,0
Pea Ridge,PERI31,1,2008-05-14,Hardwood,1
Pea Ridge,PERI31,1,2012-05-18,Hardwood,3
Pea Ridge,PERI31,1,2021-05-20,Hardwood,13
Pea Ridge,PERI32,1,2008-05-14,Hardwood,6
Pea Ridge,PERI32,1,2021-05-17,Hardwood,11
Pea Ridge,PERI32,1,2012-05-18,Hardwood,8
Pea Ridge,PERI32,1,2016-05-21,Hardwood,9
Pea Ridge,PERI32,1,2016-05-21,Total,9
Pea Ridge,PERI33,1,2008-05-15,Hardwood,13
Pea Ridge,PERI33,1,2016-05-17,Hardwood,13
Pea Ridge,PERI33,1,2016-05-17,Total,13
Pea Ridge,PERI33,1,2012-05-18,Hardwood,8
Pea Ridge,PERI33,1,2021-05-19,Hardwood,14
Pea Ridge,PERI34,1,2016-05-17,Conifer,8
Pea Ridge,PERI34,1,2016-05-17,Hardwood,12
Pea Ridge,PERI34,1,2016-05-17,Total,20
Pea Ridge,PERI34,1,2008-05-18,Conifer,3
Pea Ridge,PERI34,1,2008-05-18,Hardwood,7
Pea Ridge,PERI34,1,2012-05-23,Conifer,4
Pea Ridge,PERI34,1,2012-05-23,Hardwood,3
Pea Ridge,PERI34,1,2021-05-24,Hardwood,7
Pea Ridge,PERI35,1,2008-05-16,Hardwood,9
Pea Ridge,PERI35,1,2016-05-17,Conifer,1
Pea Ridge,PERI35,1,2016-05-17,Hardwood,9
Pea Ridge,PERI35,1,2016-05-17,Total,10
Pea Ridge,PERI35,1,2021-05-20,Hardwood,5
Pea Ridge,PERI35,1,2012-05-22,Hardwood,7
Pea Ridge,PERI36,1,2008-05-17,Hardwood,10
Pea Ridge,PERI36,1,2021-05-18,Hardwood,12
Pea Ridge,PERI36,1,2012-05-22,Hardwood,5
Pea Ridge,PERI36,1,2016-05-24,Hardwood,7
Pea Ridge,PERI36,1,2016-05-24,Total,7
Pea Ridge,PERI37,1,2008-05-17,Hardwood,6
Pea Ridge,PERI37,1,2021-05-18,Hardwood,7
Pea Ridge,PERI37,1,2012-05-22,Hardwood,3
Pea Ridge,PERI37,1,2016-05-24,Hardwood,2
Pea Ridge,PERI37,1,2016-05-24,Total,2
Pea Ridge,PERI38,1,2008-05-17,Hardwood,8
Pea Ridge,PERI38,1,2012-05-17,Hardwood,5
Pea Ridge,PERI38,1,2016-05-24,Hardwood,5
Pea Ridge,PERI38,1,2016-05-24,Total,5
Pea Ridge,PERI38,1,2021-05-24,Hardwood,5
Pea Ridge,PERI39,1,2008-05-17,Hardwood,8
Pea Ridge,PERI39,1,2012-05-17,Hardwood,7
Pea Ridge,PERI39,1,2021-05-20,Hardwood,7
Pea Ridge,PERI39,1,2016-05-24,Hardwood,10
Pea Ridge,PERI39,1,2016-05-24,Total,10
Pea Ridge,PERI4,1,2016-05-17,Hardwood,8
Pea Ridge,PERI4,1,2016-05-17,Total,8
Pea Ridge,PERI4,1,2021-05-17,Hardwood,4
Pea Ridge,PERI4,1,2008-05-18,Hardwood,7
Pea Ridge,PERI4,1,2012-05-23,Hardwood,9
Pea Ridge,PERI40,1,2016-05-23,Total,0
Pea Ridge,PERI41,1,2008-05-14,Conifer,2
Pea Ridge,PERI41,1,2012-05-18,Conifer,2
Pea Ridge,PERI41,1,2021-05-20,Hardwood,5
Pea Ridge,PERI41,1,2016-05-21,Conifer,1
Pea Ridge,PERI41,1,2016-05-21,Hardwood,3
Pea Ridge,PERI41,1,2016-05-21,Total,4
Pea Ridge,PERI42,1,2008-05-15,Conifer,2
Pea Ridge,PERI42,1,2008-05-15,Hardwood,1
Pea Ridge,PERI42,1,2021-05-17,Conifer,4
Pea Ridge,PERI42,1,2021-05-17,Hardwood,2
Pea Ridge,PERI42,1,2016-05-21,Conifer,4
Pea Ridge,PERI42,1,2016-05-21,Hardwood,1
Pea Ridge,PERI42,1,2016-05-21,Total,5
Pea Ridge,PERI43,1,2008-05-15,Conifer,6
Pea Ridge,PERI43,1,2012-05-15,Conifer,4
Pea Ridge,PERI43,1,2016-05-17,Conifer,8
Pea Ridge,PERI43,1,2016-05-17,Total,8
Pea Ridge,PERI44,1,2008-05-16,Conifer,2
Pea Ridge,PERI44,1,2008-05-16,Hardwood,3
Pea Ridge,PERI44,1,2016-05-17,Conifer,1
Pea Ridge,PERI44,1,2016-05-17,Hardwood,9
Pea Ridge,PERI44,1,2016-05-17,Total,10
Pea Ridge,PERI44,1,2012-05-22,Conifer,1
Pea Ridge,PERI44,1,2012-05-22,Hardwood,2
Pea Ridge,PERI44,1,2021-05-22,Hardwood,9
Pea Ridge,PERI45,1,2008-05-16,Conifer,4
Pea Ridge,PERI45,1,2008-05-16,Hardwood,9
Pea Ridge,PERI45,1,2021-05-18,Conifer,3
Pea Ridge,PERI45,1,2021-05-18,Hardwood,13
Pea Ridge,PERI45,1,2012-05-22,Conifer,2
Pea Ridge,PERI45,1,2012-05-22,Hardwood,8
Pea Ridge,PERI45,1,2016-05-24,Conifer,2
Pea Ridge,PERI45,1,2016-05-24,Hardwood,6
Pea Ridge,PERI45,1,2016-05-24,Total,8
Pea Ridge,PERI46,1,2008-05-17,Hardwood,7
Pea Ridge,PERI46,1,2021-05-18,Hardwood,5
Pea Ridge,PERI46,1,2012-05-22,Hardwood,7
Pea Ridge,PERI46,1,2016-05-24,Hardwood,2
Pea Ridge,PERI46,1,2016-05-24,Total,2
Pea Ridge,PERI47,1,2008-05-17,Hardwood,10
Pea Ridge,PERI47,1,2012-05-17,Hardwood,9
Pea Ridge,PERI47,1,2016-05-24,Hardwood,5
Pea Ridge,PERI47,1,2016-05-24,Total,5
Pea Ridge,PERI47,1,2021-05-24,Hardwood,6
Pea Ridge,PERI48,1,2008-05-17,Hardwood,13
Pea Ridge,PERI48,1,2012-05-17,Hardwood,18
Pea Ridge,PERI48,1,2016-05-24,Hardwood,9
Pea Ridge,PERI48,1,2016-05-24,Total,9
Pea Ridge,PERI48,1,2021-05-24,Hardwood,11
Pea Ridge,PERI49,1,2016-05-23,Total,0
Pea Ridge,PERI5,1,2008-05-14,Conifer,13
Pea Ridge,PERI5,1,2021-05-18,Hardwood,5
Pea Ridge,PERI5,1,2012-05-21,Conifer,8
Pea Ridge,PERI5,1,2016-05-21,Hardwood,7
Pea Ridge,PERI5,1,2016-05-21,Total,7
Pea Ridge,PERI50,1,2016-05-23,Total,0
Pea Ridge,PERI51,1,2008-05-15,Conifer,3
Pea Ridge,PERI51,1,2008-05-15,Hardwood,4
Pea Ridge,PERI51,1,2016-05-16,Conifer,5
Pea Ridge,PERI51,1,2016-05-16,Hardwood,9
Pea Ridge,PERI51,1,2016-05-16,Total,14
Pea Ridge,PERI51,1,2012-05-18,Conifer,6
Pea Ridge,PERI51,1,2012-05-18,Hardwood,7
Pea Ridge,PERI51,1,2016-05-21,Conifer,6
Pea Ridge,PERI51,1,2016-05-21,Hardwood,10
Pea Ridge,PERI51,1,2016-05-21,Total,16
Pea Ridge,PERI51,1,2021-05-22,Hardwood,15
Pea Ridge,PERI52,1,2008-05-15,Hardwood,3
Pea Ridge,PERI52,1,2012-05-15,Hardwood,6
Pea Ridge,PERI52,1,2016-05-16,Hardwood,10
Pea Ridge,PERI52,1,2016-05-16,Total,10
Pea Ridge,PERI52,1,2021-05-22,Hardwood,11
Pea Ridge,PERI53,1,2012-05-15,Conifer,9
Pea Ridge,PERI53,1,2008-05-16,Conifer,13
Pea Ridge,PERI53,1,2016-05-17,Conifer,6
Pea Ridge,PERI53,1,2016-05-17,Total,6
Pea Ridge,PERI53,1,2021-05-22,Hardwood,3
Pea Ridge,PERI54,1,2016-05-23,Total,0
Pea Ridge,PERI55,1,2008-05-16,Conifer,2
Pea Ridge,PERI55,1,2008-05-16,Hardwood,6
Pea Ridge,PERI55,1,2021-05-18,Conifer,4
Pea Ridge,PERI55,1,2021-05-18,Hardwood,7
Pea Ridge,PERI55,1,2012-05-23,Conifer,3
Pea Ridge,PERI55,1,2012-05-23,Hardwood,6
Pea Ridge,PERI55,1,2016-05-24,Conifer,1
Pea Ridge,PERI55,1,2016-05-24,Hardwood,7
Pea Ridge,PERI55,1,2016-05-24,Total,8
Pea Ridge,PERI56,1,2008-05-12,Conifer,1
Pea Ridge,PERI56,1,2008-05-12,Hardwood,7
Pea Ridge,PERI56,1,2012-05-17,Hardwood,10
Pea Ridge,PERI56,1,2021-05-19,Hardwood,10
Pea Ridge,PERI56,1,2016-05-24,Conifer,1
Pea Ridge,PERI56,1,2016-05-24,Hardwood,5
Pea Ridge,PERI56,1,2016-05-24,Total,6
Pea Ridge,PERI57,1,2012-05-17,Hardwood,10
Pea Ridge,PERI57,1,2008-05-18,Hardwood,13
Pea Ridge,PERI57,1,2016-05-24,Hardwood,9
Pea Ridge,PERI57,1,2016-05-24,Total,9
Pea Ridge,PERI57,1,2021-05-24,Hardwood,10
Pea Ridge,PERI58,1,2008-05-17,Hardwood,6
Pea Ridge,PERI58,1,2012-05-17,Hardwood,12
Pea Ridge,PERI58,1,2021-05-20,Hardwood,9
Pea Ridge,PERI58,1,2016-05-24,Hardwood,6
Pea Ridge,PERI58,1,2016-05-24,Total,6
Pea Ridge,PERI59,1,2008-05-13,Hardwood,1
Pea Ridge,PERI59,1,2021-05-19,Hardwood,1
Pea Ridge,PERI59,1,2016-05-23,Total,0
Pea Ridge,PERI6,1,2008-05-14,Hardwood,7
Pea Ridge,PERI6,1,2021-05-17,Hardwood,10
Pea Ridge,PERI6,1,2012-05-18,Hardwood,10
Pea Ridge,PERI6,1,2016-05-21,Hardwood,6
Pea Ridge,PERI6,1,2016-05-21,Total,6
Pea Ridge,PERI60,1,2008-05-15,Conifer,1
Pea Ridge,PERI60,1,2008-05-15,Hardwood,11
Pea Ridge,PERI60,1,2012-05-16,Conifer,4
Pea Ridge,PERI60,1,2012-05-16,Hardwood,14
Pea Ridge,PERI60,1,2016-05-16,Hardwood,10
Pea Ridge,PERI60,1,2016-05-16,Total,10
Pea Ridge,PERI60,1,2021-05-20,Hardwood,15
Pea Ridge,PERI61,1,2008-05-15,Hardwood,7
Pea Ridge,PERI61,1,2012-05-15,Hardwood,11
Pea Ridge,PERI61,1,2016-05-16,Hardwood,8
Pea Ridge,PERI61,1,2016-05-16,Total,8
Pea Ridge,PERI61,1,2021-05-22,Hardwood,11
Pea Ridge,PERI62,1,2012-05-15,Hardwood,4
Pea Ridge,PERI62,1,2008-05-16,Hardwood,7
Pea Ridge,PERI62,1,2021-05-22,Hardwood,11
Pea Ridge,PERI62,1,2016-05-25,Hardwood,5
Pea Ridge,PERI62,1,2016-05-25,Total,5
Pea Ridge,PERI63,1,2016-05-23,Total,0
Pea Ridge,PERI64,1,2016-05-23,Total,0
Pea Ridge,PERI65,1,2012-05-17,Conifer,1
Pea Ridge,PERI65,1,2012-05-17,Hardwood,1
Pea Ridge,PERI65,1,2021-05-19,Conifer,2
Pea Ridge,PERI65,1,2021-05-19,Hardwood,4
Pea Ridge,PERI65,1,2016-05-24,Conifer,2
Pea Ridge,PERI65,1,2016-05-24,Hardwood,2
Pea Ridge,PERI65,1,2016-05-24,Total,4
Pea Ridge,PERI66,1,2008-05-12,Hardwood,1
Pea Ridge,PERI66,1,2021-05-19,Hardwood,2
Pea Ridge,PERI66,1,2016-05-24,Conifer,1
Pea Ridge,PERI66,1,2016-05-24,Hardwood,2
Pea Ridge,PERI66,1,2016-05-24,Total,3
Pea Ridge,PERI67,1,2012-05-17,Conifer,1
Pea Ridge,PERI67,1,2012-05-17,Hardwood,7
Pea Ridge,PERI67,1,2008-05-18,Hardwood,8
Pea Ridge,PERI67,1,2016-05-24,Hardwood,5
Pea Ridge,PERI67,1,2016-05-24,Total,5
Pea Ridge,PERI67,1,2021-05-24,Hardwood,5
Pea Ridge,PERI68,1,2008-05-13,Conifer,8
Pea Ridge,PERI68,1,2012-05-16,Conifer,4
Pea Ridge,PERI68,1,2012-05-16,Hardwood,2
Pea Ridge,PERI68,1,2016-05-24,Hardwood,4
Pea Ridge,PERI68,1,2016-05-24,Total,4
Pea Ridge,PERI69,1,2016-05-23,Total,0
Pea Ridge,PERI7,1,2008-05-14,Hardwood,9
Pea Ridge,PERI7,1,2016-05-17,Hardwood,14
Pea Ridge,PERI7,1,2016-05-17,Total,14
Pea Ridge,PERI7,1,2021-05-17,Hardwood,16
Pea Ridge,PERI7,1,2012-05-18,Hardwood,8
Pea Ridge,PERI70,1,2008-05-15,Hardwood,8
Pea Ridge,PERI70,1,2012-05-15,Hardwood,10
Pea Ridge,PERI70,1,2016-05-16,Hardwood,19
Pea Ridge,PERI70,1,2016-05-16,Total,19
Pea Ridge,PERI70,1,2021-05-22,Hardwood,12
Pea Ridge,PERI71,1,2012-05-15,Conifer,4
Pea Ridge,PERI71,1,2012-05-15,Hardwood,1
Pea Ridge,PERI71,1,2008-05-16,Conifer,4
Pea Ridge,PERI71,1,2008-05-16,Hardwood,3
Pea Ridge,PERI71,1,2021-05-22,Hardwood,9
Pea Ridge,PERI71,1,2016-05-25,Conifer,3
Pea Ridge,PERI71,1,2016-05-25,Hardwood,1
Pea Ridge,PERI71,1,2016-05-25,Total,4
Pea Ridge,PERI72,1,2012-05-15,Conifer,5
Pea Ridge,PERI72,1,2012-05-15,Hardwood,2
Pea Ridge,PERI72,1,2008-05-16,Conifer,5
Pea Ridge,PERI72,1,2008-05-16,Hardwood,1
Pea Ridge,PERI72,1,2021-05-18,Hardwood,2
Pea Ridge,PERI72,1,2016-05-23,Conifer,6
Pea Ridge,PERI72,1,2016-05-23,Hardwood,2
Pea Ridge,PERI72,1,2016-05-23,Total,8
Pea Ridge,PERI73,1,2016-05-23,Total,0
Pea Ridge,PERI74,1,2008-05-12,Hardwood,3
Pea Ridge,PERI74,1,2012-05-14,Hardwood,1
Pea Ridge,PERI74,1,2021-05-19,Hardwood,2
Pea Ridge,PERI74,1,2016-05-23,Hardwood,2
Pea Ridge,PERI74,1,2016-05-23,Total,2
Pea Ridge,PERI75,1,2008-05-12,Hardwood,4
Pea Ridge,PERI75,1,2012-05-14,Conifer,1
Pea Ridge,PERI75,1,2012-05-14,Hardwood,5
Pea Ridge,PERI75,1,2016-05-24,Conifer,1
Pea Ridge,PERI75,1,2016-05-24,Hardwood,10
Pea Ridge,PERI75,1,2016-05-24,Total,11
Pea Ridge,PERI75,1,2021-05-24,Hardwood,6
Pea Ridge,PERI76,1,2008-05-12,Hardwood,1
Pea Ridge,PERI76,1,2012-05-17,Hardwood,2
Pea Ridge,PERI76,1,2016-05-24,Hardwood,1
Pea Ridge,PERI76,1,2016-05-24,Total,1
Pea Ridge,PERI76,1,2021-05-24,Hardwood,4
Pea Ridge,PERI77,1,2012-05-17,Hardwood,10
Pea Ridge,PERI77,1,2008-05-18,Hardwood,9
Pea Ridge,PERI77,1,2021-05-20,Hardwood,6
Pea Ridge,PERI77,1,2016-05-24,Hardwood,5
Pea Ridge,PERI77,1,2016-05-24,Total,5
Pea Ridge,PERI78,1,2021-05-19,Hardwood,1
Pea Ridge,PERI78,1,2016-05-24,Total,0
Pea Ridge,PERI79,1,2016-05-24,Total,0
Pea Ridge,PERI8,1,2008-05-14,Hardwood,10
Pea Ridge,PERI8,1,2016-05-17,Hardwood,11
Pea Ridge,PERI8,1,2016-05-17,Total,11
Pea Ridge,PERI8,1,2021-05-17,Hardwood,12
Pea Ridge,PERI8,1,2012-05-23,Hardwood,11
Pea Ridge,PERI80,1,2008-05-13,Conifer,1
Pea Ridge,PERI80,1,2008-05-13,Hardwood,1
Pea Ridge,PERI80,1,2012-05-15,Conifer,1
Pea Ridge,PERI80,1,2012-05-15,Hardwood,4
Pea Ridge,PERI80,1,2021-05-20,Hardwood,8
Pea Ridge,PERI80,1,2016-05-23,Hardwood,7
Pea Ridge,PERI80,1,2016-05-23,Total,7
Pea Ridge,PERI81,1,2012-05-15,Hardwood,14
Pea Ridge,PERI81,1,2008-05-16,Hardwood,13
Pea Ridge,PERI81,1,2021-05-22,Hardwood,17
Pea Ridge,PERI81,1,2016-05-25,Hardwood,9
Pea Ridge,PERI81,1,2016-05-25,Total,9
Pea Ridge,PERI82,1,2016-05-23,Total,0
Pea Ridge,PERI83,1,2016-05-23,Total,0
Pea Ridge,PERI84,1,2008-05-12,Hardwood,3
Pea Ridge,PERI84,1,2012-05-14,Hardwood,4
Pea Ridge,PERI84,1,2021-05-22,Conifer,1
Pea Ridge,PERI84,1,2021-05-22,Hardwood,3
Pea Ridge,PERI84,1,2016-05-23,Hardwood,5
Pea Ridge,PERI84,1,2016-05-23,Total,5
Pea Ridge,PERI85,1,2016-05-23,Total,0
Pea Ridge,PERI86,1,2008-05-13,Hardwood,1
Pea Ridge,PERI86,1,2012-05-16,Hardwood,4
Pea Ridge,PERI86,1,2021-05-19,Hardwood,1
Pea Ridge,PERI86,1,2016-05-23,Hardwood,2
Pea Ridge,PERI86,1,2016-05-23,Total,2
Pea Ridge,PERI87,1,2008-05-13,Hardwood,5
Pea Ridge,PERI87,1,2012-05-16,Hardwood,5
Pea Ridge,PERI87,1,2021-05-20,Hardwood,7
Pea Ridge,PERI87,1,2016-05-23,Hardwood,5
Pea Ridge,PERI87,1,2016-05-23,Total,5
Pea Ridge,PERI88,1,2008-05-13,Conifer,1
Pea Ridge,PERI88,1,2008-05-13,Hardwood,6
Pea Ridge,PERI88,1,2012-05-15,Conifer,5
Pea Ridge,PERI88,1,2012-05-15,Hardwood,6
Pea Ridge,PERI88,1,2021-05-22,Hardwood,6
Pea Ridge,PERI88,1,2016-05-25,Conifer,2
Pea Ridge,PERI88,1,2016-05-25,Hardwood,8
Pea Ridge,PERI88,1,2016-05-25,Total,10
Pea Ridge,PERI89,1,2012-05-15,Hardwood,1
Pea Ridge,PERI89,1,2008-05-16,Hardwood,1
Pea Ridge,PERI89,1,2021-05-18,Hardwood,3
Pea Ridge,PERI89,1,2016-05-23,Hardwood,1
Pea Ridge,PERI89,1,2016-05-23,Total,1
Pea Ridge,PERI9,1,2016-05-17,Hardwood,9
Pea Ridge,PERI9,1,2016-05-17,Total,9
Pea Ridge,PERI9,1,2021-05-17,Hardwood,15
Pea Ridge,PERI9,1,2008-05-18,Hardwood,11
Pea Ridge,PERI9,1,2012-05-23,Hardwood,11
Pea Ridge,PERI90,1,2016-05-23,Total,0
Pea Ridge,PERI91,1,2008-05-12,Hardwood,1
Pea Ridge,PERI91,1,2012-05-14,Hardwood,1
Pea Ridge,PERI91,1,2016-05-23,Hardwood,1
Pea Ridge,PERI91,1,2016-05-23,Total,1
Pea Ridge,PERI92,1,2008-05-13,Hardwood,2
Pea Ridge,PERI92,1,2012-05-16,Hardwood,4
Pea Ridge,PERI92,1,2021-05-19,Hardwood,4
Pea Ridge,PERI92,1,2016-05-23,Hardwood,5
Pea Ridge,PERI92,1,2016-05-23,Total,5
Pea Ridge,PERI93,1,2008-05-13,Hardwood,7
Pea Ridge,PERI93,1,2012-05-16,Hardwood,10
Pea Ridge,PERI93,1,2021-05-20,Hardwood,14
Pea Ridge,PERI93,1,2016-05-23,Hardwood,9
Pea Ridge,PERI93,1,2016-05-23,Total,9
Pea Ridge,PERI94,1,2008-05-13,Hardwood,9
Pea Ridge,PERI94,1,2012-05-15,Hardwood,10
Pea Ridge,PERI94,1,2021-05-18,Hardwood,13
Pea Ridge,PERI94,1,2016-05-23,Hardwood,11
Pea Ridge,PERI94,1,2016-05-23,Total,11
Pea Ridge,PERI95,1,2008-05-13,Hardwood,4
Pea Ridge,PERI95,1,2012-05-14,Hardwood,4
Pea Ridge,PERI95,1,2016-05-16,Hardwood,8
Pea Ridge,PERI95,1,2016-05-16,Total,8
Pea Ridge,PERI95,1,2021-05-18,Hardwood,8
Pea Ridge,PERI96,1,2008-05-13,Conifer,2
Pea Ridge,PERI96,1,2008-05-13,Hardwood,3
Pea Ridge,PERI96,1,2012-05-16,Conifer,1
Pea Ridge,PERI96,1,2012-05-16,Hardwood,5
Pea Ridge,PERI96,1,2021-05-18,Hardwood,9
Pea Ridge,PERI96,1,2016-05-23,Conifer,1
Pea Ridge,PERI96,1,2016-05-23,Hardwood,4
Pea Ridge,PERI96,1,2016-05-23,Total,5
Pea Ridge,PERI97,1,2008-05-13,Hardwood,10
Pea Ridge,PERI97,1,2012-05-16,Hardwood,13
Pea Ridge,PERI97,1,2021-05-18,Hardwood,12
Pea Ridge,PERI97,1,2016-05-23,Hardwood,13
Pea Ridge,PERI97,1,2016-05-23,Total,13
Pea Ridge,PERI98,1,2008-05-16,Hardwood,9
Pea Ridge,PERI98,1,2012-05-21,Hardwood,8
Pea Ridge,PERI98,1,2021-05-22,Hardwood,7
Pea Ridge,PERI98,1,2016-05-25,Hardwood,2
Pea Ridge,PERI98,1,2016-05-25,Total,2
Pea Ridge,PERI99,1,2008-05-16,Hardwood,8
Pea Ridge,PERI99,1,2012-05-21,Hardwood,8
Pea Ridge,PERI99,1,2021-05-22,Hardwood,8
Pea Ridge,PERI99,1,2016-05-25,Hardwood,2
Pea Ridge,PERI99,1,2016-05-25,Total,2
Pipestone,PIPE1,1,2017-05-26,Total,0
Pipestone,PIPE10,1,2017-05-26,Total,0
Pipestone,PIPE11,1,2017-05-26,Total,0
Pipestone,PIPE12,1,2017-05-26,Total,0
Pipestone,PIPE13,1,2017-05-26,Total,0
Pipestone,PIPE14,1,2017-05-26,Total,0
Pipestone,PIPE15,1,2017-05-26,Total,0
Pipestone,PIPE16,1,2017-05-26,Total,0
Pipestone,PIPE17,1,2017-05-26,Total,0
Pipestone,PIPE18,1,2017-05-26,Total,0
Pipestone,PIPE19,1,2022-05-23,Hardwood,1
Pipestone,PIPE19,1,2017-05-26,Total,0
Pipestone,PIPE2,1,2017-05-26,Total,0
Pipestone,PIPE20,1,2017-05-26,Total,0
Pipestone,PIPE21,1,2009-05-15,Hardwood,1
Pipestone,PIPE21,1,2022-05-24,Hardwood,1
Pipestone,PIPE21,1,2017-05-26,Hardwood,1
Pipestone,PIPE21,1,2017-05-26,Total,1
Pipestone,PIPE22,1,2017-05-26,Total,0
Pipestone,PIPE23,1,2017-05-26,Total,0
Pipestone,PIPE24,1,2017-05-26,Total,0
Pipestone,PIPE25,1,2009-05-14,Hardwood,1
Pipestone,PIPE25,1,2017-05-26,Total,0
Pipestone,PIPE26,1,2017-05-26,Total,0
Pipestone,PIPE27,1,2009-05-15,Hardwood,5
Pipestone,PIPE27,1,2013-05-15,Hardwood,3
Pipestone,PIPE27,1,2022-05-24,Hardwood,4
Pipestone,PIPE27,1,2017-05-26,Hardwood,5
Pipestone,PIPE27,1,2017-05-26,Total,5
Pipestone,PIPE28,1,2009-05-16,Hardwood,11
Pipestone,PIPE28,1,2022-05-24,Hardwood,12
Pipestone,PIPE28,1,2017-05-26,Hardwood,10
Pipestone,PIPE28,1,2017-05-26,Total,10
Pipestone,PIPE29,1,2022-05-23,Hardwood,1
Pipestone,PIPE29,1,2017-05-26,Hardwood,2
Pipestone,PIPE29,1,2017-05-26,Total,2
Pipestone,PIPE3,1,2017-05-26,Total,0
Pipestone,PIPE30,1,2017-05-26,Total,0
Pipestone,PIPE31,1,2017-05-26,Total,0
Pipestone,PIPE32,1,2017-05-26,Total,1
Pipestone,PIPE33,1,2009-05-14,Hardwood,1
Pipestone,PIPE33,1,2017-05-26,Total,0
Pipestone,PIPE34,1,2022-05-23,Hardwood,1
Pipestone,PIPE34,1,2017-05-26,Hardwood,1
Pipestone,PIPE34,1,2017-05-26,Total,1
Pipestone,PIPE35,1,2017-05-26,Total,0
Pipestone,PIPE36,1,2017-05-26,Total,0
Pipestone,PIPE37,1,2017-05-26,Total,0
Pipestone,PIPE38,1,2017-05-26,Total,0
Pipestone,PIPE39,1,2009-05-14,Hardwood,2
Pipestone,PIPE39,1,2022-05-24,Hardwood,1
Pipestone,PIPE39,1,2017-05-26,Hardwood,2
Pipestone,PIPE39,1,2017-05-26,Total,2
Pipestone,PIPE4,1,2009-05-15,Hardwood,2
Pipestone,PIPE4,1,2022-05-23,Hardwood,2
Pipestone,PIPE4,1,2017-05-26,Hardwood,5
Pipestone,PIPE4,1,2017-05-26,Total,5
Pipestone,PIPE40,1,2013-05-15,Hardwood,3
Pipestone,PIPE40,1,2022-05-24,Hardwood,4
Pipestone,PIPE40,1,2017-05-26,Hardwood,2
Pipestone,PIPE40,1,2017-05-26,Total,2
Pipestone,PIPE41,1,2017-05-26,Total,0
Pipestone,PIPE42,1,2017-05-26,Total,0
Pipestone,PIPE43,1,2017-05-26,Total,0
Pipestone,PIPE44,1,2017-05-26,Total,0
Pipestone,PIPE45,1,2017-05-26,Total,0
Pipestone,PIPE46,1,2017-05-26,Total,0
Pipestone,PIPE47,1,2017-05-26,Total,0
Pipestone,PIPE48,1,2017-05-26,Total,0
Pipestone,PIPE49,1,2017-05-26,Total,0
Pipestone,PIPE5,1,2017-05-26,Total,0
Pipestone,PIPE50,1,2017-05-26,Total,0
Pipestone,PIPE51,1,2017-05-26,Total,0
Pipestone,PIPE52,1,2017-05-26,Total,0
Pipestone,PIPE53,1,2017-05-26,Total,0
Pipestone,PIPE54,1,2017-05-26,Total,0
Pipestone,PIPE55,1,2017-05-26,Total,0
Pipestone,PIPE56,1,2017-05-26,Total,0
Pipestone,PIPE57,1,2017-05-26,Total,0
Pipestone,PIPE58,1,2009-05-14,Hardwood,7
Pipestone,PIPE58,1,2013-05-15,Hardwood,2
Pipestone,PIPE58,1,2022-05-23,Hardwood,7
Pipestone,PIPE58,1,2017-05-26,Hardwood,4
Pipestone,PIPE58,1,2017-05-26,Total,4
Pipestone,PIPE59,1,2017-05-26,Total,0
Pipestone,PIPE6,1,2017-05-26,Total,0
Pipestone,PIPE60,1,2017-05-26,Total,0
Pipestone,PIPE61,1,2017-05-26,Total,0
Pipestone,PIPE62,1,2017-05-26,Total,0
Pipestone,PIPE63,1,2017-05-26,Total,0
Pipestone,PIPE64,1,2017-05-26,Total,0
Pipestone,PIPE65,1,2017-05-26,Total,0
Pipestone,PIPE66,1,2017-05-26,Total,0
Pipestone,PIPE67,1,2017-05-26,Total,0
Pipestone,PIPE68,1,2017-05-26,Total,0
Pipestone,PIPE7,1,2017-05-26,Total,0
Pipestone,PIPE8,1,2017-05-26,Total,0
Pipestone,PIPE9,1,2009-05-15,Hardwood,11
Pipestone,PIPE9,1,2022-05-23,Hardwood,20
Pipestone,PIPE9,1,2017-05-26,Hardwood,13
Pipestone,PIPE9,1,2017-05-26,Total,13
Tallgrass Prairie,TAPR114,1,2010-05-15,Hardwood,1
Tallgrass Prairie,TAPR114,1,2002-05-21,Hardwood,2
Tallgrass Prairie,TAPR114,1,2005-05-21,Hardwood,1
Tallgrass Prairie,TAPR114,1,2018-05-23,Hardwood,2
Tallgrass Prairie,TAPR128,3,2006-05-16,Hardwood,1
Tallgrass Prairie,TAPR130,1,2018-05-22,Hardwood,1
Tallgrass Prairie,TAPR130,3,2002-06-14,Hardwood,1
Tallgrass Prairie,TAPR139,2,2001-06-08,Hardwood,4
Tallgrass Prairie,TAPR139,2,2002-06-13,Hardwood,4
Tallgrass Prairie,TAPR139,2,2005-05-23,Hardwood,2
Tallgrass Prairie,TAPR159,1,2008-06-04,Hardwood,7
Tallgrass Prairie,TAPR159,1,2005-05-19,Hardwood,3
Tallgrass Prairie,TAPR159,1,2006-05-20,Hardwood,7
Tallgrass Prairie,TAPR159,1,2014-05-20,Hardwood,9
Tallgrass Prairie,TAPR159,1,2007-05-21,Hardwood,5
Tallgrass Prairie,TAPR159,1,2010-05-22,Hardwood,8
Tallgrass Prairie,TAPR159,1,2001-05-25,Hardwood,4
Tallgrass Prairie,TAPR159,1,2004-05-25,Hardwood,2
Tallgrass Prairie,TAPR159,1,2018-05-25,Hardwood,10
Tallgrass Prairie,TAPR159,1,2002-05-30,Hardwood,4
Tallgrass Prairie,TAPR159,2,2006-05-20,Hardwood,1
Tallgrass Prairie,TAPR159,2,2004-05-25,Hardwood,1
Tallgrass Prairie,TAPR159,3,2005-05-19,Hardwood,13
Tallgrass Prairie,TAPR159,3,2006-05-20,Hardwood,12
Tallgrass Prairie,TAPR159,3,2001-05-25,Hardwood,10
Tallgrass Prairie,TAPR159,3,2004-05-25,Hardwood,9
Tallgrass Prairie,TAPR159,3,2002-05-30,Hardwood,15
Tallgrass Prairie,TAPR159,4,2005-05-19,Hardwood,7
Tallgrass Prairie,TAPR159,4,2006-05-20,Hardwood,8
Tallgrass Prairie,TAPR159,4,2001-05-25,Hardwood,6
Tallgrass Prairie,TAPR159,4,2004-05-25,Hardwood,2
Tallgrass Prairie,TAPR159,4,2002-05-30,Hardwood,7
Tallgrass Prairie,TAPR160,1,2008-06-04,Hardwood,4
Tallgrass Prairie,TAPR160,1,2005-05-19,Hardwood,6
Tallgrass Prairie,TAPR160,1,2014-05-19,Hardwood,4
Tallgrass Prairie,TAPR160,1,2006-05-20,Hardwood,6
Tallgrass Prairie,TAPR160,1,2007-05-21,Hardwood,2
Tallgrass Prairie,TAPR160,1,2010-05-22,Hardwood,7
Tallgrass Prairie,TAPR160,1,2001-05-24,Hardwood,5
Tallgrass Prairie,TAPR160,1,2004-05-25,Hardwood,1
Tallgrass Prairie,TAPR160,1,2018-05-25,Hardwood,10
Tallgrass Prairie,TAPR160,1,2002-05-30,Hardwood,5
Tallgrass Prairie,TAPR160,2,2005-05-19,Hardwood,4
Tallgrass Prairie,TAPR160,2,2006-05-20,Hardwood,4
Tallgrass Prairie,TAPR160,2,2001-05-24,Hardwood,3
Tallgrass Prairie,TAPR160,2,2002-05-30,Hardwood,2
Tallgrass Prairie,TAPR160,3,2005-05-19,Hardwood,7
Tallgrass Prairie,TAPR160,3,2006-05-20,Hardwood,4
Tallgrass Prairie,TAPR160,3,2001-05-24,Hardwood,5
Tallgrass Prairie,TAPR160,3,2004-05-25,Hardwood,5
Tallgrass Prairie,TAPR160,3,2002-05-30,Hardwood,3
Tallgrass Prairie,TAPR160,4,2005-05-19,Hardwood,3
Tallgrass Prairie,TAPR160,4,2006-05-20,Hardwood,5
Tallgrass Prairie,TAPR160,4,2001-05-24,Hardwood,3
Tallgrass Prairie,TAPR160,4,2004-05-25,Hardwood,8
Tallgrass Prairie,TAPR161,1,2008-06-04,Hardwood,1
Tallgrass Prairie,TAPR161,1,2005-05-19,Hardwood,1
Tallgrass Prairie,TAPR161,1,2006-05-20,Hardwood,1
Tallgrass Prairie,TAPR161,1,2014-05-20,Hardwood,2
Tallgrass Prairie,TAPR161,1,2007-05-21,Hardwood,1
Tallgrass Prairie,TAPR161,1,2010-05-22,Hardwood,2
Tallgrass Prairie,TAPR161,1,2001-05-24,Hardwood,1
Tallgrass Prairie,TAPR161,1,2004-05-25,Hardwood,1
Tallgrass Prairie,TAPR161,1,2018-05-25,Hardwood,2
Tallgrass Prairie,TAPR161,4,2005-05-19,Hardwood,4
Tallgrass Prairie,TAPR161,4,2006-05-20,Hardwood,4
Tallgrass Prairie,TAPR161,4,2001-05-24,Hardwood,6
Tallgrass Prairie,TAPR161,4,2004-05-25,Hardwood,4
Tallgrass Prairie,TAPR161,4,2002-05-29,Hardwood,5
Tallgrass Prairie,TAPR162,1,2008-06-04,Hardwood,4
Tallgrass Prairie,TAPR162,1,2005-05-19,Hardwood,5
Tallgrass Prairie,TAPR162,1,2014-05-20,Hardwood,5
Tallgrass Prairie,TAPR162,1,2007-05-21,Hardwood,2
Tallgrass Prairie,TAPR162,1,2006-05-22,Hardwood,5
Tallgrass Prairie,TAPR162,1,2010-05-22,Hardwood,3
Tallgrass Prairie,TAPR162,1,2001-05-24,Hardwood,3
Tallgrass Prairie,TAPR162,1,2004-05-25,Hardwood,2
Tallgrass Prairie,TAPR162,1,2018-05-25,Hardwood,12
Tallgrass Prairie,TAPR162,1,2002-05-30,Hardwood,5
Tallgrass Prairie,TAPR162,2,2005-05-19,Hardwood,1
Tallgrass Prairie,TAPR162,2,2001-05-24,Hardwood,1
Tallgrass Prairie,TAPR162,2,2002-05-30,Hardwood,2
Tallgrass Prairie,TAPR162,3,2005-05-19,Hardwood,12
Tallgrass Prairie,TAPR162,3,2006-05-22,Hardwood,5
Tallgrass Prairie,TAPR162,3,2004-05-25,Hardwood,9
Tallgrass Prairie,TAPR162,4,2005-05-19,Hardwood,4
Tallgrass Prairie,TAPR162,4,2006-05-22,Hardwood,5
Tallgrass Prairie,TAPR162,4,2001-05-24,Hardwood,7
Tallgrass Prairie,TAPR162,4,2004-05-25,Hardwood,4
Tallgrass Prairie,TAPR162,4,2002-05-30,Hardwood,7
Tallgrass Prairie,TAPR163,1,2002-06-03,Hardwood,4
Tallgrass Prairie,TAPR163,1,2008-06-04,Hardwood,3
Tallgrass Prairie,TAPR163,1,2005-05-19,Hardwood,2
Tallgrass Prairie,TAPR163,1,2014-05-20,Hardwood,2
Tallgrass Prairie,TAPR163,1,2007-05-21,Hardwood,3
Tallgrass Prairie,TAPR163,1,2006-05-22,Hardwood,2
Tallgrass Prairie,TAPR163,1,2010-05-22,Hardwood,2
Tallgrass Prairie,TAPR163,1,2001-05-24,Hardwood,3
Tallgrass Prairie,TAPR163,1,2004-05-25,Hardwood,2
Tallgrass Prairie,TAPR163,1,2018-05-25,Hardwood,6
Tallgrass Prairie,TAPR163,2,2002-06-03,Hardwood,7
Tallgrass Prairie,TAPR163,2,2005-05-19,Hardwood,9
Tallgrass Prairie,TAPR163,2,2006-05-22,Hardwood,11
Tallgrass Prairie,TAPR163,2,2001-05-24,Hardwood,7
Tallgrass Prairie,TAPR163,2,2004-05-25,Hardwood,6
Tallgrass Prairie,TAPR163,4,2002-06-03,Hardwood,9
Tallgrass Prairie,TAPR163,4,2005-05-19,Hardwood,7
Tallgrass Prairie,TAPR163,4,2006-05-22,Hardwood,5
Tallgrass Prairie,TAPR163,4,2001-05-24,Hardwood,7
Tallgrass Prairie,TAPR164,1,2002-06-01,Hardwood,10
Tallgrass Prairie,TAPR164,1,2008-06-05,Hardwood,10
Tallgrass Prairie,TAPR164,1,2001-06-07,Hardwood,10
Tallgrass Prairie,TAPR164,1,2005-05-17,Hardwood,9
Tallgrass Prairie,TAPR164,1,2007-05-17,Hardwood,9
Tallgrass Prairie,TAPR164,1,2014-05-17,Hardwood,5
Tallgrass Prairie,TAPR164,1,2006-05-18,Hardwood,12
Tallgrass Prairie,TAPR164,1,2018-05-22,Hardwood,10
Tallgrass Prairie,TAPR164,1,2010-05-23,Hardwood,13
Tallgrass Prairie,TAPR164,2,2002-06-01,Hardwood,5
Tallgrass Prairie,TAPR164,2,2001-06-07,Hardwood,5
Tallgrass Prairie,TAPR164,2,2005-05-17,Hardwood,3
Tallgrass Prairie,TAPR164,2,2006-05-18,Hardwood,3
Tallgrass Prairie,TAPR165,1,2002-06-01,Hardwood,9
Tallgrass Prairie,TAPR165,1,2008-06-05,Hardwood,13
Tallgrass Prairie,TAPR165,1,2001-06-07,Hardwood,6
Tallgrass Prairie,TAPR165,1,2007-05-17,Hardwood,11
Tallgrass Prairie,TAPR165,1,2014-05-17,Hardwood,8
Tallgrass Prairie,TAPR165,1,2006-05-18,Hardwood,9
Tallgrass Prairie,TAPR165,1,2005-05-20,Hardwood,14
Tallgrass Prairie,TAPR165,1,2018-05-22,Hardwood,16
Tallgrass Prairie,TAPR165,1,2010-05-23,Hardwood,15
Tallgrass Prairie,TAPR166,1,2002-06-01,Hardwood,8
Tallgrass Prairie,TAPR166,1,2008-06-05,Hardwood,8
Tallgrass Prairie,TAPR166,1,2001-06-07,Hardwood,8
Tallgrass Prairie,TAPR166,1,2007-05-17,Hardwood,8
Tallgrass Prairie,TAPR166,1,2014-05-17,Hardwood,9
Tallgrass Prairie,TAPR166,1,2006-05-18,Hardwood,8
Tallgrass Prairie,TAPR166,1,2005-05-20,Hardwood,7
Tallgrass Prairie,TAPR166,1,2018-05-22,Hardwood,8
Tallgrass Prairie,TAPR166,1,2010-05-23,Hardwood,10
Tallgrass Prairie,TAPR166,1,2004-05-24,Hardwood,4
Tallgrass Prairie,TAPR166,2,2002-06-01,Hardwood,10
Tallgrass Prairie,TAPR166,2,2001-06-07,Hardwood,9
Tallgrass Prairie,TAPR166,2,2006-05-18,Hardwood,8
Tallgrass Prairie,TAPR166,2,2005-05-20,Hardwood,10
Tallgrass Prairie,TAPR166,2,2004-05-24,Hardwood,10
Tallgrass Prairie,TAPR167,1,2002-06-01,Hardwood,14
Tallgrass Prairie,TAPR167,1,2008-06-05,Hardwood,14
Tallgrass Prairie,TAPR167,1,2001-06-07,Hardwood,12
Tallgrass Prairie,TAPR167,1,2007-05-17,Hardwood,13
Tallgrass Prairie,TAPR167,1,2014-05-17,Hardwood,10
Tallgrass Prairie,TAPR167,1,2006-05-18,Hardwood,12
Tallgrass Prairie,TAPR167,1,2005-05-20,Hardwood,14
Tallgrass Prairie,TAPR167,1,2018-05-22,Hardwood,14
Tallgrass Prairie,TAPR167,1,2004-05-24,Hardwood,10
Tallgrass Prairie,TAPR167,1,2010-05-24,Hardwood,13
Tallgrass Prairie,TAPR168,1,2002-06-01,Hardwood,8
Tallgrass Prairie,TAPR168,1,2008-06-05,Hardwood,11
Tallgrass Prairie,TAPR168,1,2001-06-07,Hardwood,10
Tallgrass Prairie,TAPR168,1,2014-05-17,Hardwood,11
Tallgrass Prairie,TAPR168,1,2006-05-18,Hardwood,14
Tallgrass Prairie,TAPR168,1,2005-05-20,Hardwood,10
Tallgrass Prairie,TAPR168,1,2007-05-22,Hardwood,12
Tallgrass Prairie,TAPR168,1,2018-05-22,Hardwood,13
Tallgrass Prairie,TAPR168,1,2004-05-24,Hardwood,9
Tallgrass Prairie,TAPR168,1,2010-05-24,Hardwood,13
Tallgrass Prairie,TAPR168,4,2002-06-01,Hardwood,12
Tallgrass Prairie,TAPR168,4,2001-06-07,Hardwood,11
Tallgrass Prairie,TAPR168,4,2006-05-18,Hardwood,5
Tallgrass Prairie,TAPR168,4,2005-05-20,Hardwood,18
Tallgrass Prairie,TAPR168,4,2004-05-24,Hardwood,7
Tallgrass Prairie,TAPR169,1,2002-06-01,Hardwood,7
Tallgrass Prairie,TAPR169,1,2008-06-05,Hardwood,8
Tallgrass Prairie,TAPR169,1,2001-06-07,Hardwood,10
Tallgrass Prairie,TAPR169,1,2014-05-17,Hardwood,9
Tallgrass Prairie,TAPR169,1,2006-05-18,Hardwood,9
Tallgrass Prairie,TAPR169,1,2005-05-20,Hardwood,12
Tallgrass Prairie,TAPR169,1,2007-05-22,Hardwood,12
Tallgrass Prairie,TAPR169,1,2018-05-22,Hardwood,19
Tallgrass Prairie,TAPR169,1,2010-05-24,Hardwood,11
Tallgrass Prairie,TAPR169,1,2004-05-26,Hardwood,11
Tallgrass Prairie,TAPR169,4,2002-06-01,Hardwood,4
Tallgrass Prairie,TAPR169,4,2001-06-07,Hardwood,12
Tallgrass Prairie,TAPR169,4,2006-05-18,Hardwood,11
Tallgrass Prairie,TAPR169,4,2005-05-20,Hardwood,18
Tallgrass Prairie,TAPR169,4,2004-05-26,Hardwood,13
Tallgrass Prairie,TAPR170,1,2002-06-01,Hardwood,8
Tallgrass Prairie,TAPR170,1,2008-06-05,Hardwood,10
Tallgrass Prairie,TAPR170,1,2001-06-07,Hardwood,17
Tallgrass Prairie,TAPR170,1,2014-05-17,Hardwood,10
Tallgrass Prairie,TAPR170,1,2006-05-18,Hardwood,10
Tallgrass Prairie,TAPR170,1,2005-05-20,Hardwood,13
Tallgrass Prairie,TAPR170,1,2007-05-22,Hardwood,11
Tallgrass Prairie,TAPR170,1,2018-05-22,Hardwood,11
Tallgrass Prairie,TAPR170,1,2010-05-24,Hardwood,10
Tallgrass Prairie,TAPR170,1,2004-05-26,Hardwood,11
Tallgrass Prairie,TAPR170,3,2005-05-20,Hardwood,7
Tallgrass Prairie,TAPR170,3,2004-05-26,Hardwood,1
Tallgrass Prairie,TAPR170,4,2002-06-01,Hardwood,12
Tallgrass Prairie,TAPR170,4,2001-06-07,Hardwood,12
Tallgrass Prairie,TAPR170,4,2006-05-18,Hardwood,7
Tallgrass Prairie,TAPR170,4,2005-05-20,Hardwood,13
Tallgrass Prairie,TAPR170,4,2004-05-26,Hardwood,1
Tallgrass Prairie,TAPR171,1,2002-06-01,Hardwood,11
Tallgrass Prairie,TAPR171,1,2008-06-05,Hardwood,11
Tallgrass Prairie,TAPR171,1,2001-06-07,Hardwood,12
Tallgrass Prairie,TAPR171,1,2014-05-17,Hardwood,11
Tallgrass Prairie,TAPR171,1,2006-05-18,Hardwood,15
Tallgrass Prairie,TAPR171,1,2005-05-20,Hardwood,16
Tallgrass Prairie,TAPR171,1,2018-05-21,Hardwood,12
Tallgrass Prairie,TAPR171,1,2007-05-22,Hardwood,12
Tallgrass Prairie,TAPR171,1,2010-05-24,Hardwood,17
Tallgrass Prairie,TAPR171,1,2004-05-27,Hardwood,9
Tallgrass Prairie,TAPR172,1,2008-06-05,Hardwood,10
Tallgrass Prairie,TAPR172,1,2001-06-07,Hardwood,12
Tallgrass Prairie,TAPR172,1,2014-05-17,Hardwood,8
Tallgrass Prairie,TAPR172,1,2006-05-18,Hardwood,9
Tallgrass Prairie,TAPR172,1,2007-05-18,Hardwood,12
Tallgrass Prairie,TAPR172,1,2005-05-20,Hardwood,8
Tallgrass Prairie,TAPR172,1,2018-05-21,Hardwood,16
Tallgrass Prairie,TAPR172,1,2010-05-24,Hardwood,10
Tallgrass Prairie,TAPR172,1,2004-05-27,Hardwood,11
Tallgrass Prairie,TAPR172,1,2002-05-31,Hardwood,12
Tallgrass Prairie,TAPR172,3,2001-06-07,Hardwood,5
Tallgrass Prairie,TAPR172,3,2006-05-18,Hardwood,6
Tallgrass Prairie,TAPR172,3,2005-05-20,Hardwood,11
Tallgrass Prairie,TAPR172,3,2002-05-31,Hardwood,8
Tallgrass Prairie,TAPR172,4,2001-06-07,Hardwood,3
Tallgrass Prairie,TAPR172,4,2006-05-18,Hardwood,20
Tallgrass Prairie,TAPR172,4,2005-05-20,Hardwood,8
Tallgrass Prairie,TAPR172,4,2002-05-31,Hardwood,11
Tallgrass Prairie,TAPR173,1,2008-06-05,Hardwood,13
Tallgrass Prairie,TAPR173,1,2001-06-09,Hardwood,10
Tallgrass Prairie,TAPR173,1,2014-05-17,Hardwood,8
Tallgrass Prairie,TAPR173,1,2006-05-18,Hardwood,16
Tallgrass Prairie,TAPR173,1,2007-05-18,Hardwood,12
Tallgrass Prairie,TAPR173,1,2005-05-20,Hardwood,11
Tallgrass Prairie,TAPR173,1,2018-05-21,Hardwood,12
Tallgrass Prairie,TAPR173,1,2010-05-24,Hardwood,15
Tallgrass Prairie,TAPR173,1,2004-05-27,Hardwood,7
Tallgrass Prairie,TAPR173,1,2002-05-31,Hardwood,7
Tallgrass Prairie,TAPR173,2,2001-06-09,Hardwood,14
Tallgrass Prairie,TAPR173,2,2006-05-18,Hardwood,9
Tallgrass Prairie,TAPR173,2,2005-05-20,Hardwood,18
Tallgrass Prairie,TAPR173,2,2004-05-27,Hardwood,8
Tallgrass Prairie,TAPR173,2,2002-05-31,Hardwood,7
Tallgrass Prairie,TAPR173,4,2001-06-09,Hardwood,8
Tallgrass Prairie,TAPR173,4,2005-05-20,Hardwood,5
Tallgrass Prairie,TAPR174,1,2008-06-05,Hardwood,9
Tallgrass Prairie,TAPR174,1,2001-06-09,Hardwood,9
Tallgrass Prairie,TAPR174,1,2004-05-13,Hardwood,12
Tallgrass Prairie,TAPR174,1,2010-05-15,Hardwood,9
Tallgrass Prairie,TAPR174,1,2014-05-17,Hardwood,10
Tallgrass Prairie,TAPR174,1,2007-05-18,Hardwood,9
Tallgrass Prairie,TAPR174,1,2005-05-20,Hardwood,11
Tallgrass Prairie,TAPR174,1,2018-05-21,Hardwood,11
Tallgrass Prairie,TAPR174,1,2006-05-22,Hardwood,10
Tallgrass Prairie,TAPR174,1,2002-05-31,Hardwood,4
Tallgrass Prairie,TAPR174,2,2001-06-09,Hardwood,6
Tallgrass Prairie,TAPR174,2,2004-05-13,Hardwood,5
Tallgrass Prairie,TAPR174,2,2005-05-20,Hardwood,11
Tallgrass Prairie,TAPR174,2,2006-05-22,Hardwood,9
Tallgrass Prairie,TAPR174,2,2002-05-31,Hardwood,9
Tallgrass Prairie,TAPR175,1,2008-06-05,Hardwood,2
Tallgrass Prairie,TAPR175,1,2001-06-08,Hardwood,3
Tallgrass Prairie,TAPR175,1,2004-05-13,Hardwood,3
Tallgrass Prairie,TAPR175,1,2010-05-15,Hardwood,4
Tallgrass Prairie,TAPR175,1,2014-05-17,Hardwood,7
Tallgrass Prairie,TAPR175,1,2005-05-18,Hardwood,3
Tallgrass Prairie,TAPR175,1,2007-05-18,Hardwood,3
Tallgrass Prairie,TAPR175,1,2006-05-22,Hardwood,2
Tallgrass Prairie,TAPR175,1,2018-05-22,Hardwood,6
Tallgrass Prairie,TAPR175,1,2002-05-31,Hardwood,6
Tallgrass Prairie,TAPR175,2,2001-06-08,Hardwood,9
Tallgrass Prairie,TAPR175,2,2004-05-13,Hardwood,6
Tallgrass Prairie,TAPR175,2,2005-05-18,Hardwood,7
Tallgrass Prairie,TAPR175,2,2006-05-22,Hardwood,6
Tallgrass Prairie,TAPR175,2,2002-05-31,Hardwood,5
Tallgrass Prairie,TAPR175,4,2001-06-08,Hardwood,6
Tallgrass Prairie,TAPR175,4,2004-05-13,Hardwood,6
Tallgrass Prairie,TAPR175,4,2005-05-18,Hardwood,7
Tallgrass Prairie,TAPR175,4,2006-05-22,Hardwood,5
Tallgrass Prairie,TAPR175,4,2002-05-31,Hardwood,6
Tallgrass Prairie,TAPR176,1,2008-06-04,Hardwood,9
Tallgrass Prairie,TAPR176,1,2005-05-19,Hardwood,8
Tallgrass Prairie,TAPR176,1,2006-05-20,Hardwood,11
Tallgrass Prairie,TAPR176,1,2014-05-20,Hardwood,10
Tallgrass Prairie,TAPR176,1,2007-05-21,Hardwood,6
Tallgrass Prairie,TAPR176,1,2010-05-22,Hardwood,10
Tallgrass Prairie,TAPR176,1,2001-05-25,Hardwood,6
Tallgrass Prairie,TAPR176,1,2004-05-25,Hardwood,7
Tallgrass Prairie,TAPR176,1,2018-05-25,Hardwood,14
Tallgrass Prairie,TAPR176,1,2002-05-30,Hardwood,9
Tallgrass Prairie,TAPR176,2,2005-05-19,Hardwood,8
Tallgrass Prairie,TAPR176,2,2006-05-20,Hardwood,6
Tallgrass Prairie,TAPR176,2,2001-05-25,Hardwood,4
Tallgrass Prairie,TAPR176,2,2004-05-25,Hardwood,5
Tallgrass Prairie,TAPR176,2,2002-05-30,Hardwood,6
Tallgrass Prairie,TAPR176,4,2002-05-30,Hardwood,1
Tallgrass Prairie,TAPR179,1,2018-05-25,Hardwood,2
Tallgrass Prairie,TAPR179,3,2002-05-30,Hardwood,12
Tallgrass Prairie,TAPR191,1,2018-05-26,Hardwood,1
Tallgrass Prairie,TAPR2,1,2008-06-04,Hardwood,2
Tallgrass Prairie,TAPR2,1,2014-05-19,Hardwood,1
Tallgrass Prairie,TAPR2,1,2010-05-21,Hardwood,1
Tallgrass Prairie,TAPR2,1,2001-05-25,Hardwood,3
Tallgrass Prairie,TAPR2,1,2018-05-25,Hardwood,3
Tallgrass Prairie,TAPR2,1,2002-05-30,Hardwood,2
Tallgrass Prairie,TAPR2,2,2001-05-25,Hardwood,4
Tallgrass Prairie,TAPR2,2,2002-05-30,Hardwood,10
Tallgrass Prairie,TAPR217,1,2010-05-15,Hardwood,1
Tallgrass Prairie,TAPR217,1,2018-05-22,Hardwood,1
Tallgrass Prairie,TAPR226,4,2002-05-28,Hardwood,2
Tallgrass Prairie,TAPR233,1,2002-06-14,Hardwood,1
Tallgrass Prairie,TAPR233,1,2014-05-17,Hardwood,1
Tallgrass Prairie,TAPR233,1,2018-05-22,Hardwood,2
Tallgrass Prairie,TAPR233,1,2005-05-23,Hardwood,1
Tallgrass Prairie,TAPR233,1,2010-05-23,Hardwood,1
Tallgrass Prairie,TAPR233,2,2005-05-23,Hardwood,1
Tallgrass Prairie,TAPR237,3,2002-06-14,Hardwood,2
Tallgrass Prairie,TAPR248,1,2006-05-17,Hardwood,1
Tallgrass Prairie,TAPR254,2,2002-06-14,Hardwood,10
Tallgrass Prairie,TAPR260,1,2002-06-12,Hardwood,4
Tallgrass Prairie,TAPR260,1,2006-05-17,Hardwood,5
Tallgrass Prairie,TAPR260,2,2002-06-12,Hardwood,4
Tallgrass Prairie,TAPR260,2,2006-05-17,Hardwood,4
Tallgrass Prairie,TAPR88,1,2018-05-21,Hardwood,1
Wilson's Creek,WICR1,1,2020-06-08,Conifer,0
Wilson's Creek,WICR1,1,2020-06-08,Hardwood,0
Wilson's Creek,WICR1,1,2016-05-18,Total,0
Wilson's Creek,WICR10,1,2012-06-01,Conifer,3
Wilson's Creek,WICR10,1,2012-06-01,Hardwood,8
Wilson's Creek,WICR10,1,2020-06-09,Conifer,4
Wilson's Creek,WICR10,1,2020-06-09,Hardwood,7
Wilson's Creek,WICR10,1,2016-05-19,Conifer,3
Wilson's Creek,WICR10,1,2016-05-19,Hardwood,7
Wilson's Creek,WICR10,1,2016-05-19,Total,10
Wilson's Creek,WICR10,1,2008-05-22,Conifer,2
Wilson's Creek,WICR10,1,2008-05-22,Hardwood,4
Wilson's Creek,WICR11,1,2020-06-10,Conifer,0
Wilson's Creek,WICR11,1,2020-06-10,Hardwood,11
Wilson's Creek,WICR11,1,2008-05-20,Hardwood,8
Wilson's Creek,WICR11,1,2016-05-20,Hardwood,8
Wilson's Creek,WICR11,1,2016-05-20,Total,8
Wilson's Creek,WICR11,1,2012-05-29,Hardwood,8
Wilson's Creek,WICR12,1,2012-06-01,Conifer,1
Wilson's Creek,WICR12,1,2012-06-01,Hardwood,1
Wilson's Creek,WICR12,1,2020-06-09,Conifer,1
Wilson's Creek,WICR12,1,2020-06-09,Hardwood,1
Wilson's Creek,WICR12,1,2016-05-19,Conifer,1
Wilson's Creek,WICR12,1,2016-05-19,Hardwood,1
Wilson's Creek,WICR12,1,2016-05-19,Total,2
Wilson's Creek,WICR12,1,2008-05-22,Conifer,1
Wilson's Creek,WICR12,1,2008-05-22,Hardwood,1
Wilson's Creek,WICR14,1,2020-06-10,Conifer,0
Wilson's Creek,WICR14,1,2020-06-10,Hardwood,2
Wilson's Creek,WICR14,1,2016-05-19,Hardwood,1
Wilson's Creek,WICR14,1,2016-05-19,Total,1
Wilson's Creek,WICR15,1,2012-06-01,Hardwood,8
Wilson's Creek,WICR15,1,2020-06-09,Conifer,2
Wilson's Creek,WICR15,1,2020-06-09,Hardwood,6
Wilson's Creek,WICR15,1,2016-05-19,Hardwood,12
Wilson's Creek,WICR15,1,2016-05-19,Total,12
Wilson's Creek,WICR15,1,2008-05-22,Hardwood,5
Wilson's Creek,WICR16,1,2020-06-10,Conifer,0
Wilson's Creek,WICR16,1,2020-06-10,Hardwood,6
Wilson's Creek,WICR16,1,2008-05-20,Hardwood,3
Wilson's Creek,WICR16,1,2016-05-20,Hardwood,6
Wilson's Creek,WICR16,1,2016-05-20,Total,6
Wilson's Creek,WICR16,1,2012-05-30,Hardwood,3
Wilson's Creek,WICR17,1,2020-06-09,Conifer,0
Wilson's Creek,WICR17,1,2020-06-09,Hardwood,0
Wilson's Creek,WICR17,1,2016-05-19,Total,0
Wilson's Creek,WICR18,1,2020-06-10,Conifer,0
Wilson's Creek,WICR18,1,2020-06-10,Hardwood,0
Wilson's Creek,WICR18,1,2016-05-20,Total,0
Wilson's Creek,WICR19,1,2020-06-10,Conifer,0
Wilson's Creek,WICR19,1,2020-06-10,Hardwood,7
Wilson's Creek,WICR19,1,2016-05-19,Hardwood,14
Wilson's Creek,WICR19,1,2016-05-19,Total,14
Wilson's Creek,WICR19,1,2008-05-21,Hardwood,14
Wilson's Creek,WICR19,1,2012-05-31,Hardwood,12
Wilson's Creek,WICR2,1,2020-06-08,Conifer,0
Wilson's Creek,WICR2,1,2020-06-08,Hardwood,11
Wilson's Creek,WICR2,1,2016-05-19,Hardwood,5
Wilson's Creek,WICR2,1,2016-05-19,Total,5
Wilson's Creek,WICR2,1,2008-05-20,Hardwood,8
Wilson's Creek,WICR2,1,2012-05-31,Hardwood,10
Wilson's Creek,WICR20,1,2020-06-09,Conifer,0
Wilson's Creek,WICR20,1,2020-06-09,Hardwood,0
Wilson's Creek,WICR20,1,2016-05-19,Total,0
Wilson's Creek,WICR21,1,2020-06-10,Conifer,0
Wilson's Creek,WICR21,1,2020-06-10,Hardwood,6
Wilson's Creek,WICR21,1,2016-05-19,Hardwood,4
Wilson's Creek,WICR21,1,2016-05-19,Total,4
Wilson's Creek,WICR21,1,2008-05-21,Hardwood,4
Wilson's Creek,WICR21,1,2012-05-29,Hardwood,6
Wilson's Creek,WICR22,1,2020-06-09,Conifer,0
Wilson's Creek,WICR22,1,2020-06-09,Hardwood,0
Wilson's Creek,WICR22,1,2016-05-19,Total,0
Wilson's Creek,WICR23,1,2020-06-08,Conifer,0
Wilson's Creek,WICR23,1,2020-06-08,Hardwood,0
Wilson's Creek,WICR23,1,2016-05-19,Total,0
Wilson's Creek,WICR24,1,2020-06-11,Conifer,0
Wilson's Creek,WICR24,1,2020-06-11,Hardwood,7
Wilson's Creek,WICR24,1,2016-05-19,Conifer,1
Wilson's Creek,WICR24,1,2016-05-19,Hardwood,11
Wilson's Creek,WICR24,1,2016-05-19,Total,12
Wilson's Creek,WICR24,1,2008-05-21,Hardwood,8
Wilson's Creek,WICR24,1,2012-05-30,Conifer,1
Wilson's Creek,WICR24,1,2012-05-30,Hardwood,11
Wilson's Creek,WICR25,1,2020-06-09,Conifer,0
Wilson's Creek,WICR25,1,2020-06-09,Hardwood,8
Wilson's Creek,WICR25,1,2008-05-22,Hardwood,5
Wilson's Creek,WICR25,1,2012-05-31,Hardwood,10
Wilson's Creek,WICR26,1,2020-06-10,Conifer,0
Wilson's Creek,WICR26,1,2020-06-10,Hardwood,14
Wilson's Creek,WICR26,1,2016-05-19,Hardwood,13
Wilson's Creek,WICR26,1,2016-05-19,Total,13
Wilson's Creek,WICR26,1,2008-05-21,Hardwood,7
Wilson's Creek,WICR26,1,2012-05-29,Hardwood,8
Wilson's Creek,WICR27,1,2020-06-10,Conifer,0
Wilson's Creek,WICR27,1,2020-06-10,Hardwood,11
Wilson's Creek,WICR27,1,2016-05-19,Conifer,1
Wilson's Creek,WICR27,1,2016-05-19,Hardwood,12
Wilson's Creek,WICR27,1,2016-05-19,Total,13
Wilson's Creek,WICR27,1,2008-05-22,Conifer,1
Wilson's Creek,WICR27,1,2008-05-22,Hardwood,7
Wilson's Creek,WICR27,1,2012-05-30,Hardwood,21
Wilson's Creek,WICR28,1,2016-05-19,Hardwood,2
Wilson's Creek,WICR28,1,2016-05-19,Total,2
Wilson's Creek,WICR28,1,2008-05-21,Hardwood,3
Wilson's Creek,WICR28,1,2012-05-29,Hardwood,9
Wilson's Creek,WICR29,1,2020-06-11,Conifer,0
Wilson's Creek,WICR29,1,2020-06-11,Hardwood,9
Wilson's Creek,WICR29,1,2016-05-19,Hardwood,7
Wilson's Creek,WICR29,1,2016-05-19,Total,7
Wilson's Creek,WICR29,1,2008-05-21,Hardwood,4
Wilson's Creek,WICR3,1,2020-06-08,Conifer,4
Wilson's Creek,WICR3,1,2020-06-08,Hardwood,3
Wilson's Creek,WICR3,1,2016-05-19,Conifer,3
Wilson's Creek,WICR3,1,2016-05-19,Hardwood,6
Wilson's Creek,WICR3,1,2016-05-19,Total,9
Wilson's Creek,WICR3,1,2008-05-20,Conifer,2
Wilson's Creek,WICR3,1,2008-05-20,Hardwood,1
Wilson's Creek,WICR3,1,2012-05-29,Conifer,1
Wilson's Creek,WICR3,1,2012-05-29,Hardwood,6
Wilson's Creek,WICR30,1,2020-06-10,Conifer,0
Wilson's Creek,WICR30,1,2020-06-10,Hardwood,0
Wilson's Creek,WICR30,1,2016-05-19,Total,0
Wilson's Creek,WICR31,1,2020-06-10,Conifer,0
Wilson's Creek,WICR31,1,2020-06-10,Hardwood,9
Wilson's Creek,WICR31,1,2016-05-19,Hardwood,11
Wilson's Creek,WICR31,1,2016-05-19,Total,11
Wilson's Creek,WICR32,1,2020-06-10,Conifer,0
Wilson's Creek,WICR32,1,2020-06-10,Hardwood,0
Wilson's Creek,WICR32,1,2016-05-19,Total,0
Wilson's Creek,WICR33,1,2020-06-11,Conifer,2
Wilson's Creek,WICR33,1,2020-06-11,Hardwood,10
Wilson's Creek,WICR33,1,2016-05-19,Conifer,1
Wilson's Creek,WICR33,1,2016-05-19,Hardwood,9
Wilson's Creek,WICR33,1,2016-05-19,Total,10
Wilson's Creek,WICR33,1,2008-05-21,Conifer,2
Wilson's Creek,WICR33,1,2008-05-21,Hardwood,10
Wilson's Creek,WICR33,1,2012-05-30,Conifer,2
Wilson's Creek,WICR33,1,2012-05-30,Hardwood,8
Wilson's Creek,WICR34,1,2020-06-10,Conifer,0
Wilson's Creek,WICR34,1,2020-06-10,Hardwood,0
Wilson's Creek,WICR34,1,2016-05-19,Total,0
Wilson's Creek,WICR35,1,2020-06-10,Conifer,0
Wilson's Creek,WICR35,1,2020-06-10,Hardwood,0
Wilson's Creek,WICR35,1,2016-05-19,Total,0
Wilson's Creek,WICR36,1,2020-06-11,Conifer,0
Wilson's Creek,WICR36,1,2020-06-11,Hardwood,0
Wilson's Creek,WICR36,1,2016-05-19,Total,0
Wilson's Creek,WICR37,1,2020-06-11,Conifer,0
Wilson's Creek,WICR37,1,2020-06-11,Hardwood,9
Wilson's Creek,WICR37,1,2016-05-19,Hardwood,12
Wilson's Creek,WICR37,1,2016-05-19,Total,12
Wilson's Creek,WICR37,1,2008-05-21,Hardwood,8
Wilson's Creek,WICR37,1,2012-05-31,Hardwood,8
Wilson's Creek,WICR38,1,2012-06-01,Hardwood,1
Wilson's Creek,WICR38,1,2016-05-20,Total,0
Wilson's Creek,WICR4,1,2020-06-09,Conifer,0
Wilson's Creek,WICR4,1,2020-06-09,Hardwood,3
Wilson's Creek,WICR4,1,2016-05-19,Hardwood,3
Wilson's Creek,WICR4,1,2016-05-19,Total,3
Wilson's Creek,WICR4,1,2008-05-20,Hardwood,2
Wilson's Creek,WICR4,1,2012-05-29,Hardwood,4
Wilson's Creek,WICR5,1,2020-06-08,Conifer,1
Wilson's Creek,WICR5,1,2020-06-08,Hardwood,7
Wilson's Creek,WICR5,1,2008-05-20,Conifer,3
Wilson's Creek,WICR5,1,2008-05-20,Hardwood,5
Wilson's Creek,WICR5,1,2016-05-20,Conifer,1
Wilson's Creek,WICR5,1,2016-05-20,Hardwood,6
Wilson's Creek,WICR5,1,2016-05-20,Total,7
Wilson's Creek,WICR5,1,2012-05-31,Conifer,1
Wilson's Creek,WICR5,1,2012-05-31,Hardwood,11
Wilson's Creek,WICR6,1,2012-06-01,Hardwood,7
Wilson's Creek,WICR6,1,2020-06-08,Conifer,0
Wilson's Creek,WICR6,1,2020-06-08,Hardwood,5
Wilson's Creek,WICR6,1,2008-05-20,Hardwood,4
Wilson's Creek,WICR6,1,2016-05-20,Hardwood,8
Wilson's Creek,WICR6,1,2016-05-20,Total,8
Wilson's Creek,WICR7,1,2020-06-10,Conifer,0
Wilson's Creek,WICR7,1,2020-06-10,Hardwood,5
Wilson's Creek,WICR7,1,2008-05-20,Hardwood,6
Wilson's Creek,WICR7,1,2016-05-20,Hardwood,8
Wilson's Creek,WICR7,1,2016-05-20,Total,8
Wilson's Creek,WICR7,1,2012-05-29,Hardwood,7
Wilson's Creek,WICR8,1,2020-06-10,Conifer,0
Wilson's Creek,WICR8,1,2020-06-10,Hardwood,0
Wilson's Creek,WICR8,1,2016-05-19,Total,0
Wilson's Creek,WICR9,1,2012-06-01,Hardwood,3
Wilson's Creek,WICR9,1,2020-06-08,Conifer,0
Wilson's Creek,WICR9,1,2020-06-08,Hardwood,2
Wilson's Creek,WICR9,1,2016-05-19,Hardwood,3
Wilson's Creek,WICR9,1,2016-05-19,Total,3
Wilson's Creek,WICR9,1,2008-05-20,Hardwood,3
