ParkName,ParkCode,LocationID,PeriodID,EventID,ChannelType,ChannelTypeSampledLength_Meters,NumberOfTransects,TransectSpacingInterval_Meters,dwcType,dwcBasisOfRecord
Buffalo National River,BUFF,BUFFRMFISHBM01,BUFFRMFISH2006MAY22,BUFFRMFISH2006MAY23,main,290,11,29,Event,HumanObservation
Buffalo National River,BUFF,BUFFRMFISHBM01,BUFFRMFISH2007May21,BUFFRMFish2007May22,main,290,11,29,Event,HumanObservation
Buffalo National River,BUFF,BUFFRMFISHBM01,BUFFRMFISH2007May21,BUFFRMFish2007May22,side channel,290,5,29,Event,HumanObservation
Buffalo National River,BUFF,BUFFRMFISHBM01,BUFFRMFISH2008May19,BUFFRMFish2008May20,side channel,290,5,29,Event,HumanObservation
Buffalo National River,BUFF,BUFFRMFISHBM01,BUFFRMFISH2008May19,BUFFRMFish2008May20,main,290,11,29,Event,HumanObservation
Buffalo National River,BUFF,BUFFRMFISHBM01,BUFFRMFISH2009May19,BUFFRMFish2009May27,side channel,290,5,29,Event,HumanObservation
Buffalo National River,BUFF,BUFFRMFISHBM01,BUFFRMFISH2009May19,BUFFRMFish2009May27,main,290,11,29,Event,HumanObservation
Buffalo National River,BUFF,BUFFRMFISHBM01,BUFFRMFISH2010May17,BUFFRMFish2010May27,side channel,290,5,29,Event,HumanObservation
Buffalo National River,BUFF,BUFFRMFISHBM01,BUFFRMFISH2010May17,BUFFRMFish2010May27,main,290,11,29,Event,HumanObservation
Buffalo National River,BUFF,BUFFRMFISHBM01,BUFFRMFISH2013May20,BUFFRMFish2013May29,side channel,290,5,29,Event,HumanObservation
Buffalo National River,BUFF,BUFFRMFISHBM01,BUFFRMFISH2013May20,BUFFRMFish2013May29,main,290,11,29,Event,HumanObservation
Buffalo National River,BUFF,BUFFRMFISHBM01,BUFFrmfish2015May22,BUFFrmfish2015Jun05,Side channel,290,5,29,Event,HumanObservation
Buffalo National River,BUFF,BUFFRMFISHBM01,BUFFrmfish2015May22,BUFFrmfish2015Jun05,Main,290,11,29,Event,HumanObservation
Buffalo National River,BUFF,BUFFRMFISHBM01,BUFFRMFISH2017May24,BUFFRMFISH2017May31,Side channel,290,5,29,Event,HumanObservation
Buffalo National River,BUFF,BUFFRMFISHBM01,BUFFRMFISH2017May24,BUFFRMFISH2017May31,Main,290,11,29,Event,HumanObservation
Buffalo National River,BUFF,BUFFRMFISHBM01,BUFFRMFISH2019May22,BUFFRMFISH2019May23,side channel,290,5,29,Event,HumanObservation
Buffalo National River,BUFF,BUFFRMFISHBM01,BUFFRMFISH2019May22,BUFFRMFISH2019May23,main,290,11,29,Event,HumanObservation
Buffalo National River,BUFF,BUFFRMFISHBM01,BUFFRMFISH2023May23,BUFFRMFISH2023May24,main,290,11,29,Event,HumanObservation
Buffalo National River,BUFF,BUFFRMFISHBM01,BUFFRMFISH2023May23,BUFFRMFISH2023May24,side channel,290,6,29,Event,HumanObservation
Buffalo National River,BUFF,BUFFRMFISHBM02,BUFFRMFISH2006MAY22,BUFFRMFISH2006MAY30,main,440,11,44,Event,HumanObservation
Buffalo National River,BUFF,BUFFRMFISHBM02,BUFFRMFISH2007May21,BUFFRMFish2007May23,main,440,11,44,Event,HumanObservation
Buffalo National River,BUFF,BUFFRMFISHBM02,BUFFRMFISH2008May19,BUFFRMFish2008May22,main,440,11,44,Event,HumanObservation
Buffalo National River,BUFF,BUFFRMFISHBM02,BUFFRMFISH2009May19,BUFFRMFish2009May28,main,440,11,44,Event,HumanObservation
Buffalo National River,BUFF,BUFFRMFISHBM02,BUFFRMFISH2010May17,BUFFRMFish2010May26,main,440,11,44,Event,HumanObservation
Buffalo National River,BUFF,BUFFRMFISHBM02,BUFFRMFISH2013May20,BUFFRMFish2013May28,main,440,11,44,Event,HumanObservation
Buffalo National River,BUFF,BUFFRMFISHBM02,BUFFrmfish2015May22,BUFFrmfish2015Jun09,Main,440,11,44,Event,HumanObservation
Buffalo National River,BUFF,BUFFRMFISHBM02,BUFFRMFISH2017May24,BUFFRMFISH2017Jun01,Main,440,11,44,Event,HumanObservation
Buffalo National River,BUFF,BUFFRMFISHBM02,BUFFRMFISH2019May22,BUFFRMFISH2019Jun12,main,440,11,44,Event,HumanObservation
Buffalo National River,BUFF,BUFFRMFISHBM03,BUFFRMFISH2006MAY22,BUFFRMFISH2006JUN01,main,600,11,60,Event,HumanObservation
Buffalo National River,BUFF,BUFFRMFISHBM03,BUFFRMFISH2007May21,BUFFRMFish2007May30,main,600,11,60,Event,HumanObservation
Buffalo National River,BUFF,BUFFRMFISHBM03,BUFFRMFISH2008May19,BUFFRMFish2008Jun03,main,600,11,60,Event,HumanObservation
Buffalo National River,BUFF,BUFFRMFISHBM03,BUFFRMFISH2008May19,BUFFRMFish2008Jun03,backwater_main,23,3,10,Event,HumanObservation
Buffalo National River,BUFF,BUFFRMFISHBM03,BUFFRMFISH2009May19,BUFFRMFish2009Jun03,main,600,11,60,Event,HumanObservation
Buffalo National River,BUFF,BUFFRMFISHBM03,BUFFRMFISH2010May17,BUFFRMFish2010Jun01,main,600,11,60,Event,HumanObservation
Buffalo National River,BUFF,BUFFRMFISHBM03,BUFFRMFISH2013May20,BUFFRMFish2013Jun19,main,600,11,60,Event,HumanObservation
Buffalo National River,BUFF,BUFFRMFISHBM03,BUFFrmfish2015May22,BUFFrmfish2015Jun30,backwater_main,25,3,12.5,Event,HumanObservation
Buffalo National River,BUFF,BUFFRMFISHBM03,BUFFrmfish2015May22,BUFFrmfish2015Jun30,Main,600,11,60,Event,HumanObservation
Buffalo National River,BUFF,BUFFRMFISHBM03,BUFFRMFISH2017May24,BUFFRMFISH2017Jun02,Main,560,11,56,Event,HumanObservation
Buffalo National River,BUFF,BUFFRMFISHBM03,BUFFRMFISH2019May22,BUFFRMFISH2019Jun14,main,600,11,60,Event,HumanObservation
Buffalo National River,BUFF,BUFFRMFISHBM03,BUFFRMFISH2023May23,BUFFRMFISH2023May25,main,600,11,60,Event,HumanObservation
Buffalo National River,BUFF,BUFFRMFISHBM04,BUFFRMFISH2006MAY22,BUFFRMFISH2006JUN02,main,620,11,62,Event,HumanObservation
Buffalo National River,BUFF,BUFFRMFISHBM04,BUFFRMFISH2007May21,BUFFRMFish2007May31,main,620,11,62,Event,HumanObservation
Buffalo National River,BUFF,BUFFRMFISHBM04,BUFFRMFISH2008May19,BUFFRMFish2008Jun04,main,620,11,62,Event,HumanObservation
Buffalo National River,BUFF,BUFFRMFISHBM04,BUFFRMFISH2009May19,BUFFRMFish2009Jun08,main,620,11,62,Event,HumanObservation
Buffalo National River,BUFF,BUFFRMFISHBM04,BUFFRMFISH2010May17,BUFFRMFish2010Jun03,main,310,6,62,Event,HumanObservation
Buffalo National River,BUFF,BUFFRMFISHBM04,BUFFRMFISH2013May20,BUFFRMFish2013Jun17,main,620,10,62,Event,HumanObservation
Buffalo National River,BUFF,BUFFRMFISHBM04,BUFFrmfish2015May22,BUFFrmfish2015Jul01,Main,620,11,62,Event,HumanObservation
Buffalo National River,BUFF,BUFFRMFISHBM04,BUFFRMFISH2017May24,BUFFRMFISH2017Jun15,Main,620,11,62,Event,HumanObservation
Buffalo National River,BUFF,BUFFRMFISHBM04,BUFFRMFISH2019May22,BUFFRMFISH2019Jun19,main,620,9,62,Event,HumanObservation
Buffalo National River,BUFF,BUFFRMFISHBM04,BUFFRMFISH2023May23,BUFFRMFISH2023Jun01,main,620,9,62,Event,HumanObservation
Buffalo National River,BUFF,BUFFRMFISHBM05,BUFFRMFISH2006MAY22,BUFFRMFISH2006JUN12,main,560,11,56,Event,HumanObservation
Buffalo National River,BUFF,BUFFRMFISHBM05,BUFFRMFISH2007May21,BUFFRMFish2007Jun20,main,560,11,56,Event,HumanObservation
Buffalo National River,BUFF,BUFFRMFISHBM05,BUFFRMFISH2008May19,BUFFRMFish2008Jun05,main,560,11,56,Event,HumanObservation
Buffalo National River,BUFF,BUFFRMFISHBM05,BUFFRMFISH2009May19,BUFFRMFish2009Jun09,main,560,11,56,Event,HumanObservation
Buffalo National River,BUFF,BUFFRMFISHBM05,BUFFRMFISH2010May17,BUFFRMFish2010Jun02,main,560,11,56,Event,HumanObservation
Buffalo National River,BUFF,BUFFRMFISHBM05,BUFFRMFISH2013May20,BUFFRMFish2013Jun18,main,560,11,56,Event,HumanObservation
Buffalo National River,BUFF,BUFFRMFISHBM05,BUFFRMFISH2017May24,BUFFRMFISH2017Jun14,Main,560,11,56,Event,HumanObservation
Buffalo National River,BUFF,BUFFRMFISHBM05,BUFFRMFISH2017May24,BUFFRMFISH2017Jun14,Backwater_main,62,3,31,Event,HumanObservation
Buffalo National River,BUFF,BUFFRMFISHBM05,BUFFRMFISH2019May22,BUFFRMFISH2019Jun18,main,560,11,56,Event,HumanObservation
Buffalo National River,BUFF,BUFFRMFISHBM05,BUFFRMFISH2023May23,BUFFRMFISH2023Jun07,main,560,11,56,Event,HumanObservation
Buffalo National River,BUFF,BUFFRMFISHBM06,BUFFRMFISH2006MAY22,BUFFRMFISH2006JUN05,main,726,11,73,Event,HumanObservation
Buffalo National River,BUFF,BUFFRMFISHBM06,BUFFRMFISH2007May21,BUFFRMFish2007Jun04,main,726,11,73,Event,HumanObservation
Buffalo National River,BUFF,BUFFRMFISHBM06,BUFFRMFISH2008May19,BUFFRMFish2008Jun18,main,726,11,72,Event,HumanObservation
Buffalo National River,BUFF,BUFFRMFISHBM06,BUFFRMFISH2009May19,BUFFRMFish2009Jun10,main,726,11,73,Event,HumanObservation
Buffalo National River,BUFF,BUFFRMFISHBM06,BUFFRMFISH2010May17,BUFFRMFish2010Jun09,main,726,11,72,Event,HumanObservation
Buffalo National River,BUFF,BUFFRMFISHBM06,BUFFRMFISH2013May20,BUFFRMFish2013Jun11,main,726,11,72.6,Event,HumanObservation
Buffalo National River,BUFF,BUFFRMFISHBM06,BUFFRMFISH2017May24,BUFFRMFISH2017Jun21,Main,726,11,72.6,Event,HumanObservation
Buffalo National River,BUFF,BUFFRMFISHBM06,BUFFRMFISH2019May22,BUFFRMFISH2019Jun20,main,726,11,72.6,Event,HumanObservation
Buffalo National River,BUFF,BUFFRMFISHBM06,BUFFRMFISH2023May23,BUFFRMFISH2023Jun14,main,726,11,72.6,Event,HumanObservation
Buffalo National River,BUFF,BUFFRMFISHBT01,BUFFRMFISH2009May19,BUFFRMFish2009May19,main,150,11,15,Event,HumanObservation
Buffalo National River,BUFF,BUFFRMFISHBT03,BUFFRMFISH2006MAY22,BUFFRMFISH2006MAY22,main,150,11,15,Event,HumanObservation
Buffalo National River,BUFF,BUFFRMFISHBT04,BUFFRMFISH2008May19,BUFFRMFish2008May21,main,150,11,15,Event,HumanObservation
Buffalo National River,BUFF,BUFFRMFISHBT05,BUFFRMFISH2007May21,BUFFRMFish2007May21,main,180,11,18,Event,HumanObservation
Buffalo National River,BUFF,BUFFRMFISHBT05,BUFFrmfish2015May22,BUFFrmfish2015Jun03,Main,232,11,23,Event,HumanObservation
Buffalo National River,BUFF,BUFFRMFISHBT05,BUFFRMFISH2019May22,BUFFRMFISH2019Jun05,main,232,10,23,Event,HumanObservation
Buffalo National River,BUFF,BUFFRMFISHBT05,BUFFRMFISH2023May23,BUFFRMFISH2023Jun02,main,232,9,23,Event,HumanObservation
Buffalo National River,BUFF,BUFFRMFISHBT06,BUFFRMFISH2009May19,BUFFRMFish2009May19,main,150,11,15,Event,HumanObservation
Buffalo National River,BUFF,BUFFRMFISHBT07,BUFFRMFISH2007May21,BUFFRMFish2007May25,main,180,11,18,Event,HumanObservation
Buffalo National River,BUFF,BUFFRMFISHBT07,BUFFRMFISH2013May20,BUFFRMFish2013May21,main,180,11,18,Event,HumanObservation
Buffalo National River,BUFF,BUFFRMFISHBT07,BUFFrmfish2015May22,BUFFrmfish2015May22,Main,180,11,18,Event,HumanObservation
Buffalo National River,BUFF,BUFFRMFISHBT07,BUFFRMFISH2017May24,BUFFRMFISH2017May24,Main,180,11,18,Event,HumanObservation
Buffalo National River,BUFF,BUFFRMFISHBT07,BUFFRMFISH2019May22,BUFFRMFISH2019May22,main,180,11,18,Event,HumanObservation
Buffalo National River,BUFF,BUFFRMFISHBT07,BUFFRMFISH2021May17,BUFFRMFISH2021May18,main,180,11,18,Event,HumanObservation
Buffalo National River,BUFF,BUFFRMFISHBT07,BUFFRMFISH2023May23,BUFFRMFISH2023May23,main,180,11,18,Event,HumanObservation
Buffalo National River,BUFF,BUFFRMFISHBT08,BUFFRMFISH2010May17,BUFFRMFish2010May17,main,150,11,15,Event,HumanObservation
Buffalo National River,BUFF,BUFFRMFISHBT09,BUFFRMFISH2006MAY22,BUFFRMFISH2006MAY30,main,260,11,26,Event,HumanObservation
Buffalo National River,BUFF,BUFFRMFISHBT09,BUFFrmfish2015May22,BUFFrmfish2015Jun10,Main,260,11,26,Event,HumanObservation
Buffalo National River,BUFF,BUFFRMFISHBT09,BUFFRMFISH2019May22,BUFFRMFISH2019Jun12,main,260,11,26,Event,HumanObservation
Buffalo National River,BUFF,BUFFRMFISHBT10,BUFFRMFISH2009May19,BUFFRMFish2009May20,main,150,11,15,Event,HumanObservation
Buffalo National River,BUFF,BUFFRMFISHBT11,BUFFRMFISH2009May19,BUFFRMFish2009May20,main,150,11,15,Event,HumanObservation
Buffalo National River,BUFF,BUFFRMFISHBT12,BUFFRMFISH2007May21,BUFFRMFish2007May29,main,150,11,15,Event,HumanObservation
Buffalo National River,BUFF,BUFFRMFISHBT13,BUFFRMFISH2008May19,BUFFRMFish2008May23,main,220,11,22,Event,HumanObservation
Buffalo National River,BUFF,BUFFRMFISHBT14,BUFFRMFISH2010May17,BUFFRMFish2010May18,main,150,11,15,Event,HumanObservation
Buffalo National River,BUFF,BUFFRMFISHBT15,BUFFRMFISH2008May19,BUFFRMFish2008May28,main,200,11,20,Event,HumanObservation
Buffalo National River,BUFF,BUFFRMFISHBT15,BUFFRMFISH2012May21,BUFFRMFish2012May22,main,150,11,15,Event,HumanObservation
Buffalo National River,BUFF,BUFFRMFISHBT15,BUFFRMFISH2013May20,BUFFRMFish2013May20,main,200,11,20,Event,HumanObservation
Buffalo National River,BUFF,BUFFRMFISHBT15,BUFFrmfish2015May22,BUFFrmfish2015May28,Main,200,11,20,Event,HumanObservation
Buffalo National River,BUFF,BUFFRMFISHBT15,BUFFRMFISH2017May24,BUFFRMFISH2017May24,Main,200,11,20,Event,HumanObservation
Buffalo National River,BUFF,BUFFRMFISHBT15,BUFFRMFISH2019May22,BUFFRMFISH2019Jun06,main,200,11,20,Event,HumanObservation
Buffalo National River,BUFF,BUFFRMFISHBT15,BUFFRMFISH2021May17,BUFFRMFISH2021May17,main,200,11,20,Event,HumanObservation
Buffalo National River,BUFF,BUFFRMFISHBT15,BUFFRMFISH2023May23,BUFFRMFISH2023May26,main,200,11,20,Event,HumanObservation
Buffalo National River,BUFF,BUFFRMFISHBT16,BUFFRMFISH2008May19,BUFFRMFish2008May27,main,150,11,15,Event,HumanObservation
Buffalo National River,BUFF,BUFFRMFISHBT17,BUFFRMFISH2010May17,BUFFRMFish2010Jun23,main,460,11,46,Event,HumanObservation
Buffalo National River,BUFF,BUFFRMFISHBT19,BUFFRMFISH2008May19,BUFFRMFish2008May19,main,165,11,16.5,Event,HumanObservation
Buffalo National River,BUFF,BUFFRMFISHBT19,BUFFRMFISH2013May20,BUFFRMFish2013Jun06,main,165,11,16.5,Event,HumanObservation
Buffalo National River,BUFF,BUFFRMFISHBT19,BUFFrmfish2015May22,BUFFrmfish2015May29,Main,165,11,16.5,Event,HumanObservation
Buffalo National River,BUFF,BUFFRMFISHBT19,BUFFRMFISH2017May24,BUFFRMFISH2017May25,Main,165,11,16.5,Event,HumanObservation
Buffalo National River,BUFF,BUFFRMFISHBT19,BUFFRMFISH2019May22,BUFFRMFISH2019May24,main,165,11,16.5,Event,HumanObservation
Buffalo National River,BUFF,BUFFRMFISHBT19,BUFFRMFISH2021May17,BUFFRMFISH2021Jun09,main,165,11,16.5,Event,HumanObservation
Buffalo National River,BUFF,BUFFRMFISHBT19,BUFFRMFISH2023May23,BUFFRMFISH2023May30,main,165,11,16.5,Event,HumanObservation
Buffalo National River,BUFF,BUFFRMFISHBT20,BUFFRMFISH2009May19,BUFFRMFish2009May21,main,500,11,50,Event,HumanObservation
Buffalo National River,BUFF,BUFFRMFISHBT20,BUFFRMFISH2012May21,BUFFRMFish2012May22,main,500,11,50,Event,HumanObservation
Buffalo National River,BUFF,BUFFRMFISHBT20,BUFFRMFISH2013May20,BUFFRMFish2013Jun10,main,450,11,45,Event,HumanObservation
Buffalo National River,BUFF,BUFFRMFISHBT20,BUFFrmfish2015May22,BUFFrmfish2015Jun15,Main,500,11,50,Event,HumanObservation
Buffalo National River,BUFF,BUFFRMFISHBT20,BUFFRMFISH2017May24,BUFFRMFISH2017May30,Main,450,11,45,Event,HumanObservation
Buffalo National River,BUFF,BUFFRMFISHBT20,BUFFRMFISH2019May22,BUFFRMFISH2019May28,main,450,11,45,Event,HumanObservation
Buffalo National River,BUFF,BUFFRMFISHBT20,BUFFRMFISH2021May17,BUFFRMFISH2021Jun16,main,450,11,45,Event,HumanObservation
Buffalo National River,BUFF,BUFFRMFISHBT20,BUFFRMFISH2023May23,BUFFRMFISH2023May31,main,450,11,45,Event,HumanObservation
Buffalo National River,BUFF,BUFFRMFISHBT21,BUFFRMFISH2007May21,BUFFRMFish2007Jun01,main,150,11,15,Event,HumanObservation
Buffalo National River,BUFF,BUFFRMFISHBT22,BUFFRMFISH2006MAY22,BUFFRMFISH2006MAY25,main,150,11,15,Event,HumanObservation
Buffalo National River,BUFF,BUFFRMFISHBT23,BUFFRMFISH2009May19,BUFFRMFish2009May26,main,150,11,15,Event,HumanObservation
Buffalo National River,BUFF,BUFFRMFISHBT23,BUFFrmfish2015May22,BUFFrmfish2015Jun04,Main,150,11,15,Event,HumanObservation
Buffalo National River,BUFF,BUFFRMFISHBT23,BUFFRMFISH2019May22,BUFFRMFISH2019Jun17,main,150,11,15,Event,HumanObservation
Buffalo National River,BUFF,BUFFRMFISHBT23,BUFFRMFISH2023May23,BUFFRMFISH2023Jun06,main,150,11,15,Event,HumanObservation
Buffalo National River,BUFF,BUFFRMFISHBT24,BUFFRMFISH2006MAY22,BUFFRMFISH2006MAY24,main,150,11,15,Event,HumanObservation
Buffalo National River,BUFF,BUFFRMFISHBT25,BUFFRMFISH2007May21,BUFFRMFish2007Jun06,main,150,11,15,Event,HumanObservation
Buffalo National River,BUFF,BUFFRMFISHBT27,BUFFRMFISH2010May17,BUFFRMFish2010Jun08,main,180,11,18,Event,HumanObservation
Buffalo National River,BUFF,BUFFRMFISHBT27,BUFFRMFISH2012May21,BUFFRMFish2012May21,main,180,11,18,Event,HumanObservation
Buffalo National River,BUFF,BUFFRMFISHBT27,BUFFRMFISH2013May20,BUFFRMFish2013May20,main,180,11,18,Event,HumanObservation
Buffalo National River,BUFF,BUFFRMFISHBT27,BUFFRMFISH2017May24,BUFFRMFISH2017Jun13,Main,180,11,18,Event,HumanObservation
Buffalo National River,BUFF,BUFFRMFISHBT27,BUFFRMFISH2021May17,BUFFRMFISH2021May24,main,180,11,18,Event,HumanObservation
Buffalo National River,BUFF,BUFFRMFISHBT28,BUFFRMFISH2008May19,BUFFRMFish2008Jun18,main,150,11,15,Event,HumanObservation
Buffalo National River,BUFF,BUFFRMFISHBT29,BUFFRMFISH2010May17,BUFFRMFish2010Jun10,main,370,11,36,Event,HumanObservation
Buffalo National River,BUFF,BUFFRMFISHBT30,BUFFRMFISH2006MAY22,BUFFRMFISH2006JUN06,main,150,11,15,Event,HumanObservation
Buffalo National River,BUFF,BUFFRMFISHBT30,BUFFRMFISH2013May20,BUFFRMFish2013Jun12,main,150,11,15,Event,HumanObservation
Buffalo National River,BUFF,BUFFRMFISHBT30,BUFFRMFISH2017May24,BUFFRMFISH2017Jun22,Main,150,11,15,Event,HumanObservation
Buffalo National River,BUFF,BUFFRMFISHBT30,BUFFRMFISH2021May17,BUFFRMFISH2021Jun10,main,150,11,15,Event,HumanObservation
Buffalo National River,BUFF,BUFFRMFISHBT31,BUFFRMFISH2006MAY22,BUFFRMFISH2006JUN06,main,150,11,15,Event,HumanObservation
Buffalo National River,BUFF,BUFFRMFISHBT31,BUFFRMFISH2013May20,BUFFRMFish2013Jun12,main,150,11,15,Event,HumanObservation
Buffalo National River,BUFF,BUFFRMFISHBT31,BUFFRMFISH2017May24,BUFFRMFISH2017Jun22,Main,150,11,15,Event,HumanObservation
Buffalo National River,BUFF,BUFFRMFISHBT31,BUFFRMFISH2021May17,BUFFRMFISH2021Jun11,main,150,11,15,Event,HumanObservation
Buffalo National River,BUFF,BUFFRMFISHBT32,BUFFRMFISH2010May17,BUFFRMFish2010Jun11,main,150,11,15,Event,HumanObservation
Buffalo National River,BUFF,BUFFRMFISHBT33,BUFFRMFISH2007May21,BUFFRMFish2007Jun05,main,150,11,15,Event,HumanObservation
Effigy Mounds National Monument,EFMO,EFMOStfish01,EFMOStfish2008Jul09,EFMOStfish2008Jul09,main,150,11,15,Event,HumanObservation
Effigy Mounds National Monument,EFMO,EFMOStfish01,EFMOStfish2014Aug13,EFMOStfish2014Aug13,main,150,11,15,Event,HumanObservation
Effigy Mounds National Monument,EFMO,EFMOStfish01,EFMOStfish2017July18,EFMOStfish2017Jul18,Main,150,11,15,Event,HumanObservation
Effigy Mounds National Monument,EFMO,EFMOStfish01,EFMOStfish2023Jul19,EFMOStfish2023Jul19,main,150,11,15,Event,HumanObservation
George Washington Carver National Monument,GWCA,GWCAStfish01,GWCAStfish2006Jun28,GWCAStfish2006Jun28,main,150,11,15,Event,HumanObservation
George Washington Carver National Monument,GWCA,GWCAStfish01,GWCAStfish2007May02,GWCAStfish2007May02,main,150,11,15,Event,HumanObservation
George Washington Carver National Monument,GWCA,GWCAStfish01,GWCAStfish2010May05,GWCAStfish2010May05,main,150,11,15,Event,HumanObservation
George Washington Carver National Monument,GWCA,GWCAStfish01,GWCAStfish2013May01,GWCAStfish2013May01,main,150,11,15,Event,HumanObservation
George Washington Carver National Monument,GWCA,GWCAStfish01,GWCAStfish2016May02,GWCAStfish2016May02,Main,150,11,15,Event,HumanObservation
George Washington Carver National Monument,GWCA,GWCAStfish01,GWCAStfish2019May06,GWCAStfish2019May06,main,150,11,15,Event,HumanObservation
George Washington Carver National Monument,GWCA,GWCAStfish01,GWCAStfish2022May02,GWCAStfish2022May03,main,150,11,15,Event,HumanObservation
George Washington Carver National Monument,GWCA,GWCAStfish02,GWCAStfish2006Jun28,GWCAStfish2006Jun28,main,150,11,15,Event,HumanObservation
George Washington Carver National Monument,GWCA,GWCAStfish02,GWCAStfish2007May02,GWCAStfish2007May02,main,150,11,15,Event,HumanObservation
George Washington Carver National Monument,GWCA,GWCAStfish02,GWCAStfish2010May05,GWCAStfish2010May05,main,150,11,15,Event,HumanObservation
George Washington Carver National Monument,GWCA,GWCAStfish02,GWCAStfish2013May01,GWCAStfish2013May01,main,150,11,15,Event,HumanObservation
George Washington Carver National Monument,GWCA,GWCAStfish02,GWCAStfish2016May02,GWCAStfish2016May02,Main,105,8,15,Event,HumanObservation
George Washington Carver National Monument,GWCA,GWCAStfish02,GWCAStfish2019May06,GWCAStfish2019May06,main,150,11,15,Event,HumanObservation
George Washington Carver National Monument,GWCA,GWCAStfish02,GWCAStfish2022May02,GWCAStfish2022May09,main,150,11,15,Event,HumanObservation
George Washington Carver National Monument,GWCA,GWCAStfish03,GWCAStfish2006Jun28,GWCAStfish2006Jun28,main,150,11,15,Event,HumanObservation
George Washington Carver National Monument,GWCA,GWCAStfish03,GWCAStfish2007May02,GWCAStfish2007May02,main,150,11,15,Event,HumanObservation
George Washington Carver National Monument,GWCA,GWCAStfish03,GWCAStfish2010May05,GWCAStfish2010May05,main,150,11,15,Event,HumanObservation
George Washington Carver National Monument,GWCA,GWCAStfish03,GWCAStfish2013May01,GWCAStfish2013May01,main,150,11,15,Event,HumanObservation
George Washington Carver National Monument,GWCA,GWCAStfish03,GWCAStfish2016May02,GWCAStfish2016May02,Main,150,11,15,Event,HumanObservation
George Washington Carver National Monument,GWCA,GWCAStfish03,GWCAStfish2019May06,GWCAStfish2019May06,main,150,11,15,Event,HumanObservation
George Washington Carver National Monument,GWCA,GWCAStfish03,GWCAStfish2022May02,GWCAStfish2022May03,main,150,11,15,Event,HumanObservation
Herbert Hoover National Historic Site,HEHO,HEHOStfish01,HEHOStfish2008Jul08,HEHOStfish2008Jul08,main,150,11,15,Event,HumanObservation
Herbert Hoover National Historic Site,HEHO,HEHOStfish01,HEHOStfish2011Jul11,HEHOStfish2011Jul11,main,150,11,15,Event,HumanObservation
Herbert Hoover National Historic Site,HEHO,HEHOStfish01,HEHOStfish2014Aug12,HEHOStfish2014Aug12,main,150,11,15,Event,HumanObservation
Herbert Hoover National Historic Site,HEHO,HEHOStfish01,HEHOStfish2017July18,HEHOStfish2017Jul18,Main,150,11,15,Event,HumanObservation
Herbert Hoover National Historic Site,HEHO,HEHOStfish01,HEHOStfish2021Jul26,HEHOStfish2021Jul26,main,150,11,15,Event,HumanObservation
Herbert Hoover National Historic Site,HEHO,HEHOStfish01,HEHOStfish2022Jul05,HEHOStfish2022Jul05,main,150,11,15,Event,HumanObservation
Herbert Hoover National Historic Site,HEHO,HEHOStfish01,HEHOStfish2023Jul17,HEHOStfish2023Jul17,main,150,11,15,Event,HumanObservation
Hot Springs National Park,HOSP,HOSPStfish01,HOSPStfish2009Jun16,HOSPStfish2009Jun16,main,150,11,15,Event,HumanObservation
Hot Springs National Park,HOSP,HOSPStfish01,HOSPStfish2012Jul10,HOSPStfish2012Jul10,main,150,11,15,Event,HumanObservation
Hot Springs National Park,HOSP,HOSPStfish01,HOSPStfish2015Jul07,HOSPStfish2015Jul07,Main,150,11,15,Event,HumanObservation
Hot Springs National Park,HOSP,HOSPStfish01,HOSPStfish2018Jul09,HOSPStfish2018Jul09,main,150,10,15,Event,HumanObservation
Hot Springs National Park,HOSP,HOSPStfish02,HOSPStfish2009Jun16,HOSPStfish2009Jun16,main,150,11,15,Event,HumanObservation
Hot Springs National Park,HOSP,HOSPStfish02,HOSPStfish2012Jul10,HOSPStfish2012Jul10,main,150,11,15,Event,HumanObservation
Hot Springs National Park,HOSP,HOSPStfish02,HOSPStfish2015Jul07,HOSPStfish2015Jul07,Main,150,11,15,Event,HumanObservation
Hot Springs National Park,HOSP,HOSPStfish02,HOSPStfish2018Jul09,HOSPStfish2018Jul10,main,150,11,15,Event,HumanObservation
Ozark National Scenic Riverways,OZAR,OZARRMFISHCM01,OZARRMFISH2006OCT02,OZARRMFISH2006OCT04,main,342,11,34.2,Event,HumanObservation
Ozark National Scenic Riverways,OZAR,OZARRMFISHCM01,OZARRMFISH2007Oct01,OZARRMFish2007Oct18,main,342,11,34,Event,HumanObservation
Ozark National Scenic Riverways,OZAR,OZARRMFISHCM01,OZARRMFISH2008Oct06,OZARRMFish2008Oct09,main,342,11,34,Event,HumanObservation
Ozark National Scenic Riverways,OZAR,OZARRMFISHCM01,OZARRMFISH2009Oct05,OZARRMFish2009Oct06,main,342,11,34,Event,HumanObservation
Ozark National Scenic Riverways,OZAR,OZARRMFISHCM01,OZARRMFISH2012Sep24,OZARRMFish2012Sep24,main,342,11,34,Event,HumanObservation
Ozark National Scenic Riverways,OZAR,OZARRMFISHCM01,OZARRMFISH2014Sep22,OZARRMFish2014Sep23,main,342,11,34.2,Event,HumanObservation
Ozark National Scenic Riverways,OZAR,OZARRMFISHCM01,OZARRMFish2016Sep19,OZARRMFish2016Sep19,Main,342,11,34,Event,HumanObservation
Ozark National Scenic Riverways,OZAR,OZARRMFISHCM01,OZARRMFISH2018Sep18,OZARRMFISH2018Sep19,main,342,10,34,Event,HumanObservation
Ozark National Scenic Riverways,OZAR,OZARRMFISHCM01,OZARRMFISH2022Aug29,OZARRMFISH2022Aug29,main,342,10,34,Event,HumanObservation
Ozark National Scenic Riverways,OZAR,OZARRMFISHCM02,OZARRMFISH2006OCT02,OZARRMFISH2006OCT20,main,500,11,50,Event,HumanObservation
Ozark National Scenic Riverways,OZAR,OZARRMFISHCM02,OZARRMFISH2006OCT02,OZARRMFISH2006OCT20,backwater_main,-999,3,-999,Event,HumanObservation
Ozark National Scenic Riverways,OZAR,OZARRMFISHCM02,OZARRMFISH2007Oct01,OZARRMFish2007Oct10,backwater_main,50,3,16,Event,HumanObservation
Ozark National Scenic Riverways,OZAR,OZARRMFISHCM02,OZARRMFISH2007Oct01,OZARRMFish2007Oct10,main,500,11,50,Event,HumanObservation
Ozark National Scenic Riverways,OZAR,OZARRMFISHCM02,OZARRMFISH2008Oct06,OZARRMFish2008Oct16,backwater_main,50,3,25,Event,HumanObservation
Ozark National Scenic Riverways,OZAR,OZARRMFISHCM02,OZARRMFISH2008Oct06,OZARRMFish2008Oct16,main,500,10,50,Event,HumanObservation
Ozark National Scenic Riverways,OZAR,OZARRMFISHCM02,OZARRMFISH2009Oct05,OZARRMFish2009Oct07,main,500,11,50,Event,HumanObservation
Ozark National Scenic Riverways,OZAR,OZARRMFISHCM02,OZARRMFISH2009Oct05,OZARRMFish2009Oct07,backwater_main,42,3,21,Event,HumanObservation
Ozark National Scenic Riverways,OZAR,OZARRMFISHCM02,OZARRMFISH2012Sep24,OZARRMFish2012Sep27,backwater_main,-999,2,-999,Event,HumanObservation
Ozark National Scenic Riverways,OZAR,OZARRMFISHCM02,OZARRMFISH2012Sep24,OZARRMFish2012Sep27,main,500,11,50,Event,HumanObservation
Ozark National Scenic Riverways,OZAR,OZARRMFISHCM02,OZARRMFISH2014Sep22,OZARRMFish2014Sep24,main,500,10,50,Event,HumanObservation
Ozark National Scenic Riverways,OZAR,OZARRMFISHCM02,OZARRMFish2016Sep19,OZARRMFish2016Sep28,Main,450,11,45,Event,HumanObservation
Ozark National Scenic Riverways,OZAR,OZARRMFISHCM02,OZARRMFish2016Sep19,OZARRMFish2016Sep28,Backwater_main,40,3,20,Event,HumanObservation
Ozark National Scenic Riverways,OZAR,OZARRMFISHCM02,OZARRMFISH2018Sep18,OZARRMFISH2018Sep26,main,500,11,50,Event,HumanObservation
Ozark National Scenic Riverways,OZAR,OZARRMFISHCM02,OZARRMFISH2022Aug29,OZARRMFISH2022Aug30,main,350,11,35,Event,HumanObservation
Ozark National Scenic Riverways,OZAR,OZARRMFISHCM02,OZARRMFISH2022Aug29,OZARRMFISH2022Aug30,backwater_main,57,3,23.5,Event,HumanObservation
Ozark National Scenic Riverways,OZAR,OZARRMFISHCM03,OZARRMFISH2006OCT02,OZARRMFISH2006OCT19,main,660,11,66,Event,HumanObservation
Ozark National Scenic Riverways,OZAR,OZARRMFISHCM03,OZARRMFISH2006OCT02,OZARRMFISH2006OCT19,backwater_main,76,3,37.9,Event,HumanObservation
Ozark National Scenic Riverways,OZAR,OZARRMFISHCM03,OZARRMFISH2007Oct01,OZARRMFish2007Oct10,main,660,11,66,Event,HumanObservation
Ozark National Scenic Riverways,OZAR,OZARRMFISHCM03,OZARRMFISH2007Oct01,OZARRMFish2007Oct10,backwater_main,57,3,28.5,Event,HumanObservation
Ozark National Scenic Riverways,OZAR,OZARRMFISHCM03,OZARRMFISH2008Oct06,OZARRMFish2008Oct17,main,660,11,66,Event,HumanObservation
Ozark National Scenic Riverways,OZAR,OZARRMFISHCM03,OZARRMFISH2008Oct06,OZARRMFish2008Oct17,backwater_main,44,3,22,Event,HumanObservation
Ozark National Scenic Riverways,OZAR,OZARRMFISHCM03,OZARRMFISH2009Oct05,OZARRMFish2009Oct08,main,660,11,66,Event,HumanObservation
Ozark National Scenic Riverways,OZAR,OZARRMFISHCM03,OZARRMFISH2012Sep24,OZARRMFish2012Sep26,main,660,11,66,Event,HumanObservation
Ozark National Scenic Riverways,OZAR,OZARRMFISHCM03,OZARRMFISH2014Sep22,OZARRMFish2014Sep25,backwater_main,184,3,61.5,Event,HumanObservation
Ozark National Scenic Riverways,OZAR,OZARRMFISHCM03,OZARRMFISH2014Sep22,OZARRMFish2014Sep25,main,660,11,66,Event,HumanObservation
Ozark National Scenic Riverways,OZAR,OZARRMFISHCM03,OZARRMFish2016Sep19,OZARRMFish2016Sep29,Main,660,11,66,Event,HumanObservation
Ozark National Scenic Riverways,OZAR,OZARRMFISHCM03,OZARRMFish2016Sep19,OZARRMFish2016Sep29,Backwater_main,40,3,20,Event,HumanObservation
Ozark National Scenic Riverways,OZAR,OZARRMFISHCM03,OZARRMFISH2018Sep18,OZARRMFISH2018Sep27,main,660,11,66,Event,HumanObservation
Ozark National Scenic Riverways,OZAR,OZARRMFISHCM03,OZARRMFISH2022Aug29,OZARRMFISH2022Sep06,side channel,640,11,64,Event,HumanObservation
Ozark National Scenic Riverways,OZAR,OZARRMFISHCM03,OZARRMFISH2022Aug29,OZARRMFISH2022Sep06,main,640,11,64,Event,HumanObservation
Ozark National Scenic Riverways,OZAR,OZARRMFISHCM04,OZARRMFISH2006OCT02,OZARRMFISH2006OCT25,side channel,702,8,70.2,Event,HumanObservation
Ozark National Scenic Riverways,OZAR,OZARRMFISHCM04,OZARRMFISH2006OCT02,OZARRMFISH2006OCT25,main,702,11,70.2,Event,HumanObservation
Ozark National Scenic Riverways,OZAR,OZARRMFISHCM04,OZARRMFISH2006OCT02,OZARRMFISH2006OCT25,backwater_side,55,3,27.5,Event,HumanObservation
Ozark National Scenic Riverways,OZAR,OZARRMFISHCM04,OZARRMFISH2006OCT02,OZARRMFISH2006OCT25,backwater_main,41,3,20.5,Event,HumanObservation
Ozark National Scenic Riverways,OZAR,OZARRMFISHCM04,OZARRMFISH2007Oct01,OZARRMFish2007Oct12,main,702,11,70,Event,HumanObservation
Ozark National Scenic Riverways,OZAR,OZARRMFISHCM04,OZARRMFISH2007Oct01,OZARRMFish2007Oct12,side channel,702,8,70,Event,HumanObservation
Ozark National Scenic Riverways,OZAR,OZARRMFISHCM04,OZARRMFISH2007Oct01,OZARRMFish2007Oct12,backwater_side,40,3,20,Event,HumanObservation
Ozark National Scenic Riverways,OZAR,OZARRMFISHCM04,OZARRMFISH2007Oct01,OZARRMFish2007Oct12,backwater_main,28,3,14,Event,HumanObservation
Ozark National Scenic Riverways,OZAR,OZARRMFISHCM04,OZARRMFISH2008Oct06,OZARRMFish2008Oct27,side channel,702,8,70,Event,HumanObservation
Ozark National Scenic Riverways,OZAR,OZARRMFISHCM04,OZARRMFISH2008Oct06,OZARRMFish2008Oct27,main,702,11,70,Event,HumanObservation
Ozark National Scenic Riverways,OZAR,OZARRMFISHCM04,OZARRMFISH2008Oct06,OZARRMFish2008Oct27,backwater_side,79,3,39.5,Event,HumanObservation
Ozark National Scenic Riverways,OZAR,OZARRMFISHCM04,OZARRMFISH2008Oct06,OZARRMFish2008Oct27,backwater_main,30,3,15,Event,HumanObservation
Ozark National Scenic Riverways,OZAR,OZARRMFISHCM04,OZARRMFISH2009Oct05,OZARRMFish2009Oct19,backwater_main,86,3,43,Event,HumanObservation
Ozark National Scenic Riverways,OZAR,OZARRMFISHCM04,OZARRMFISH2009Oct05,OZARRMFish2009Oct19,backwater_side,69,3,34,Event,HumanObservation
Ozark National Scenic Riverways,OZAR,OZARRMFISHCM04,OZARRMFISH2009Oct05,OZARRMFish2009Oct19,main,702,11,70,Event,HumanObservation
Ozark National Scenic Riverways,OZAR,OZARRMFISHCM04,OZARRMFISH2009Oct05,OZARRMFish2009Oct19,side channel,702,6,70,Event,HumanObservation
Ozark National Scenic Riverways,OZAR,OZARRMFISHCM04,OZARRMFISH2012Sep24,OZARRMFish2012Oct09,side channel,700,8,70,Event,HumanObservation
Ozark National Scenic Riverways,OZAR,OZARRMFISHCM04,OZARRMFISH2012Sep24,OZARRMFish2012Oct09,backwater_main,15,3,7,Event,HumanObservation
Ozark National Scenic Riverways,OZAR,OZARRMFISHCM04,OZARRMFISH2012Sep24,OZARRMFish2012Oct09,main,702,11,70,Event,HumanObservation
Ozark National Scenic Riverways,OZAR,OZARRMFISHCM04,OZARRMFISH2012Sep24,OZARRMFish2012Oct09,backwater_side,72,3,36,Event,HumanObservation
Ozark National Scenic Riverways,OZAR,OZARRMFISHCM04,OZARRMFISH2014Sep22,OZARRMFish2014Oct09,backwater_side,30,3,15,Event,HumanObservation
Ozark National Scenic Riverways,OZAR,OZARRMFISHCM04,OZARRMFISH2014Sep22,OZARRMFish2014Oct09,main,702,11,70,Event,HumanObservation
Ozark National Scenic Riverways,OZAR,OZARRMFISHCM04,OZARRMFISH2014Sep22,OZARRMFish2014Oct09,backwater_main,90,3,45,Event,HumanObservation
Ozark National Scenic Riverways,OZAR,OZARRMFISHCM04,OZARRMFISH2014Sep22,OZARRMFish2014Oct09,side channel,702,9,70,Event,HumanObservation
Ozark National Scenic Riverways,OZAR,OZARRMFISHCM04,OZARRMFish2016Sep19,OZARRMFish2016Oct05,Side channel,702,8,70,Event,HumanObservation
Ozark National Scenic Riverways,OZAR,OZARRMFISHCM04,OZARRMFish2016Sep19,OZARRMFish2016Oct05,Main,702,11,70,Event,HumanObservation
Ozark National Scenic Riverways,OZAR,OZARRMFISHCM04,OZARRMFish2016Sep19,OZARRMFish2016Oct05,Backwater_side,-999,3,-999,Event,HumanObservation
Ozark National Scenic Riverways,OZAR,OZARRMFISHCM04,OZARRMFish2016Sep19,OZARRMFish2016Oct05,Backwater_main,25,3,12.5,Event,HumanObservation
Ozark National Scenic Riverways,OZAR,OZARRMFISHCM04,OZARRMFISH2018Sep18,OZARRMFISH2018Oct09,side channel,702,9,70.2,Event,HumanObservation
Ozark National Scenic Riverways,OZAR,OZARRMFISHCM04,OZARRMFISH2018Sep18,OZARRMFISH2018Oct09,main,702,11,70.2,Event,HumanObservation
Ozark National Scenic Riverways,OZAR,OZARRMFISHCM04,OZARRMFISH2018Sep18,OZARRMFISH2018Oct09,backwater_side,38,3,19,Event,HumanObservation
Ozark National Scenic Riverways,OZAR,OZARRMFISHCM04,OZARRMFISH2018Sep18,OZARRMFISH2018Oct09,backwater_main,32,3,16,Event,HumanObservation
Ozark National Scenic Riverways,OZAR,OZARRMFISHCM04,OZARRMFISH2022Aug29,OZARRMFISH2022Sep09,side channel,702,5,70.2,Event,HumanObservation
Ozark National Scenic Riverways,OZAR,OZARRMFISHCM04,OZARRMFISH2022Aug29,OZARRMFISH2022Sep09,backwater_main,87,3,43.5,Event,HumanObservation
Ozark National Scenic Riverways,OZAR,OZARRMFISHCM04,OZARRMFISH2022Aug29,OZARRMFISH2022Sep09,main,702,11,70.2,Event,HumanObservation
Ozark National Scenic Riverways,OZAR,OZARRMFISHCM05,OZARRMFISH2006OCT02,OZARRMFISH2006OCT23,main,1000,11,100,Event,HumanObservation
Ozark National Scenic Riverways,OZAR,OZARRMFISHCM05,OZARRMFISH2007Oct01,OZARRMFish2007Oct16,backwater_main,52,3,25,Event,HumanObservation
Ozark National Scenic Riverways,OZAR,OZARRMFISHCM05,OZARRMFISH2007Oct01,OZARRMFish2007Oct16,main,1000,11,100,Event,HumanObservation
Ozark National Scenic Riverways,OZAR,OZARRMFISHCM05,OZARRMFISH2008Oct06,OZARRMFish2008Oct15,main,1000,11,100,Event,HumanObservation
Ozark National Scenic Riverways,OZAR,OZARRMFISHCM05,OZARRMFISH2008Oct06,OZARRMFish2008Oct15,backwater_main,44,3,22,Event,HumanObservation
Ozark National Scenic Riverways,OZAR,OZARRMFISHCM05,OZARRMFISH2009Oct05,OZARRMFish2009Oct20,main,1000,11,100,Event,HumanObservation
Ozark National Scenic Riverways,OZAR,OZARRMFISHCM05,OZARRMFISH2009Oct05,OZARRMFish2009Oct20,backwater_main,51,3,25,Event,HumanObservation
Ozark National Scenic Riverways,OZAR,OZARRMFISHCM05,OZARRMFISH2012Sep24,OZARRMFish2012Oct10,main,1000,11,100,Event,HumanObservation
Ozark National Scenic Riverways,OZAR,OZARRMFISHCM05,OZARRMFISH2012Sep24,OZARRMFish2012Oct10,backwater_main,120,3,60,Event,HumanObservation
Ozark National Scenic Riverways,OZAR,OZARRMFISHCM05,OZARRMFISH2014Sep22,OZARRMFish2014Oct08,backwater_main,36,3,18,Event,HumanObservation
Ozark National Scenic Riverways,OZAR,OZARRMFISHCM05,OZARRMFISH2014Sep22,OZARRMFish2014Oct08,main,1000,11,100,Event,HumanObservation
Ozark National Scenic Riverways,OZAR,OZARRMFISHCM05,OZARRMFish2016Sep19,OZARRMFish2016Oct06,Main,1000,11,100,Event,HumanObservation
Ozark National Scenic Riverways,OZAR,OZARRMFISHCM05,OZARRMFish2016Sep19,OZARRMFish2016Oct06,Backwater_main,40,3,20,Event,HumanObservation
Ozark National Scenic Riverways,OZAR,OZARRMFISHCM05,OZARRMFISH2018Sep18,OZARRMFISH2018Oct10,main,1000,10,100,Event,HumanObservation
Ozark National Scenic Riverways,OZAR,OZARRMFISHCM05,OZARRMFISH2018Sep18,OZARRMFISH2018Oct10,backwater_main,125,3,62,Event,HumanObservation
Ozark National Scenic Riverways,OZAR,OZARRMFISHCM05,OZARRMFISH2022Aug29,OZARRMFISH2022Sep12,main,1000,11,100,Event,HumanObservation
Ozark National Scenic Riverways,OZAR,OZARRMFISHCM06,OZARRMFISH2006OCT02,OZARRMFISH2006OCT24,backwater_main,189,6,38,Event,HumanObservation
Ozark National Scenic Riverways,OZAR,OZARRMFISHCM06,OZARRMFISH2006OCT02,OZARRMFISH2006OCT24,main,1000,11,100,Event,HumanObservation
Ozark National Scenic Riverways,OZAR,OZARRMFISHCM06,OZARRMFISH2007Oct01,OZARRMFish2007Oct17,main,1000,11,100,Event,HumanObservation
Ozark National Scenic Riverways,OZAR,OZARRMFISHCM06,OZARRMFISH2007Oct01,OZARRMFish2007Oct17,backwater_main,67,6,13,Event,HumanObservation
Ozark National Scenic Riverways,OZAR,OZARRMFISHCM06,OZARRMFISH2008Oct06,OZARRMFish2008Oct29,backwater_main,18,1,9,Event,HumanObservation
Ozark National Scenic Riverways,OZAR,OZARRMFISHCM06,OZARRMFISH2008Oct06,OZARRMFish2008Oct29,main,1000,11,100,Event,HumanObservation
Ozark National Scenic Riverways,OZAR,OZARRMFISHCM06,OZARRMFISH2009Oct05,OZARRMFish2009Oct21,main,1000,11,100,Event,HumanObservation
Ozark National Scenic Riverways,OZAR,OZARRMFISHCM06,OZARRMFISH2009Oct05,OZARRMFish2009Oct21,backwater_main,124,3,62,Event,HumanObservation
Ozark National Scenic Riverways,OZAR,OZARRMFISHCM06,OZARRMFISH2012Sep24,OZARRMFish2012Oct11,main,1000,11,100,Event,HumanObservation
Ozark National Scenic Riverways,OZAR,OZARRMFISHCM06,OZARRMFISH2012Sep24,OZARRMFish2012Oct11,backwater_main,103,3,51.5,Event,HumanObservation
Ozark National Scenic Riverways,OZAR,OZARRMFISHCM06,OZARRMFISH2014Sep22,OZARRMFish2014Oct16,main,1000,11,100,Event,HumanObservation
Ozark National Scenic Riverways,OZAR,OZARRMFISHCM06,OZARRMFISH2014Sep22,OZARRMFish2014Oct16,backwater_main,223,6,45,Event,HumanObservation
Ozark National Scenic Riverways,OZAR,OZARRMFISHCM06,OZARRMFish2016Sep19,OZARRMFish2016Oct12,Main,1000,11,100,Event,HumanObservation
Ozark National Scenic Riverways,OZAR,OZARRMFISHCM06,OZARRMFish2016Sep19,OZARRMFish2016Oct12,backwater_main,90,6,18,Event,HumanObservation
Ozark National Scenic Riverways,OZAR,OZARRMFISHCM06,OZARRMFISH2018Sep18,OZARRMFISH2018Oct11,backwater_main,347,6,69,Event,HumanObservation
Ozark National Scenic Riverways,OZAR,OZARRMFISHCM06,OZARRMFISH2018Sep18,OZARRMFISH2018Oct11,main,1000,11,100,Event,HumanObservation
Ozark National Scenic Riverways,OZAR,OZARRMFISHCT01,OZARRMFISH2009Oct05,OZARRMFish2009Oct05,main,150,11,15,Event,HumanObservation
Ozark National Scenic Riverways,OZAR,OZARRMFISHCT02,OZARRMFISH2007Oct01,OZARRMFish2007Oct09,main,150,11,15,Event,HumanObservation
Ozark National Scenic Riverways,OZAR,OZARRMFISHCT03,OZARRMFISH2009Oct05,OZARRMFish2009Oct16,main,150,11,15,Event,HumanObservation
Ozark National Scenic Riverways,OZAR,OZARRMFISHCT04,OZARRMFISH2010Oct05,OZARRMFish2010Oct06,main,150,11,15,Event,HumanObservation
Ozark National Scenic Riverways,OZAR,OZARRMFISHCT06,OZARRMFISH2010Oct05,OZARRMFish2010Oct06,main,150,11,15,Event,HumanObservation
Ozark National Scenic Riverways,OZAR,OZARRMFISHCT06,OZARRMFISH2012Sep24,OZARRMFish2012Oct18,main,150,11,15,Event,HumanObservation
Ozark National Scenic Riverways,OZAR,OZARRMFISHCT06,OZARRMFish2016Sep19,OZARRMFish2016Oct04,Main,150,11,15,Event,HumanObservation
Ozark National Scenic Riverways,OZAR,OZARRMFISHCT07,OZARRMFISH2008Oct06,OZARRMFish2008Oct06,main,150,11,15,Event,HumanObservation
Ozark National Scenic Riverways,OZAR,OZARRMFISHCT08,OZARRMFISH2006OCT02,OZARRMFISH2006OCT03,main,348,11,34.8,Event,HumanObservation
Ozark National Scenic Riverways,OZAR,OZARRMFISHCT08,OZARRMFISH2014Sep22,OZARRMFish2014Sep22,main,348,11,34.8,Event,HumanObservation
Ozark National Scenic Riverways,OZAR,OZARRMFISHCT08,OZARRMFISH2018Sep18,OZARRMFISH2018Sep18,main,348,11,35,Event,HumanObservation
Ozark National Scenic Riverways,OZAR,OZARRMFISHCT08,OZARRMFISH2022Aug29,OZARRMFISH2022Sep02,main,348,11,34.8,Event,HumanObservation
Ozark National Scenic Riverways,OZAR,OZARRMFISHCT09,OZARRMFISH2008Oct06,OZARRMFish2008Oct15,main,150,11,15,Event,HumanObservation
Ozark National Scenic Riverways,OZAR,OZARRMFISHCT11,OZARRMFISH2007Oct01,OZARRMFish2007Oct05,main,150,11,15,Event,HumanObservation
Ozark National Scenic Riverways,OZAR,OZARRMFISHCT12,OZARRMFISH2010Oct05,OZARRMFish2010Oct05,main,150,11,15,Event,HumanObservation
Ozark National Scenic Riverways,OZAR,OZARRMFISHCT13,OZARRMFISH2006OCT02,OZARRMFISH2006OCT02,main,150,11,15,Event,HumanObservation
Ozark National Scenic Riverways,OZAR,OZARRMFISHCT14,OZARRMFISH2012Sep24,OZARRMFish2012Sep25,backwater_main,91,3,45.5,Event,HumanObservation
Ozark National Scenic Riverways,OZAR,OZARRMFISHCT14,OZARRMFISH2012Sep24,OZARRMFish2012Sep25,main,500,11,50,Event,HumanObservation
Ozark National Scenic Riverways,OZAR,OZARRMFISHCT14,OZARRMFISH2014Sep22,OZARRMFish2014Sep25,backwater_main,81,3,40.5,Event,HumanObservation
Ozark National Scenic Riverways,OZAR,OZARRMFISHCT14,OZARRMFISH2014Sep22,OZARRMFish2014Sep25,main,500,11,50,Event,HumanObservation
Ozark National Scenic Riverways,OZAR,OZARRMFISHCT14,OZARRMFish2016Sep19,OZARRMFish2016Sep20,Main,500,11,50,Event,HumanObservation
Ozark National Scenic Riverways,OZAR,OZARRMFISHCT14,OZARRMFish2016Sep19,OZARRMFish2016Sep20,Backwater_main,100,3,50,Event,HumanObservation
Ozark National Scenic Riverways,OZAR,OZARRMFISHCT14,OZARRMFISH2018Sep18,OZARRMFISH2018Sep21,backwater_main,100,3,50,Event,HumanObservation
Ozark National Scenic Riverways,OZAR,OZARRMFISHCT14,OZARRMFISH2018Sep18,OZARRMFISH2018Sep21,main,500,11,50,Event,HumanObservation
Ozark National Scenic Riverways,OZAR,OZARRMFISHCT14,OZARRMFISH2022Aug29,OZARRMFISH2022Sep08,main,500,11,50,Event,HumanObservation
Ozark National Scenic Riverways,OZAR,OZARRMFISHCT14,OZARRMFISH2022Aug29,OZARRMFISH2022Sep08,backwater_main,100,3,50,Event,HumanObservation
Ozark National Scenic Riverways,OZAR,OZARRMFISHCT15,OZARRMFISH2012Sep24,OZARRMFish2012Sep24,main,150,11,15,Event,HumanObservation
Ozark National Scenic Riverways,OZAR,OZARRMFISHCT15,OZARRMFish2016Sep19,OZARRMFish2016Sep19,Main,150,8,15,Event,HumanObservation
Ozark National Scenic Riverways,OZAR,OZARRMFISHCT15,OZARRMFish2016Sep19,OZARRMFish2016Sep19,backwater_main,80,3,40,Event,HumanObservation
Ozark National Scenic Riverways,OZAR,OZARRMFISHCT16,OZARRMFISH2014Sep22,OZARRMFish2014Oct07,main,310,11,31,Event,HumanObservation
Ozark National Scenic Riverways,OZAR,OZARRMFISHCT16,OZARRMFISH2018Sep18,OZARRMFISH2018Oct03,main,290,11,29,Event,HumanObservation
Ozark National Scenic Riverways,OZAR,OZARRMFISHCT16,OZARRMFISH2022Aug29,OZARRMFISH2022Sep22,main,150,11,15,Event,HumanObservation
Ozark National Scenic Riverways,OZAR,OZARRMFISHJM01,OZARRMFISH2006OCT02,OZARRMFISH2006OCT18,main,400,11,40,Event,HumanObservation
Ozark National Scenic Riverways,OZAR,OZARRMFISHJM01,OZARRMFISH2007Oct01,OZARRMFish2007Oct04,main,360,10,40,Event,HumanObservation
Ozark National Scenic Riverways,OZAR,OZARRMFISHJM01,OZARRMFISH2008Oct06,OZARRMFish2008Oct08,main,360,9,36,Event,HumanObservation
Ozark National Scenic Riverways,OZAR,OZARRMFISHJM01,OZARRMFISH2009Oct05,OZARRMFish2009Oct14,main,360,11,36,Event,HumanObservation
Ozark National Scenic Riverways,OZAR,OZARRMFISHJM01,OZARRMFISH2012Sep24,OZARRMFish2012Oct02,main,360,11,36,Event,HumanObservation
Ozark National Scenic Riverways,OZAR,OZARRMFISHJM01,OZARRMFISH2014Sep22,OZARRMFish2014Oct02,main,360,9,36,Event,HumanObservation
Ozark National Scenic Riverways,OZAR,OZARRMFISHJM01,OZARRMFish2016Sep19,OZARRMFish2016Sep27,Main,290,11,29,Event,HumanObservation
Ozark National Scenic Riverways,OZAR,OZARRMFISHJM01,OZARRMFISH2018Sep18,OZARRMFISH2018Sep25,main,360,10,36,Event,HumanObservation
Ozark National Scenic Riverways,OZAR,OZARRMFISHJM01,OZARRMFISH2022Aug29,OZARRMFISH2022Aug31,main,290,11,29,Event,HumanObservation
Ozark National Scenic Riverways,OZAR,OZARRMFISHJM02,OZARRMFISH2006OCT02,OZARRMFISH2006OCT19,main,286,11,28.6,Event,HumanObservation
Ozark National Scenic Riverways,OZAR,OZARRMFISHJM02,OZARRMFISH2006OCT02,OZARRMFISH2006OCT19,backwater_main,79,6,15.8,Event,HumanObservation
Ozark National Scenic Riverways,OZAR,OZARRMFISHJM02,OZARRMFISH2007Oct01,OZARRMFish2007Oct02,main,286,8,50,Event,HumanObservation
Ozark National Scenic Riverways,OZAR,OZARRMFISHJM02,OZARRMFISH2007Oct01,OZARRMFish2007Oct02,backwater_main,31,3,15,Event,HumanObservation
Ozark National Scenic Riverways,OZAR,OZARRMFISHJM02,OZARRMFISH2008Oct06,OZARRMFish2008Oct10,main,286,11,28,Event,HumanObservation
Ozark National Scenic Riverways,OZAR,OZARRMFISHJM02,OZARRMFISH2008Oct06,OZARRMFish2008Oct10,backwater_main,67,3,33.6,Event,HumanObservation
Ozark National Scenic Riverways,OZAR,OZARRMFISHJM02,OZARRMFISH2009Oct05,OZARRMFish2009Oct14,main,286,11,28,Event,HumanObservation
Ozark National Scenic Riverways,OZAR,OZARRMFISHJM02,OZARRMFISH2009Oct05,OZARRMFish2009Oct14,backwater_main,46,3,23,Event,HumanObservation
Ozark National Scenic Riverways,OZAR,OZARRMFISHJM02,OZARRMFISH2012Sep24,OZARRMFish2012Oct01,main,286,11,28,Event,HumanObservation
Ozark National Scenic Riverways,OZAR,OZARRMFISHJM02,OZARRMFISH2012Sep24,OZARRMFish2012Oct01,backwater_main,77,3,38.3,Event,HumanObservation
Ozark National Scenic Riverways,OZAR,OZARRMFISHJM02,OZARRMFISH2014Sep22,OZARRMFish2014Oct03,main,286,11,28.6,Event,HumanObservation
Ozark National Scenic Riverways,OZAR,OZARRMFISHJM02,OZARRMFISH2014Sep22,OZARRMFish2014Oct03,side channel,286,6,28.6,Event,HumanObservation
Ozark National Scenic Riverways,OZAR,OZARRMFISHJM02,OZARRMFish2016Sep19,OZARRMFish2016Sep27,Side channel,286,5,28.6,Event,HumanObservation
Ozark National Scenic Riverways,OZAR,OZARRMFISHJM02,OZARRMFish2016Sep19,OZARRMFish2016Sep27,Main,286,11,28.6,Event,HumanObservation
Ozark National Scenic Riverways,OZAR,OZARRMFISHJM02,OZARRMFISH2018Sep18,OZARRMFISH2018Sep28,side channel,286,5,28,Event,HumanObservation
Ozark National Scenic Riverways,OZAR,OZARRMFISHJM02,OZARRMFISH2018Sep18,OZARRMFISH2018Sep28,main,286,11,28,Event,HumanObservation
Ozark National Scenic Riverways,OZAR,OZARRMFISHJM02,OZARRMFISH2022Aug29,OZARRMFISH2022Sep01,main,286,11,28.6,Event,HumanObservation
Ozark National Scenic Riverways,OZAR,OZARRMFISHJM02,OZARRMFISH2022Aug29,OZARRMFISH2022Sep01,side channel,286,5,28.6,Event,HumanObservation
Ozark National Scenic Riverways,OZAR,OZARRMFISHJM03,OZARRMFISH2006OCT02,OZARRMFISH2006OCT05,main,385,11,38.5,Event,HumanObservation
Ozark National Scenic Riverways,OZAR,OZARRMFISHJM03,OZARRMFISH2007Oct01,OZARRMFish2007Oct03,main,342,10,38.5,Event,HumanObservation
Ozark National Scenic Riverways,OZAR,OZARRMFISHJM03,OZARRMFISH2008Oct06,OZARRMFish2008Oct07,main,385,11,38.5,Event,HumanObservation
Ozark National Scenic Riverways,OZAR,OZARRMFISHJM03,OZARRMFISH2009Oct05,OZARRMFish2009Oct19,main,385,11,38,Event,HumanObservation
Ozark National Scenic Riverways,OZAR,OZARRMFISHJM03,OZARRMFISH2012Sep24,OZARRMFish2012Oct03,main,385,11,38.5,Event,HumanObservation
Ozark National Scenic Riverways,OZAR,OZARRMFISHJM03,OZARRMFISH2014Sep22,OZARRMFish2014Oct01,main,385,9,38.5,Event,HumanObservation
Ozark National Scenic Riverways,OZAR,OZARRMFISHJM03,OZARRMFish2016Sep19,OZARRMFish2016Sep22,Main,320,11,32,Event,HumanObservation
Ozark National Scenic Riverways,OZAR,OZARRMFISHJM03,OZARRMFISH2018Sep18,OZARRMFISH2018Sep20,main,385,10,38.5,Event,HumanObservation
Ozark National Scenic Riverways,OZAR,OZARRMFISHJM03,OZARRMFISH2022Aug29,OZARRMFISH2022Sep07,main,213,10,21.3,Event,HumanObservation
Ozark National Scenic Riverways,OZAR,OZARRMFISHJT01,OZARRMFISH2006OCT02,OZARRMFISH2006OCT06,main,150,11,15,Event,HumanObservation
Ozark National Scenic Riverways,OZAR,OZARRMFISHJT02,OZARRMFISH2007Oct01,OZARRMFish2007Oct01,main,150,11,15,Event,HumanObservation
Ozark National Scenic Riverways,OZAR,OZARRMFISHJT03,OZARRMFISH2009Oct05,OZARRMFish2009Oct13,main,150,11,15,Event,HumanObservation
Ozark National Scenic Riverways,OZAR,OZARRMFISHJT03,OZARRMFISH2012Sep24,OZARRMFish2012Oct02,main,150,11,15,Event,HumanObservation
Ozark National Scenic Riverways,OZAR,OZARRMFISHJT03,OZARRMFISH2014Sep22,OZARRMFish2014Oct02,main,150,11,15,Event,HumanObservation
Ozark National Scenic Riverways,OZAR,OZARRMFISHJT03,OZARRMFish2016Sep19,OZARRMFish2016Sep21,Main,150,11,15,Event,HumanObservation
Ozark National Scenic Riverways,OZAR,OZARRMFISHJT03,OZARRMFISH2018Sep18,OZARRMFISH2018Oct02,main,150,11,15,Event,HumanObservation
Ozark National Scenic Riverways,OZAR,OZARRMFISHJT03,OZARRMFISH2022Aug29,OZARRMFISH2022Sep13,main,150,11,15,Event,HumanObservation
Ozark National Scenic Riverways,OZAR,OZRSSPRNGSSITE01,OZRSSPRNGS2007Jul23,OZRSSPRNGS2007Jul24,main,190,11,19,Event,HumanObservation
Ozark National Scenic Riverways,OZAR,OZRSSPRNGSSITE01,OZRSSPRNGS2008Jul21,OZRSSPRNGS2008Jul24,main,190,11,19,Event,HumanObservation
Ozark National Scenic Riverways,OZAR,OZRSSPRNGSSITE01,OZRSSPRNGS2009Aug25,OZRSSPRNGS2009Aug25,main,190,11,19,Event,HumanObservation
Ozark National Scenic Riverways,OZAR,OZRSSPRNGSSITE01,OZRSSPRNGS2010Jul26,OZRSSPRNGS2010Jul26,main,190,11,19,Event,HumanObservation
Ozark National Scenic Riverways,OZAR,OZRSSPRNGSSITE01,OZRSSPRNGS2011Jul25,OZRSSPRNGS2011Jul28,main,190,11,19,Event,HumanObservation
Ozark National Scenic Riverways,OZAR,OZRSSPRNGSSITE01,OZRSSPRNGS2012Jul23,OZRSSPRNGS2012Jul24,main,190,11,19,Event,HumanObservation
Ozark National Scenic Riverways,OZAR,OZRSSPRNGSSITE01,OZRSSPRNGS2013Jul29,OZRSSPRNGS2013Jul29,main,190,11,19,Event,HumanObservation
Ozark National Scenic Riverways,OZAR,OZRSSPRNGSSITE01,OZRSSPRNGS2014Jul28,OZRSSPRNGS2014Jul30,main,190,11,19,Event,HumanObservation
Ozark National Scenic Riverways,OZAR,OZRSSPRNGSSITE01,OZRSSPRNGS2015Jul27,OZRSSPRNGS2015Jul27,main,190,11,19,Event,HumanObservation
Ozark National Scenic Riverways,OZAR,OZRSSPRNGSSITE01,OZRSSPRNGS2015Jul27,OZRSSPRNGS2015Jul29,main,190,11,19,Event,HumanObservation
Ozark National Scenic Riverways,OZAR,OZRSSPRNGSSITE01,OZRSSPRNGS2016Jul25,OZRSSPRNGS2016Jul25,main,190,11,19,Event,HumanObservation
Ozark National Scenic Riverways,OZAR,OZRSSPRNGSSITE01,OZRSSPRNGS2017Jul24,OZRSSPRNGS2017Jul25,main,190,11,19,Event,HumanObservation
Ozark National Scenic Riverways,OZAR,OZRSSPRNGSSITE01,OZRSSPRNGS2018Jul23,OZRSSPRNGS2018Jul25,main,190,11,19,Event,HumanObservation
Ozark National Scenic Riverways,OZAR,OZRSSPRNGSSITE01,OZRSSprngs2019Jul29,OZRSSprngs2019Jul29,main,190,11,19,Event,HumanObservation
Ozark National Scenic Riverways,OZAR,OZRSSPRNGSSITE01,OZRSSprngs2022Jul27,OZRSSprngs2022Jul27,main,190,11,19,Event,HumanObservation
Ozark National Scenic Riverways,OZAR,OZRSSPRNGSSITE02,OZRSSPRNGS2007Jul23,OZRSSPRNGS2007Jul30,main,460,11,46,Event,HumanObservation
Ozark National Scenic Riverways,OZAR,OZRSSPRNGSSITE02,OZRSSPRNGS2008Jul21,OZRSSPRNGS2008Jul24,main,460,11,46,Event,HumanObservation
Ozark National Scenic Riverways,OZAR,OZRSSPRNGSSITE02,OZRSSPRNGS2009Jul27,OZRSSPRNGS2009Jul27,main,460,11,46,Event,HumanObservation
Ozark National Scenic Riverways,OZAR,OZRSSPRNGSSITE02,OZRSSPRNGS2010Jul26,OZRSSPRNGS2010Jul26,main,460,11,46,Event,HumanObservation
Ozark National Scenic Riverways,OZAR,OZRSSPRNGSSITE02,OZRSSPRNGS2011Jul25,OZRSSPRNGS2011Jul28,main,460,11,46,Event,HumanObservation
Ozark National Scenic Riverways,OZAR,OZRSSPRNGSSITE02,OZRSSPRNGS2012Jul23,OZRSSPRNGS2012Jul26,main,460,11,46,Event,HumanObservation
Ozark National Scenic Riverways,OZAR,OZRSSPRNGSSITE02,OZRSSPRNGS2013Jul29,OZRSSPRNGS2013Sep16,main,460,11,46,Event,HumanObservation
Ozark National Scenic Riverways,OZAR,OZRSSPRNGSSITE02,OZRSSPRNGS2014Jul28,OZRSSPRNGS2014Jul31,main,460,11,46,Event,HumanObservation
Ozark National Scenic Riverways,OZAR,OZRSSPRNGSSITE02,OZRSSPRNGS2015Jul27,OZRSSPRNGS2015Jul28,main,460,11,46,Event,HumanObservation
Ozark National Scenic Riverways,OZAR,OZRSSPRNGSSITE02,OZRSSPRNGS2016Jul25,OZRSSPRNGS2016Jul28,main,460,11,46,Event,HumanObservation
Ozark National Scenic Riverways,OZAR,OZRSSPRNGSSITE02,OZRSSPRNGS2017Jul24,OZRSSPRNGS2017Jul27,main,460,11,46,Event,HumanObservation
Ozark National Scenic Riverways,OZAR,OZRSSPRNGSSITE02,OZRSSPRNGS2018Jul23,OZRSSPRNGS2018Jul23,main,460,11,46,Event,HumanObservation
Ozark National Scenic Riverways,OZAR,OZRSSPRNGSSITE02,OZRSSprngs2019Jul29,OZRSSprngs2019Jul30,main,460,11,46,Event,HumanObservation
Ozark National Scenic Riverways,OZAR,OZRSSPRNGSSITE02,OZRSSprngs2020Jul29,OZRSSprngs2020Aug03,main,460,11,46,Event,HumanObservation
Ozark National Scenic Riverways,OZAR,OZRSSPRNGSSITE02,OZRSSprngs2021Aug03,OZRSSprngs2021Aug05,main,460,11,46,Event,HumanObservation
Ozark National Scenic Riverways,OZAR,OZRSSPRNGSSITE03,OZRSSPRNGS2007Jul23,OZRSSPRNGS2007Aug01,main,160,11,16,Event,HumanObservation
Ozark National Scenic Riverways,OZAR,OZRSSPRNGSSITE03,OZRSSPRNGS2008Jul21,OZRSSPRNGS2008Jul22,main,160,11,16,Event,HumanObservation
Ozark National Scenic Riverways,OZAR,OZRSSPRNGSSITE03,OZRSSPRNGS2009Jul27,OZRSSPRNGS2009Jul29,main,160,11,16,Event,HumanObservation
Ozark National Scenic Riverways,OZAR,OZRSSPRNGSSITE03,OZRSSPRNGS2010Jul26,OZRSSPRNGS2010Jul29,main,160,11,16,Event,HumanObservation
Ozark National Scenic Riverways,OZAR,OZRSSPRNGSSITE03,OZRSSPRNGS2011Jul25,OZRSSPRNGS2011Jul25,main,160,11,16,Event,HumanObservation
Ozark National Scenic Riverways,OZAR,OZRSSPRNGSSITE03,OZRSSPRNGS2012Jul23,OZRSSPRNGS2012Jul23,main,160,11,16,Event,HumanObservation
Ozark National Scenic Riverways,OZAR,OZRSSPRNGSSITE03,OZRSSPRNGS2013Jul29,OZRSSPRNGS2013Aug30,main,160,11,16,Event,HumanObservation
Ozark National Scenic Riverways,OZAR,OZRSSPRNGSSITE03,OZRSSPRNGS2014Jul28,OZRSSPRNGS2014Jul28,main,160,11,16,Event,HumanObservation
Ozark National Scenic Riverways,OZAR,OZRSSPRNGSSITE03,OZRSSPRNGS2015Jul27,OZRSSPRNGS2015Jul27,main,160,11,16,Event,HumanObservation
Ozark National Scenic Riverways,OZAR,OZRSSPRNGSSITE03,OZRSSPRNGS2016Jul25,OZRSSPRNGS2016Jul28,main,160,11,16,Event,HumanObservation
Ozark National Scenic Riverways,OZAR,OZRSSPRNGSSITE03,OZRSSPRNGS2017Jul24,OZRSSPRNGS2017Jul24,main,160,11,16,Event,HumanObservation
Ozark National Scenic Riverways,OZAR,OZRSSPRNGSSITE03,OZRSSPRNGS2018Jul23,OZRSSPRNGS2018Jul25,main,160,11,16,Event,HumanObservation
Ozark National Scenic Riverways,OZAR,OZRSSPRNGSSITE03,OZRSSprngs2019Jul29,OZRSSprngs2019Jul31,main,160,11,16,Event,HumanObservation
Ozark National Scenic Riverways,OZAR,OZRSSPRNGSSITE03,OZRSSprngs2020Jul29,OZRSSprngs2020Jul29,main,160,11,16,Event,HumanObservation
Ozark National Scenic Riverways,OZAR,OZRSSPRNGSSITE03,OZRSSprngs2023Aug01,OZRSSprngs2023Aug02,main,160,11,16,Event,HumanObservation
Ozark National Scenic Riverways,OZAR,OZRSSPRNGSSITE04,OZRSSPRNGS2007Jul23,OZRSSPRNGS2007Jul25,main,150,11,15,Event,HumanObservation
Ozark National Scenic Riverways,OZAR,OZRSSPRNGSSITE04,OZRSSPRNGS2008Jul21,OZRSSPRNGS2008Jul23,main,150,11,15,Event,HumanObservation
Ozark National Scenic Riverways,OZAR,OZRSSPRNGSSITE04,OZRSSPRNGS2009Jul27,OZRSSPRNGS2009Jul28,main,150,11,15,Event,HumanObservation
Ozark National Scenic Riverways,OZAR,OZRSSPRNGSSITE04,OZRSSPRNGS2010Jul26,OZRSSPRNGS2010Jul29,main,150,11,15,Event,HumanObservation
Ozark National Scenic Riverways,OZAR,OZRSSPRNGSSITE04,OZRSSPRNGS2011Jul25,OZRSSPRNGS2011Jul27,main,150,11,15,Event,HumanObservation
Ozark National Scenic Riverways,OZAR,OZRSSPRNGSSITE04,OZRSSPRNGS2012Jul23,OZRSSPRNGS2012Jul25,main,150,11,15,Event,HumanObservation
Ozark National Scenic Riverways,OZAR,OZRSSPRNGSSITE04,OZRSSPRNGS2013Jul29,OZRSSPRNGS2013Sep13,main,150,11,15,Event,HumanObservation
Ozark National Scenic Riverways,OZAR,OZRSSPRNGSSITE04,OZRSSPRNGS2014Jul28,OZRSSPRNGS2014Jul30,main,150,11,15,Event,HumanObservation
Ozark National Scenic Riverways,OZAR,OZRSSPRNGSSITE04,OZRSSPRNGS2015Jul27,OZRSSPRNGS2015Aug06,main,150,11,15,Event,HumanObservation
Ozark National Scenic Riverways,OZAR,OZRSSPRNGSSITE04,OZRSSPRNGS2016Jul25,OZRSSPRNGS2016Jul27,main,150,11,15,Event,HumanObservation
Ozark National Scenic Riverways,OZAR,OZRSSPRNGSSITE04,OZRSSPRNGS2017Jul24,OZRSSPRNGS2017Jul26,main,150,11,15,Event,HumanObservation
Ozark National Scenic Riverways,OZAR,OZRSSPRNGSSITE04,OZRSSPRNGS2018Jul23,OZRSSPRNGS2018Jul24,main,150,11,15,Event,HumanObservation
Ozark National Scenic Riverways,OZAR,OZRSSPRNGSSITE04,OZRSSprngs2019Jul29,OZRSSprngs2019Jul31,main,150,11,15,Event,HumanObservation
Ozark National Scenic Riverways,OZAR,OZRSSPRNGSSITE04,OZRSSprngs2021Aug03,OZRSSprngs2021Aug03,main,150,11,15,Event,HumanObservation
Ozark National Scenic Riverways,OZAR,OZRSSPRNGSSITE05,OZRSSPRNGS2007Jul23,OZRSSPRNGS2007Jul31,main,240,11,24,Event,HumanObservation
Ozark National Scenic Riverways,OZAR,OZRSSPRNGSSITE05,OZRSSPRNGS2008Jul21,OZRSSPRNGS2008Jul21,main,240,11,24,Event,HumanObservation
Ozark National Scenic Riverways,OZAR,OZRSSPRNGSSITE05,OZRSSPRNGS2009Jul27,OZRSSPRNGS2009Jul30,main,240,11,24,Event,HumanObservation
Ozark National Scenic Riverways,OZAR,OZRSSPRNGSSITE05,OZRSSPRNGS2010Jul26,OZRSSPRNGS2010Jul28,main,240,11,24,Event,HumanObservation
Ozark National Scenic Riverways,OZAR,OZRSSPRNGSSITE05,OZRSSPRNGS2011Jul25,OZRSSPRNGS2011Jul26,main,240,11,24,Event,HumanObservation
Ozark National Scenic Riverways,OZAR,OZRSSPRNGSSITE05,OZRSSPRNGS2012Jul23,OZRSSPRNGS2012Jul24,main,240,11,24,Event,HumanObservation
Ozark National Scenic Riverways,OZAR,OZRSSPRNGSSITE05,OZRSSPRNGS2013Jul29,OZRSSPRNGS2013Jul29,main,240,11,24,Event,HumanObservation
Ozark National Scenic Riverways,OZAR,OZRSSPRNGSSITE05,OZRSSPRNGS2014Jul28,OZRSSPRNGS2014Jul29,main,240,11,24,Event,HumanObservation
Ozark National Scenic Riverways,OZAR,OZRSSPRNGSSITE05,OZRSSPRNGS2015Jul27,OZRSSPRNGS2015Jul29,main,240,11,24,Event,HumanObservation
Ozark National Scenic Riverways,OZAR,OZRSSPRNGSSITE05,OZRSSPRNGS2016Jul25,OZRSSPRNGS2016Jul27,main,240,11,24,Event,HumanObservation
Ozark National Scenic Riverways,OZAR,OZRSSPRNGSSITE05,OZRSSPRNGS2017Jul24,OZRSSPRNGS2017Jul24,main,240,11,24,Event,HumanObservation
Ozark National Scenic Riverways,OZAR,OZRSSPRNGSSITE05,OZRSSPRNGS2018Jul23,OZRSSPRNGS2018Jul26,main,240,11,24,Event,HumanObservation
Ozark National Scenic Riverways,OZAR,OZRSSPRNGSSITE05,OZRSSprngs2019Jul29,OZRSSprngs2019Jul31,main,240,11,24,Event,HumanObservation
Ozark National Scenic Riverways,OZAR,OZRSSPRNGSSITE05,OZRSSprngs2020Jul29,OZRSSprngs2020Jul29,main,240,11,24,Event,HumanObservation
Ozark National Scenic Riverways,OZAR,OZRSSPRNGSSITE05,OZRSSprngs2023Aug01,OZRSSprngs2023Aug01,main,300,11,30,Event,HumanObservation
Ozark National Scenic Riverways,OZAR,OZRSSPRNGSSITE06,OZRSSPRNGS2007Jul23,OZRSSPRNGS2007Jul23,main,36,3,18,Event,HumanObservation
Ozark National Scenic Riverways,OZAR,OZRSSPRNGSSITE06,OZRSSPRNGS2008Jul21,OZRSSPRNGS2008Jul25,main,36,3,18,Event,HumanObservation
Ozark National Scenic Riverways,OZAR,OZRSSPRNGSSITE06,OZRSSPRNGS2009Jul27,OZRSSPRNGS2009Jul30,main,36,3,18,Event,HumanObservation
Ozark National Scenic Riverways,OZAR,OZRSSPRNGSSITE06,OZRSSPRNGS2010Jul26,OZRSSPRNGS2010Jul28,main,36,3,18,Event,HumanObservation
Ozark National Scenic Riverways,OZAR,OZRSSPRNGSSITE06,OZRSSPRNGS2011Jul25,OZRSSPRNGS2011Jul28,main,36,3,18,Event,HumanObservation
Ozark National Scenic Riverways,OZAR,OZRSSPRNGSSITE06,OZRSSPRNGS2012Jul23,OZRSSPRNGS2012Jul24,main,36,3,18,Event,HumanObservation
Ozark National Scenic Riverways,OZAR,OZRSSPRNGSSITE06,OZRSSPRNGS2013Jul29,OZRSSPRNGS2013Sep04,main,36,3,18,Event,HumanObservation
Ozark National Scenic Riverways,OZAR,OZRSSPRNGSSITE06,OZRSSPRNGS2014Jul28,OZRSSPRNGS2014Jul30,main,36,3,18,Event,HumanObservation
Ozark National Scenic Riverways,OZAR,OZRSSPRNGSSITE06,OZRSSPRNGS2015Jul27,OZRSSPRNGS2015Aug06,main,36,3,18,Event,HumanObservation
Ozark National Scenic Riverways,OZAR,OZRSSPRNGSSITE06,OZRSSPRNGS2016Jul25,OZRSSPRNGS2016Jul27,main,36,3,18,Event,HumanObservation
Ozark National Scenic Riverways,OZAR,OZRSSPRNGSSITE06,OZRSSPRNGS2017Jul24,OZRSSPRNGS2017Jul25,main,50,3,25,Event,HumanObservation
Ozark National Scenic Riverways,OZAR,OZRSSPRNGSSITE06,OZRSSPRNGS2018Jul23,OZRSSPRNGS2018Jul24,main,36,3,18,Event,HumanObservation
Ozark National Scenic Riverways,OZAR,OZRSSPRNGSSITE06,OZRSSprngs2019Jul29,OZRSSprngs2019Sep05,main,36,3,18,Event,HumanObservation
Ozark National Scenic Riverways,OZAR,OZRSSPRNGSSITE06,OZRSSprngs2022Jul27,OZRSSprngs2022Aug03,main,36,3,18,Event,HumanObservation
Ozark National Scenic Riverways,OZAR,OZRSSPRNGSSITE07,OZRSSPRNGS2011Jul25,OZRSSPRNGS2011Jul29,main,150,11,15,Event,HumanObservation
Ozark National Scenic Riverways,OZAR,OZRSSPRNGSSITE07,OZRSSPRNGS2012Jul23,OZRSSPRNGS2012Jul26,main,150,11,15,Event,HumanObservation
Ozark National Scenic Riverways,OZAR,OZRSSPRNGSSITE07,OZRSSPRNGS2013Jul29,OZRSSPRNGS2013Aug16,main,150,11,15,Event,HumanObservation
Ozark National Scenic Riverways,OZAR,OZRSSPRNGSSITE07,OZRSSPRNGS2014Jul28,OZRSSPRNGS2014Jul31,main,150,11,15,Event,HumanObservation
Ozark National Scenic Riverways,OZAR,OZRSSPRNGSSITE07,OZRSSPRNGS2015Jul27,OZRSSPRNGS2015Jul28,main,150,11,15,Event,HumanObservation
Ozark National Scenic Riverways,OZAR,OZRSSPRNGSSITE07,OZRSSPRNGS2016Jul25,OZRSSPRNGS2016Jul25,main,150,11,15,Event,HumanObservation
Ozark National Scenic Riverways,OZAR,OZRSSPRNGSSITE07,OZRSSPRNGS2017Jul24,OZRSSPRNGS2017Jul27,main,150,11,15,Event,HumanObservation
Ozark National Scenic Riverways,OZAR,OZRSSPRNGSSITE07,OZRSSPRNGS2018Jul23,OZRSSPRNGS2018Jul23,main,150,11,15,Event,HumanObservation
Ozark National Scenic Riverways,OZAR,OZRSSPRNGSSITE07,OZRSSprngs2019Jul29,OZRSSprngs2019Jul29,main,150,11,15,Event,HumanObservation
Ozark National Scenic Riverways,OZAR,OZRSSPRNGSSITE07,OZRSSprngs2022Jul27,OZRSSprngs2022Jul28,main,150,11,15,Event,HumanObservation
Pea Ridge National Military Park,PERI,PERIStfish01,PERIStfish2009May01,PERIStfish2009May01,main,150,11,15,Event,HumanObservation
Pea Ridge National Military Park,PERI,PERIStfish01,PERIStfish2012May02,PERIStfish2012May02,main,150,11,15,Event,HumanObservation
Pea Ridge National Military Park,PERI,PERIStfish01,PERIStfish2015May12,PERIStfish2015May12,Main,150,11,15,Event,HumanObservation
Pea Ridge National Military Park,PERI,PERIStfish01,PERIStfish2018May10,PERIStfish2018May10,main,150,11,15,Event,HumanObservation
Pea Ridge National Military Park,PERI,PERIStfish01,PERIStfish2021May06,PERIStfish2021May06,main,150,11,15,Event,HumanObservation
Wilson's Creek National Battlefield,WICR,WICRStfish01,WICRStfish2006Jun15,WICRStfish2006Jun15,main,340,11,34,Event,HumanObservation
Wilson's Creek National Battlefield,WICR,WICRStfish01,WICRStfish2007May09,WICRStfish2007May09,main,340,11,34,Event,HumanObservation
Wilson's Creek National Battlefield,WICR,WICRStfish01,WICRStfish2010May03,WICRStfish2010May03,main,340,11,34,Event,HumanObservation
Wilson's Creek National Battlefield,WICR,WICRStfish01,WICRStfish2013May06,WICRStfish2013May06,main,340,11,34,Event,HumanObservation
Wilson's Creek National Battlefield,WICR,WICRStfish01,WICRStfish2016May04,WICRStfish2016May04,Main,340,11,34,Event,HumanObservation
Wilson's Creek National Battlefield,WICR,WICRStfish01,WICRStfish2019Jun03,WICRStfish2019Jun11,main,340,11,30,Event,HumanObservation
Wilson's Creek National Battlefield,WICR,WICRStfish01,WICRStfish2022Jun02,WICRStfish2022Jun14,main,340,11,34,Event,HumanObservation
Wilson's Creek National Battlefield,WICR,WICRStfish02,WICRStfish2006Jun15,WICRStfish2006Jun15,main,150,11,15,Event,HumanObservation
Wilson's Creek National Battlefield,WICR,WICRStfish02,WICRStfish2007May09,WICRStfish2007May09,main,150,11,15,Event,HumanObservation
Wilson's Creek National Battlefield,WICR,WICRStfish02,WICRStfish2010May03,WICRStfish2010May03,main,150,11,15,Event,HumanObservation
Wilson's Creek National Battlefield,WICR,WICRStfish02,WICRStfish2013May06,WICRStfish2013May06,main,150,11,15,Event,HumanObservation
Wilson's Creek National Battlefield,WICR,WICRStfish02,WICRStfish2016May04,WICRStfish2016May04,Main,150,11,15,Event,HumanObservation
Wilson's Creek National Battlefield,WICR,WICRStfish02,WICRStfish2019Jun03,WICRStfish2019Jun03,main,150,11,15,Event,HumanObservation
Wilson's Creek National Battlefield,WICR,WICRStfish02,WICRStfish2022Jun02,WICRStfish2022Jun09,main,150,11,15,Event,HumanObservation
Wilson's Creek National Battlefield,WICR,WICRStfish03,WICRStfish2006Jun15,WICRStfish2006Jun15,main,150,11,15,Event,HumanObservation
Wilson's Creek National Battlefield,WICR,WICRStfish03,WICRStfish2007May09,WICRStfish2007May09,main,150,11,15,Event,HumanObservation
Wilson's Creek National Battlefield,WICR,WICRStfish03,WICRStfish2010May03,WICRStfish2010May03,main,150,11,15,Event,HumanObservation
Wilson's Creek National Battlefield,WICR,WICRStfish03,WICRStfish2013May06,WICRStfish2013May06,main,150,11,15,Event,HumanObservation
Wilson's Creek National Battlefield,WICR,WICRStfish03,WICRStfish2016May04,WICRStfish2016May04,Main,150,11,15,Event,HumanObservation
Wilson's Creek National Battlefield,WICR,WICRStfish03,WICRStfish2019Jun03,WICRStfish2019Jun03,main,150,11,15,Event,HumanObservation
Wilson's Creek National Battlefield,WICR,WICRStfish03,WICRStfish2022Jun02,WICRStfish2022Jun02,main,150,11,15,Event,HumanObservation
