TaxonCode,TSN,Phylum,Class,Order,Family,Subfamily,Genus,ToleranceValue,FunctionalFeedingGroupCode,Description
AESHBO,101645,Arthropoda,Insecta,Odonata,Aeshnidae,,Boyeria,6.3,Pr,Predators
AMELAM,100996,Arthropoda,Insecta,Ephemeroptera,Ameletidae,,Ameletus,2.1,Sc,Scrapers
AMELAM,100996,Arthropoda,Insecta,Ephemeroptera,Ameletidae,,Ameletus,2.1,C,Collectors
AMNIAM,70747,Mollusca,Gastropoda,Littorinimorpha,Amnicolidae,,Amnicola,4.8,Sc,Scrapers
ASELCA,92686,Arthropoda,Malacostraca,Isopoda,Asellidae,,Caecidotea,8,C,Collectors
ASELLI,92666,Arthropoda,Malacostraca,Isopoda,Asellidae,,Lirceus,7.7,C,Collectors
ATHEAT,130929,Arthropoda,Insecta,Diptera,Athericidae,,Atherix,2.1,Pr,Predators
BAET,100775,Arthropoda,Insecta,Ephemeroptera,Baetidae,,,4,C,Collectors
BAETAC,100801,Arthropoda,Insecta,Ephemeroptera,Baetidae,,Acentrella,3.6,C,Collectors
BAETAN,-999,Arthropoda,Insecta,Ephemeroptera,Baetidae,,Anafroptilum,6.3,C,Collectors
BAETAN,-999,Arthropoda,Insecta,Ephemeroptera,Baetidae,,Anafroptilum,6.3,Sc,Scrapers
BAETAP,568546,Arthropoda,Insecta,Ephemeroptera,Baetidae,,Acerpenna,3.7,C,Collectors
BAETBA,100800,Arthropoda,Insecta,Ephemeroptera,Baetidae,,Baetis,2.8,C,Collectors
BAETCA,100903,Arthropoda,Insecta,Ephemeroptera,Baetidae,,Callibaetis,5.6,C,Collectors
BAETFA,568551,Arthropoda,Insecta,Ephemeroptera,Baetidae,,Fallceon,6,Pr,Predators
BAETHE,100794,Arthropoda,Insecta,Ephemeroptera,Baetidae,,Heterocloeon,3.6,Sc,Scrapers
BAETIS,776928,Arthropoda,Insecta,Ephemeroptera,Baetidae,,Iswaeon,,C,Collectors
BAETLA,568552,Arthropoda,Insecta,Ephemeroptera,Baetidae,,Labiobaetis,4.4,Pr,Predators
BAETPA,100899,Arthropoda,Insecta,Ephemeroptera,Baetidae,,Paracloeodes,8.7,Sc,Scrapers
BAETPL,568553,Arthropoda,Insecta,Ephemeroptera,Baetidae,,Plauditus,4,C,Collectors
BAETPR,206622,Arthropoda,Insecta,Ephemeroptera,Baetidae,,Procloeon,7.7,C,Collectors
BATCBA,101494,Arthropoda,Insecta,Ephemeroptera,Baetiscidae,,Baetisca,1.4,Sc,Scrapers
BATCBA,101494,Arthropoda,Insecta,Ephemeroptera,Baetiscidae,,Baetisca,1.4,C,Collectors
BIVAL,79118,Mollusca,Bivalvia,,,,,8,F,Filterers
BRACHBR,116906,Arthropoda,Insecta,Trichoptera,Brachycentridae,,Brachycentrus,1.1,F,Filterers
BRACHMI,116958,Arthropoda,Insecta,Trichoptera,Brachycentridae,,Micrasema,0,Sh,Shredders
BRAN,69169,Annelida,Clitellata,Branchiobdellida,Branchiobdellidae,,,6,C,Collectors
CAENCA,101478,Arthropoda,Insecta,Ephemeroptera,Caenidae,,Caenis,7.6,C,Collectors
CAENCA,101478,Arthropoda,Insecta,Ephemeroptera,Caenidae,,Caenis,7.6,Sc,Scrapers
CALOCA,102052,Arthropoda,Insecta,Odonata,Calopterygidae,,Calopteryx,8.3,Pr,Predators
CALOHE,102048,Arthropoda,Insecta,Odonata,Calopterygidae,,Hetaerina,6.2,Pr,Predators
CAMBFA,1133539,Arthropoda,Malacostraca,Decapoda,Cambaridae,,Faxonius,2.7,C,Collectors
CAPNAL,102644,Arthropoda,Insecta,Plecoptera,Capniidae,,Allocapnia,2.8,Sh,Shredders
CAPNPA,102804,Arthropoda,Insecta,Plecoptera,Capniidae,,Paracapnia,0.2,Sh,Shredders
CERA,127338,Arthropoda,Insecta,Diptera,Ceratopogonidae,Ceratopogoninae ,,6,Sc,Scrapers
CERA,127338,Arthropoda,Insecta,Diptera,Ceratopogonidae,Ceratopogoninae ,,6,C,Collectors
CERA,127338,Arthropoda,Insecta,Diptera,Ceratopogonidae,Ceratopogoninae ,,6,Pr,Predators
CERAAT,127113,Arthropoda,Insecta,Diptera,Ceratopogonidae,Forcipomyiinae,Atrichopogon,6.8,C,Collectors
CERADA,127278,Arthropoda,Insecta,Diptera,Ceratopogonidae,Ceratopogoninae,Dasyhelea,6,Sc,Scrapers
CERADA,127278,Arthropoda,Insecta,Diptera,Ceratopogonidae,Ceratopogoninae,Dasyhelea,6,C,Collectors
CERAFO,127112,Arthropoda,Insecta,Diptera,Ceratopogonidae,Forcipomyiinae,,6,C,Collectors
CHLO,103202,Arthropoda,Insecta,Plecoptera,Chloroperlidae,,,1,C,Collectors
CHLO,103202,Arthropoda,Insecta,Plecoptera,Chloroperlidae,,,1,Pr,Predators
CHLOAL,103203,Arthropoda,Insecta,Plecoptera,Chloroperlidae,,Alloperla,1.4,Pr,Predators
CHLOHA,103260,Arthropoda,Insecta,Plecoptera,Chloroperlidae,,Haploperla,1.3,Pr,Predators
CHLOHA,103260,Arthropoda,Insecta,Plecoptera,Chloroperlidae,,Haploperla,1.3,C,Collectors
CLAD,83832,Arthropoda,Branchiopoda,Diplostraca,Cladocera,,,8,F,Filterers
CLAD,83832,Arthropoda,Branchiopoda,Diplostraca,Cladocera,,,8,C,Collectors
COEN,102077,Arthropoda,Insecta,Odonata,Coenagrionidae,,,6.1,Pr,Predators
COENAR,102139,Arthropoda,Insecta,Odonata,Coenagrionidae,,Argia,5.1,Pr,Predators
COENEN,102102,Arthropoda,Insecta,Odonata,Coenagrionidae,,Enallagma,9,Pr,Predators
COENIS,102078,Arthropoda,Insecta,Odonata,Coenagrionidae,,Ischnura,9.4,Pr,Predators
CORI,103364,Arthropoda,Insecta,Hemiptera,Corixidae,,,9,He,Herbivores
CORI,103364,Arthropoda,Insecta,Hemiptera,Corixidae,,,9,Pr,Predators
CORIPA,103491,Arthropoda,Insecta,Hemiptera,Corixidae,,Palmacorixa,5,Pr,Predators
CORISI,103369,Arthropoda,Insecta,Hemiptera,Corixidae,,Sigara,9,Pr,Predators
CORITR,103423,Arthropoda,Insecta,Hemiptera,Corixidae,,Trichocorixa,5,Pr,Predators
CORYCH,115024,Arthropoda,Insecta,Megaloptera,Corydalidae,,Chauliodes,4,Pr,Predators
CORYCO,115033,Arthropoda,Insecta,Megaloptera,Corydalidae,,Corydalus,5.6,Pr,Predators
CORYNI,115028,Arthropoda,Insecta,Megaloptera,Corydalidae,,Nigronia,5.8,Pr,Predators
CRAM,693963,Arthropoda,Insecta,Lepidoptera,Crambidae,,,5,He,Herbivores
CRAM,693963,Arthropoda,Insecta,Lepidoptera,Crambidae,,,5,Sh,Shredders
CRAMPA,117714,Arthropoda,Insecta,Lepidoptera,Crambidae,,Parapoynx,5,He,Herbivores
CRAMPA,117714,Arthropoda,Insecta,Lepidoptera,Crambidae,,Parapoynx,5,Sh,Shredders
CRAMPE,117682,Arthropoda,Insecta,Lepidoptera,Crambidae,,Petrophila,2.7,He,Herbivores
CRAMPE,117682,Arthropoda,Insecta,Lepidoptera,Crambidae,,Petrophila,2.7,Sh,Shredders
CRANBS,-999,Arthropoda,Malacostraca,Amphipoda,Crangonyctidae,,(Stygobromus/Bactrurus),,C,Collectors
CRANCR,95081,Arthropoda,Malacostraca,Amphipoda,Crangonyctidae,,Crangonyx,8,C,Collectors
CRANST,93861,Arthropoda,Malacostraca,Amphipoda,Crangonyctidae,,Stygobromus,,C,Collectors
CULICU,126455,Arthropoda,Insecta,Diptera,Culicidae,,Culex,10,F,Filterers
CYRECO,81385,Mollusca,Bivalvia,Venerida,Cyrenidae,,Corbicula,6.3,F,Filterers
DIXIDE,125854,Arthropoda,Insecta,Diptera,Dixidae,,Dixella,2,C,Collectors
DIXIDI,125810,Arthropoda,Insecta,Diptera,Dixidae,,Dixa,2.8,Pr,Predators
DIXIDI,125810,Arthropoda,Insecta,Diptera,Dixidae,,Dixa,2.8,C,Collectors
DOLI,136824,Arthropoda,Insecta,Diptera,Dolichopodidae,,,4,Pr,Predators
DRYOHE,114006,Arthropoda,Insecta,Coleoptera,Dryopidae,,Helichus,5.4,C,Collectors
DRYOHE,114006,Arthropoda,Insecta,Coleoptera,Dryopidae,,Helichus,5.4,Sh,Shredders
DUGEGI,1037592,Platyhelminthes,Rhabditophora,Tricladida,Dugesiidae,,Girardia,5.5,C,Collectors
DUGEGI,1037592,Platyhelminthes,Rhabditophora,Tricladida,Dugesiidae,,Girardia,5.5,Pr,Predators
DYTIA,728216,Arthropoda,Insecta,Coleoptera,Dytiscidae,Agabinae,Agabini,,Pr,Predators
DYTIAG,111966,Arthropoda,Insecta,Coleoptera,Dytiscidae,,Agabus,5,Pr,Predators
DYTIHG,112200,Arthropoda,Insecta,Coleoptera,Dytiscidae,,Hygrotus,,Pr,Predators
DYTIIO,728239,Arthropoda,Insecta,Coleoptera,Dytiscidae,,Ilybiosoma,,Pr,Predators
ELMI,114093,Arthropoda,Insecta,Coleoptera,Elmidae,,,4,C,Collectors
ELMI,114093,Arthropoda,Insecta,Coleoptera,Elmidae,,,4,Sh,Shredders
ELMI,114093,Arthropoda,Insecta,Coleoptera,Elmidae,,,4,Sc,Scrapers
ELMIAN,114193,Arthropoda,Insecta,Coleoptera,Elmidae,,Ancyronyx,6.4,C,Collectors
ELMIAN,114193,Arthropoda,Insecta,Coleoptera,Elmidae,,Ancyronyx,6.4,Sc,Scrapers
ELMIDU,114126,Arthropoda,Insecta,Coleoptera,Elmidae,,Dubiraphia,6.4,C,Collectors
ELMIMA,114212,Arthropoda,Insecta,Coleoptera,Elmidae,,Macronychus,4.7,C,Collectors
ELMIMI,114146,Arthropoda,Insecta,Coleoptera,Elmidae,,Microcylloepus,2.1,C,Collectors
ELMIOP,114177,Arthropoda,Insecta,Coleoptera,Elmidae,,Optioservus,2.7,C,Collectors
ELMIOP,114177,Arthropoda,Insecta,Coleoptera,Elmidae,,Optioservus,2.7,Sh,Shredders
ELMIST,114095,Arthropoda,Insecta,Coleoptera,Elmidae,,Stenelmis,5.4,C,Collectors
ELMIST,114095,Arthropoda,Insecta,Coleoptera,Elmidae,,Stenelmis,5.4,Sc,Scrapers
EMMEFO,70605,Mollusca,Gastropoda,Littorinimorpha,Emmericiidae,,Fontigens,,Sc,Scrapers
EMPICH,136305,Arthropoda,Insecta,Diptera,Empididae,,Chelifera (Metachela),6,Pr,Predators
EMPICL,135849,Arthropoda,Insecta,Diptera,Empididae,,Clinocera,6,Pr,Predators
EMPIHE,136327,Arthropoda,Insecta,Diptera,Empididae,,Hemerodromia,6,C,Collectors
EMPIHE,136327,Arthropoda,Insecta,Diptera,Empididae,,Hemerodromia,6,Pr,Predators
EMPIOR,136377,Arthropoda,Insecta,Diptera,Empididae,,Oreogeton,,Pr,Predators
EMPITR,135903,Arthropoda,Insecta,Diptera,Empididae,,Trichoclinocera,6,Pr,Predators
ENTO,99643,Arthropoda,Collembola,Entomobryomorpha,Entomobryidae,,,,C,Collectors
EPHE,101232,Arthropoda,Insecta,Ephemeroptera,Ephemerellidae,,,1,C,Collectors
EPHE,101232,Arthropoda,Insecta,Ephemeroptera,Ephemerellidae,,,1,Sc,Scrapers
EPHEAT,101338,Arthropoda,Insecta,Ephemeroptera,Ephemerellidae,,Attenella,2.6,C,Collectors
EPHEEH,101526,Arthropoda,Insecta,Ephemeroptera,Ephemeridae,,Ephemera,1.1,C,Collectors
EPHEEH,101526,Arthropoda,Insecta,Ephemeroptera,Ephemeridae,,Ephemera,1.1,Pr,Predators
EPHEEP,101233,Arthropoda,Insecta,Ephemeroptera,Ephemerellidae,,Ephemerella,2.9,C,Collectors
EPHEEP,101233,Arthropoda,Insecta,Ephemeroptera,Ephemerellidae,,Ephemerella,2.9,Sc,Scrapers
EPHEEU,101324,Arthropoda,Insecta,Ephemeroptera,Ephemerellidae,,Eurylophella,2.1,C,Collectors
EPHEHE,101537,Arthropoda,Insecta,Ephemeroptera,Ephemeridae,,Hexagenia,4.7,C,Collectors
EPHESE,101395,Arthropoda,Insecta,Ephemeroptera,Ephemerellidae,,Serratella,2.1,C,Collectors
EPHETE,776926,Arthropoda,Insecta,Ephemeroptera,Ephemerellidae,,Teloganopsis,2.7,C,Collectors
EPHY,146893,Arthropoda,Insecta,Diptera,Ephydridae,,,6,Sh,Shredders
EPHY,146893,Arthropoda,Insecta,Diptera,Ephydridae,,,6,C,Collectors
ERPO,69438,Annelida,Clitellata,Arhynchobdellida,Erpobdellidae,,,7.8,Pa,Parasites
GAMMGA,93773,Arthropoda,Malacostraca,Amphipoda,Gammaridae,,Gammarus,6,C,Collectors
GERR,103801,Arthropoda,Insecta,Hemiptera,Gerridae,,,5,Pr,Predators
GERRAQ,717547,Arthropoda,Insecta,Hemiptera,Gerridae,,Aquarius,6.4,Pr,Predators
GERRGE,103829,Arthropoda,Insecta,Hemiptera,Gerridae,,Gerris,5,Pr,Predators
GERRRH,103802,Arthropoda,Insecta,Hemiptera,Gerridae,,Rheumatobates,,Pr,Predators
GLOSAG,117121,Arthropoda,Insecta,Trichoptera,Glossosomatidae,,Agapetus,0,Sc,Scrapers
GLOSAG,117121,Arthropoda,Insecta,Trichoptera,Glossosomatidae,,Agapetus,0,C,Collectors
GLOSGL,117159,Arthropoda,Insecta,Trichoptera,Glossosomatidae,,Glossosoma,1.5,Sc,Scrapers
GLOSGL,117159,Arthropoda,Insecta,Trichoptera,Glossosomatidae,,Glossosoma,1.5,C,Collectors
GLOSPR,115221,Arthropoda,Insecta,Trichoptera,Glossosomatidae,,Protoptila,2.8,Sc,Scrapers
GLSS,69380,Annelida,Clitellata,Rhynchobdellida,Glossiphoniidae,,,7,Pr,Predators
GOMP,101664,Arthropoda,Insecta,Odonata,Gomphidae,,,5.3,Pr,Predators
GOMPDR,101730,Arthropoda,Insecta,Odonata,Gomphidae,,Dromogomphus,6.3,Pr,Predators
GOMPGM,101777,Arthropoda,Insecta,Odonata,Gomphidae,,Gomphurus,6.2,Pr,Predators
GOMPHA,101734,Arthropoda,Insecta,Odonata,Gomphidae,,Hagenius,4,Pr,Predators
GOMPOP,101738,Arthropoda,Insecta,Odonata,Gomphidae,,Ophiogomphus,6.2,Pr,Predators
GOMPPH,-999,Arthropoda,Insecta,Odonata,Gomphidae,,Phanogomphus,,Pr,Predators
GOMPST,101761,Arthropoda,Insecta,Odonata,Gomphidae,,Stylogomphus,4.8,Pr,Predators
GYRIDI,112711,Arthropoda,Insecta,Coleoptera,Gyrinidae,,Dineutus,5.5,Pr,Predators
HALIPE,111923,Arthropoda,Insecta,Coleoptera,Haliplidae,,Peltodytes,8.5,He,Herbivores
HALIPE,111923,Arthropoda,Insecta,Coleoptera,Haliplidae,,Peltodytes,8.5,C,Collectors
HEBRHE,103965,Arthropoda,Insecta,Hemiptera,Hebridae,,Hebrus,,Pr,Predators
HEBRLI,103986,Arthropoda,Insecta,Hemiptera,Hebridae,,Lipogomphus,,Pr,Predators
HEBRME,103983,Arthropoda,Insecta,Hemiptera,Hebridae,,Merragata,,Pr,Predators
HELIHE,117016,Arthropoda,Insecta,Trichoptera,Helicopsychidae,,Helicopsyche,0,Sc,Scrapers
HEMI,103359,Arthropoda,Insecta,Hemiptera,,,,,Pr,Predators
HEPT,100504,Arthropoda,Insecta,Ephemeroptera,Heptageniidae,,,4,F,Filterers
HEPTEP,100626,Arthropoda,Insecta,Ephemeroptera,Heptageniidae,,Epeorus,1.3,C,Collectors
HEPTHE,100602,Arthropoda,Insecta,Ephemeroptera,Heptageniidae,,Heptagenia,2.4,Sc,Scrapers
HEPTHE,100602,Arthropoda,Insecta,Ephemeroptera,Heptageniidae,,Heptagenia,2.4,C,Collectors
HEPTLE,100676,Arthropoda,Insecta,Ephemeroptera,Heptageniidae,,Leucrocuta,1.2,C,Collectors
HEPTLE,100676,Arthropoda,Insecta,Ephemeroptera,Heptageniidae,,Leucrocuta,1.2,Sc,Scrapers
HEPTMC,100744,Arthropoda,Insecta,Ephemeroptera,Heptageniidae,,Macdunnoa,5,C,Collectors
HEPTMC,100744,Arthropoda,Insecta,Ephemeroptera,Heptageniidae,,Macdunnoa,5,Sc,Scrapers
HEPTRH,100572,Arthropoda,Insecta,Ephemeroptera,Heptageniidae,,Rhithrogena,0,C,Collectors
HEPTSE,100507,Arthropoda,Insecta,Ephemeroptera,Heptageniidae,,Stenonema,2.3,Sc,Scrapers
HEPTSE,100507,Arthropoda,Insecta,Ephemeroptera,Heptageniidae,,Stenonema,2.3,C,Collectors
HEPTST,100713,Arthropoda,Insecta,Ephemeroptera,Heptageniidae,,Stenacron,7.1,C,Collectors
HIR,69290,Annelida,Clitellata,Hirudinida,,,,10,C,Collectors
HYALHY,94025,Arthropoda,Malacostraca,Amphipoda,Hyalellidae,,Hyalella,6.8,C,Collectors
HYDD,50844,Cnidaria,Hydrozoa,Anthoathecata,Hydridae,,,,Pr,Predators
HYDDHY,50845,Cnidaria,Hydrozoa,Anthoathecata,Hydridae,,Hydra,5,Pr,Predators
HYDNHY,112757,Arthropoda,Insecta,Coleoptera,Hydraenidae,,Hydraena,6,Sc,Scrapers
HYDNHY,112757,Arthropoda,Insecta,Coleoptera,Hydraenidae,,Hydraena,6,C,Collectors
HYDPBE,112812,Arthropoda,Insecta,Coleoptera,Hydrophilidae,,Berosus,8.6,He,Herbivores
HYDPBE,112812,Arthropoda,Insecta,Coleoptera,Hydrophilidae,,Berosus,8.6,C,Collectors
HYDPEN,112973,Arthropoda,Insecta,Coleoptera,Hydrophilidae,,Enochrus,8.5,C,Collectors
HYDPHL,-999,Arthropoda,Insecta,Coleoptera,Hydrophilidae,,Hydrobius/Limnohydrobius,,C,Collectors
HYDPHL,-999,Arthropoda,Insecta,Coleoptera,Hydrophilidae,,Hydrobius/Limnohydrobius,,Pr,Predators
HYDPHY,113196,Arthropoda,Insecta,Coleoptera,Hydrophilidae,,Hydrobius,5,C,Collectors
HYDPHY,113196,Arthropoda,Insecta,Coleoptera,Hydrophilidae,,Hydrobius,5,Pr,Predators
HYDPTR,112938,Arthropoda,Insecta,Coleoptera,Hydrophilidae,,Tropisternus,9.8,C,Collectors
HYDPTR,112938,Arthropoda,Insecta,Coleoptera,Hydrophilidae,,Tropisternus,9.8,Pr,Predators
HYDR,70493,Mollusca,Gastropoda,Littorinimorpha,Hydrobiidae,,,7,Sc,Scrapers
HYDRPR,70505,Mollusca,Gastropoda,Littorinimorpha,Hydrobiidae,,Probythinella,,Sc,Scrapers
HYDSCH,115408,Arthropoda,Insecta,Trichoptera,Hydropsychidae,,Cheumatopsyche,6.6,F,Filterers
HYDSDI,115399,Arthropoda,Insecta,Trichoptera,Hydropsychidae,,Diplectrona,2.2,F,Filterers
HYDSHY,115453,Arthropoda,Insecta,Trichoptera,Hydropsychidae,,Hydropsyche,8.1,F,Filterers
HYDSPO,115551,Arthropoda,Insecta,Trichoptera,Hydropsychidae,,Potamyia,2.5,F,Filterers
HYDTDI,115826,Arthropoda,Insecta,Trichoptera,Hydroptilidae,,Dibusa,2,Sc,Scrapers
HYDTHY,115641,Arthropoda,Insecta,Trichoptera,Hydroptilidae,,Hydroptila,6.2,He,Herbivores
HYDTHY,115641,Arthropoda,Insecta,Trichoptera,Hydroptilidae,,Hydroptila,6.2,Sc,Scrapers
HYDTIT,115823,Arthropoda,Insecta,Trichoptera,Hydroptilidae,,Ithytrichia,4,Sc,Scrapers
HYDTNE,115833,Arthropoda,Insecta,Trichoptera,Hydroptilidae,,Neotrichia,3.6,Sc,Scrapers
HYDTOC,115714,Arthropoda,Insecta,Trichoptera,Hydroptilidae,,Ochrotrichia,7.2,C,Collectors
HYDTOC,115714,Arthropoda,Insecta,Trichoptera,Hydroptilidae,,Ochrotrichia,7.2,He,Herbivores
HYDTOX,115779,Arthropoda,Insecta,Trichoptera,Hydroptilidae,,Oxyethira,5.2,He,Herbivores
HYDTOX,115779,Arthropoda,Insecta,Trichoptera,Hydroptilidae,,Oxyethira,5.2,C,Collectors
HYDTST,115817,Arthropoda,Insecta,Trichoptera,Hydroptilidae,,Stactobiella,2.75,Sh,Shredders
ISONIS,101041,Arthropoda,Insecta,Ephemeroptera,Isonychiidae,,Isonychia,3.8,F,Filterers
LEPCCE,116684,Arthropoda,Insecta,Trichoptera,Leptoceridae,,Ceraclea,6.4,Sh,Shredders
LEPCCE,116684,Arthropoda,Insecta,Trichoptera,Leptoceridae,,Ceraclea,6.4,C,Collectors
LEPCMY,116598,Arthropoda,Insecta,Trichoptera,Leptoceridae,,Mystacides,3.5,C,Collectors
LEPCNE,116651,Arthropoda,Insecta,Trichoptera,Leptoceridae,,Nectopsyche,4.2,C,Collectors
LEPCNE,116651,Arthropoda,Insecta,Trichoptera,Leptoceridae,,Nectopsyche,4.2,Sh,Shredders
LEPCOE,116607,Arthropoda,Insecta,Trichoptera,Leptoceridae,,Oecetis,5.7,Pr,Predators
LEPCOE,116607,Arthropoda,Insecta,Trichoptera,Leptoceridae,,Oecetis,5.7,He,Herbivores
LEPCSE,116548,Arthropoda,Insecta,Trichoptera,Leptoceridae,,Setodes,0.9,Pr,Predators
LEPCSE,116548,Arthropoda,Insecta,Trichoptera,Leptoceridae,,Setodes,0.9,C,Collectors
LEPCTR,116565,Arthropoda,Insecta,Trichoptera,Leptoceridae,,Triaenodes,4.3,Sh,Shredders
LEPILE,116794,Arthropoda,Insecta,Trichoptera,Lepidostomatidae,,Lepidostoma,1,Sh,Shredders
LEPTHA,101122,Arthropoda,Insecta,Ephemeroptera,Leptophlebiidae,,Habrophlebiodes,0,C,Collectors
LEPTHA,101122,Arthropoda,Insecta,Ephemeroptera,Leptophlebiidae,,Habrophlebiodes,0,Sc,Scrapers
LEPTLE,101148,Arthropoda,Insecta,Ephemeroptera,Leptophlebiidae,,Leptophlebia,6.4,C,Collectors
LEPTPA,101187,Arthropoda,Insecta,Ephemeroptera,Leptophlebiidae,,Paraleptophlebia,1.2,Sh,Shredders
LEPTPA,101187,Arthropoda,Insecta,Ephemeroptera,Leptophlebiidae,,Paraleptophlebia,1.2,C,Collectors
LEPTTR,101405,Arthropoda,Insecta,Ephemeroptera,Leptohyphidae,,Tricorythodes,5.4,C,Collectors
LESTLE,102061,Arthropoda,Insecta,Odonata,Lestidae,,Lestes,6,Pr,Predators
LEUC,102840,Arthropoda,Insecta,Plecoptera,Leuctridae,,,0,Sh,Shredders
LEUCLE,102844,Arthropoda,Insecta,Plecoptera,Leuctridae,,Leuctra,0.7,Sh,Shredders
LEUCZE,102900,Arthropoda,Insecta,Plecoptera,Leuctridae,,Zealeuctra,0,Sh,Shredders
LIBE,101797,Arthropoda,Insecta,Odonata,Libellulidae,,,9,Pr,Predators
LIBELI,101893,Arthropoda,Insecta,Odonata,Libellulidae,,Libellula,9.8,Pr,Predators
LIMNIR,116382,Arthropoda,Insecta,Trichoptera,Limnephilidae,,Ironoquia,7.3,C,Collectors
LIMNIR,116382,Arthropoda,Insecta,Trichoptera,Limnephilidae,,Ironoquia,7.3,Sh,Shredders
LIMNPY,116409,Arthropoda,Insecta,Trichoptera,Limnephilidae,,Pycnopsyche,2.5,C,Collectors
LIMNPY,116409,Arthropoda,Insecta,Trichoptera,Limnephilidae,,Pycnopsyche,2.5,Sh,Shredders
LIMO,-999,Arthropoda,Insecta,Diptera,Limoniidae,,,,Sh,Shredders
LIMOAN,119656,Arthropoda,Insecta,Diptera,Limoniidae,,Antocha,4.6,C,Collectors
LIMOCR,120488,Arthropoda,Insecta,Diptera,Limoniidae,,Cryptolabis,,Sh,Shredders
LIMOCR,120488,Arthropoda,Insecta,Diptera,Limoniidae,,Cryptolabis,,C,Collectors
LIMOGIE,-999,Arthropoda,Insecta,Diptera,Limoniidae,,Gonomyia/Idiocera/Ellipteroides,,C,Collectors
LIMOHE,120094,Arthropoda,Insecta,Diptera,Limoniidae,,Hexatoma,4.7,Pr,Predators
LIMOLM,120164,Arthropoda,Insecta,Diptera,Limoniidae,,Limnophila,3,Pr,Predators
LIMOMO,120758,Arthropoda,Insecta,Diptera,Limoniidae,,Molophilus,4,Sh,Shredders
LIMOPS,120365,Arthropoda,Insecta,Diptera,Limoniidae,,Pseudolimnophila,7.3,C,Collectors
LYMN,76483,Mollusca,Gastropoda,,Lymnaeidae,,,6,Sc,Scrapers
LYMNGA,76497,Mollusca,Gastropoda,,Lymnaeidae,,Galba,6,Sc,Scrapers
LYMNPS,76528,Mollusca,Gastropoda,,Lymnaeidae,,Pseudosuccinea,7.2,Sc,Scrapers
MACRMA,101918,Arthropoda,Insecta,Odonata,Macromiidae,,Macromia,6.7,Pr,Predators
MEGA,115000,Arthropoda,Insecta,Megaloptera,,,,3.6,Pr,Predators
MOLAMO,116474,Arthropoda,Insecta,Trichoptera,Molannidae,,Molanna,3.9,Sh,Shredders
MOLAMO,116474,Arthropoda,Insecta,Trichoptera,Molannidae,,Molanna,3.9,C,Collectors
MUSC,150025,Arthropoda,Insecta,Diptera,Muscidae,,,6,Pr,Predators
MUSCLI,150730,Arthropoda,Insecta,Diptera,Muscidae,,Limnophora,7,Pr,Predators
NEMO,102517,Arthropoda,Insecta,Plecoptera,Nemouridae,,,2,Sh,Shredders
NEMO,102517,Arthropoda,Insecta,Plecoptera,Nemouridae,,,2,Sc,Scrapers
NEMOAM,102540,Arthropoda,Insecta,Plecoptera,Nemouridae,,Amphinemura,3.4,Sh,Shredders
NEMOPR,102584,Arthropoda,Insecta,Plecoptera,Nemouridae,,Prostoia,6.1,Sh,Shredders
NEMOPR,102584,Arthropoda,Insecta,Plecoptera,Nemouridae,,Prostoia,6.1,Sc,Scrapers
ODON,101593,Arthropoda,Insecta,Odonata,,,,,Pr,Predators
ODONMA,116514,Arthropoda,Insecta,Trichoptera,Odontoceridae,,Marilia,0,Sh,Shredders
PEDIDI,121027,Arthropoda,Insecta,Diptera,Pediciidae,,Dicranota,0,Pr,Predators
PERL,102914,Arthropoda,Insecta,Plecoptera,Perlidae,,,1,C,Collectors
PERL,102914,Arthropoda,Insecta,Plecoptera,Perlidae,,,1,Pr,Predators
PERLAC,102917,Arthropoda,Insecta,Plecoptera,Perlidae,,Acroneuria,1.5,Pr,Predators
PERLAG,102975,Arthropoda,Insecta,Plecoptera,Perlidae,,Agnetina,0,Pr,Predators
PERLNE,102942,Arthropoda,Insecta,Plecoptera,Perlidae,,Neoperla,1.6,Pr,Predators
PERLPA,102962,Arthropoda,Insecta,Plecoptera,Perlidae,,Paragnetina,1.8,Pr,Predators
PERLPE,103251,Arthropoda,Insecta,Plecoptera,Perlidae,,Perlesta,0,Pr,Predators
PERLPE,103251,Arthropoda,Insecta,Plecoptera,Perlidae,,Perlesta,0,C,Collectors
PERLPR,103244,Arthropoda,Insecta,Plecoptera,Perlidae,,Perlinella,0,Pr,Predators
PERO,102994,Arthropoda,Insecta,Plecoptera,Perlodidae,,,2,Pr,Predators
PEROCL,103118,Arthropoda,Insecta,Plecoptera,Perlodidae,,Clioperla,4.8,Pr,Predators
PEROHE,103084,Arthropoda,Insecta,Plecoptera,Perlodidae,,Helopicus,0.4,Pr,Predators
PEROHY,103106,Arthropoda,Insecta,Plecoptera,Perlodidae,,Hydroperla,2.75,Pr,Predators
PEROIS,102995,Arthropoda,Insecta,Plecoptera,Perlodidae,,Isoperla,3.2,Pr,Predators
PEROIS,102995,Arthropoda,Insecta,Plecoptera,Perlodidae,,Isoperla,3.2,C,Collectors
PHILCH,115273,Arthropoda,Insecta,Trichoptera,Philopotamidae,,Chimarra,2.8,F,Filterers
PHILWO,115258,Arthropoda,Insecta,Trichoptera,Philopotamidae,,Wormaldia,0.4,F,Filterers
PHRYAG,115882,Arthropoda,Insecta,Trichoptera,Phryganeidae,,Agrypnia,4.6,Sh,Shredders
PHYSPY,76698,Mollusca,Gastropoda,,Physidae,,Physella,9.1,Sc,Scrapers
PLANPH,54535,Platyhelminthes,Rhabditophora,Tricladida,Planariidae,,Phagocata,,Pr,Predators
PLAO,76591,Mollusca,Gastropoda,,Planorbidae,,,7,Sc,Scrapers
PLAOFE,76569,Mollusca,Gastropoda,,Planorbidae,,Ferrissia,6.9,Sc,Scrapers
PLAOGY,76592,Mollusca,Gastropoda,,Planorbidae,,Gyraulus,8,Sc,Scrapers
PLAOHE,76599,Mollusca,Gastropoda,,Planorbidae,,Helisoma,6,Sc,Scrapers
PLAOHP,,Mollusca,Gastropoda,,Planorbidae,,Helisoma/Planorbella,,Sc,Scrapers
PLAOME,76626,Mollusca,Gastropoda,,Planorbidae,,Menetus,8.4,Sc,Scrapers
PLEU,71541,Mollusca,Gastropoda,Neotaenioglossa,Pleuroceridae,,,,Sc,Scrapers
PLEUEL,71654,Mollusca,Gastropoda,,Pleuroceridae,,Elimia,2.5,Sc,Scrapers
PLEUPL,71549,Mollusca,Gastropoda,,Pleuroceridae,,Pleurocera,3.7,Sc,Scrapers
PODUPO,99240,Arthropoda,Collembola,Poduromorpha,Poduridae,,Podura,,C,Collectors
POLYCE,115373,Arthropoda,Insecta,Trichoptera,Polycentropodidae,,Cernotina,1.2,Pr,Predators
POLYCY,117091,Arthropoda,Insecta,Trichoptera,Polycentropodidae,,Cyrnellus,7.4,C,Collectors
POLYCY,117091,Arthropoda,Insecta,Trichoptera,Polycentropodidae,,Cyrnellus,7.4,F,Filterers
POLYNE,117095,Arthropoda,Insecta,Trichoptera,Polycentropodidae,,Neureclipsis,4.4,F,Filterers
POLYNE,117095,Arthropoda,Insecta,Trichoptera,Polycentropodidae,,Neureclipsis,4.4,Sh,Shredders
POLYNY,117104,Arthropoda,Insecta,Trichoptera,Polycentropodidae,,Nyctiophylax,0.9,F,Filterers
POLYNY,117104,Arthropoda,Insecta,Trichoptera,Polycentropodidae,,Nyctiophylax,0.9,Pr,Predators
POLYNY,117104,Arthropoda,Insecta,Trichoptera,Polycentropodidae,,Nyctiophylax,0.9,Sh,Shredders
POLYPL,568776,Arthropoda,Insecta,Trichoptera,Polycentropodidae,,Plectrocnemia,,Pr,Predators
POLYPL,568776,Arthropoda,Insecta,Trichoptera,Polycentropodidae,,Plectrocnemia,,Sh,Shredders
POLYPL,568776,Arthropoda,Insecta,Trichoptera,Polycentropodidae,,Plectrocnemia,,C,Collectors
POLYPO,117044,Arthropoda,Insecta,Trichoptera,Polycentropodidae,,Polycentropus,3.5,C,Collectors
POLYPO,117044,Arthropoda,Insecta,Trichoptera,Polycentropodidae,,Polycentropus,3.5,Pr,Predators
POTAAN,568559,Arthropoda,Insecta,Ephemeroptera,Potamanthidae,,Anthopotamus,1.6,C,Collectors
PSEPEC,114087,Arthropoda,Insecta,Coleoptera,Psephenidae,,Ectopria,4.3,Sc,Scrapers
PSEPPS,114070,Arthropoda,Insecta,Coleoptera,Psephenidae,,Psephenus,2.5,Sc,Scrapers
PSYCPE,-999,Arthropoda,Insecta,Diptera,Psychodidae,,Pericomaini,,C,Collectors
PSYCPS,-999,Arthropoda,Insecta,Diptera,Psychodidae,,Psychodini,9.9,C,Collectors
PSYHLYD,115391,Arthropoda,Insecta,Trichoptera,Psychomyiidae,,Lype,4.3,C,Collectors
PSYHPA,115388,Arthropoda,Insecta,Trichoptera,Psychomyiidae,,Paduniella,0,C,Collectors
PSYHPA,115388,Arthropoda,Insecta,Trichoptera,Psychomyiidae,,Paduniella,0,Sc,Scrapers
PSYHPS,115335,Arthropoda,Insecta,Trichoptera,Psychomyiidae,,Psychomyia,2.6,C,Collectors
PSYHPS,115335,Arthropoda,Insecta,Trichoptera,Psychomyiidae,,Psychomyia,2.6,Sc,Scrapers
PTERPT,102471,Arthropoda,Insecta,Plecoptera,Pteronarcyidae,,Pteronarcys,1.7,Sh,Shredders
RHYARH,115097,Arthropoda,Insecta,Trichoptera,Rhyacophilidae,,Rhyacophila,0,Pr,Predators
SCIR,113924,Arthropoda,Insecta,Coleoptera,Scirtidae,,,5,C,Collectors
SCIR,113924,Arthropoda,Insecta,Coleoptera,Scirtidae,,,5,Sh,Shredders
SCIR,113924,Arthropoda,Insecta,Coleoptera,Scirtidae,,,5,He,Herbivores
SCIR,113924,Arthropoda,Insecta,Coleoptera,Scirtidae,,,5,Sc,Scrapers
SCIRSC,113929,Arthropoda,Insecta,Coleoptera,Scirtidae,,Scirtes,,Sh,Shredders
SIALSI,115002,Arthropoda,Insecta,Megaloptera,Sialidae,,Sialis,7.4,Pr,Predators
SIMUPR,126703,Arthropoda,Insecta,Diptera,Simuliidae,,Prosimulium,2.9,F,Filterers
SIMUSI,126774,Arthropoda,Insecta,Diptera,Simuliidae,,Simulium,4.4,F,Filterers
SIPHSI,100953,Arthropoda,Insecta,Ephemeroptera,Siphlonuridae,,Siphlonurus,2.6,C,Collectors
SIPHSI,100953,Arthropoda,Insecta,Ephemeroptera,Siphlonuridae,,Siphlonurus,2.6,Sc,Scrapers
SISYCL,115086,Arthropoda,Insecta,Neuroptera,Sisyridae,,Climacia,6.5,Pr,Predators
SISYSI,115090,Arthropoda,Insecta,Neuroptera,Sisyridae,,Sisyra,,Pr,Predators
SMIN,100258,Arthropoda,Collembola,Symphypleona,Sminthuridae,,,,C,Collectors
SPHA,81389,Mollusca,Bivalvia,Veneroida,Sphaeriidae,,,6,F,Filterers
SPHAPI,81400,Mollusca,Bivalvia,Veneroida,Sphaeriidae,,Pisidium,6.8,F,Filterers
SPHASP,81391,Mollusca,Bivalvia,Veneroida,Sphaeriidae,,Sphaerium,7.7,F,Filterers
STRACA,130409,Arthropoda,Insecta,Diptera,Stratiomyidae,,Caloparyphus,8,C,Collectors
STRAMY,130473,Arthropoda,Insecta,Diptera,Stratiomyidae,,Myxosargus,8,C,Collectors
STRANE,130694,Arthropoda,Insecta,Diptera,Stratiomyidae,,Nemotelus,7.3,C,Collectors
STRAOH,,Arthropoda,Insecta,Diptera,Stratiomyidae,,Odontomyia/Hedriodiscus,,Sc,Scrapers
TABA,130934,Arthropoda,Insecta,Diptera,Tabanidae,,,6,C,Collectors
TABAHY,131321,Arthropoda,Insecta,Diptera,Tabanidae,,Hybomitra,,Pr,Predators
TABATA,131527,Arthropoda,Insecta,Diptera,Tabanidae,,Tabanus (Atylotus),9.7,Pr,Predators
TABCHL,131250,Arthropoda,Insecta,Diptera,Tabanidae,,Chlorotabanus,,Pr,Predators
TABCHR,131078,Arthropoda,Insecta,Diptera,Tabanidae,,Chrysops,7.3,Pr,Predators
TAEN,102788,Arthropoda,Insecta,Plecoptera,Taeniopterygidae,,,2,C,Collectors
TAEN,102788,Arthropoda,Insecta,Plecoptera,Taeniopterygidae,,,2,Sh,Shredders
TAENST,102808,Arthropoda,Insecta,Plecoptera,Taeniopterygidae,,Strophopteryx,2.5,Sh,Shredders
TAENTA,102789,Arthropoda,Insecta,Plecoptera,Taeniopterygidae,,Taeniopteryx,2,C,Collectors
TAENTA,102789,Arthropoda,Insecta,Plecoptera,Taeniopterygidae,,Taeniopteryx,2,Sh,Shredders
THRENE,116046,Arthropoda,Insecta,Trichoptera,Thremmatidae,,Neophylax,1.6,Sc,Scrapers
TIPU,118840,Arthropoda,Insecta,Diptera,Tipulidae,,,3,C,Collectors
TIPUTI,119037,Arthropoda,Insecta,Diptera,Tipulidae,,Tipula,7.7,Sh,Shredders
TIPUTI,119037,Arthropoda,Insecta,Diptera,Tipulidae,,Tipula,7.7,C,Collectors
TRIDEL,650541,Arthropoda,Insecta,Orthoptera,Tridactylidae,,Ellipes,,C,Collectors
TROM,82769,Arthropoda,Arachnida,Trombidiformes,Hydrachnidiae,,,5.7,Pr,Predators
TROM,82769,Arthropoda,Arachnida,Trombidiformes,Hydrachnidiae,,,5.7,Pa,Parasites
UNIO,79913,Mollusca,Bivalvia,Unionida,Unionidae,,,0,F,Filterers
UNIOCY,80084,Mollusca,Bivalvia,Unionida,Unionidae,,Cyclonaias,0,F,Filterers
UNIOLA,79986,Mollusca,Bivalvia,Unionida,Unionidae,,Lampsilis,0,F,Filterers
UNIOST,80150,Mollusca,Bivalvia,Unionida,Unionidae,,Strophitus,0,F,Filterers
VELI,103885,Arthropoda,Insecta,Hemiptera,Veliidae,,,7,Pr,Predators
VELIMI,103900,Arthropoda,Insecta,Hemiptera,Veliidae,,Microvelia,6.4,Pr,Predators
VELIRH,103886,Arthropoda,Insecta,Hemiptera,Veliidae,,Rhagovelia,5,Pr,Predators
VIVI,70304,Mollusca,Gastropoda,Architaenioglossa,Viviparidae,,,6,Sc,Scrapers
