Year,Site,ObserverDistance_m,HeightInterval_m,Cover,PercentRangeOfCover,PercentClassMidpt,dwcType,dwcBasisOfRecord
2007,1,1,0 - 0.5,5,50 - 75,62.5,event,HumanObservation
2007,1,1,0.25 - 0.75,2,1 - 5,2.5,event,HumanObservation
2007,1,1,0.5 - 1.0,1,0.1 - 0.99,0.5,event,HumanObservation
2007,1,5,0 - 0.5,7,95 - 100,97.5,event,HumanObservation
2007,1,5,0.25 - 0.75,3,5 - 25,15,event,HumanObservation
2007,1,5,0.5 - 1.0,1,0.1 - 0.99,0.5,event,HumanObservation
2007,1,15,0 - 0.5,7,95 - 100,97.5,event,HumanObservation
2007,1,15,0.25 - 0.75,6,75 - 95,85,event,HumanObservation
2007,1,15,0.5 - 1.0,1,0.1 - 0.99,0.5,event,HumanObservation
2007,2,1,0 - 0.5,4,25 - 50,37.5,event,HumanObservation
2007,2,1,0.25 - 0.75,2,1 - 5,2.5,event,HumanObservation
2007,2,1,0.5 - 1.0,1,0.1 - 0.99,0.5,event,HumanObservation
2007,2,1,0.75 - 1.25,1,0.1 - 0.99,0.5,event,HumanObservation
2007,2,5,0 - 0.5,7,95 - 100,97.5,event,HumanObservation
2007,2,5,0.25 - 0.75,3,5 - 25,15,event,HumanObservation
2007,2,5,0.5 - 1.0,1,0.1 - 0.99,0.5,event,HumanObservation
2007,2,5,0.75 - 1.25,1,0.1 - 0.99,0.5,event,HumanObservation
2007,2,15,0 - 0.5,7,95 - 100,97.5,event,HumanObservation
2007,2,15,0.25 - 0.75,7,95 - 100,97.5,event,HumanObservation
2007,2,15,0.5 - 1.0,3,5 - 25,15,event,HumanObservation
2007,2,15,0.75 - 1.25,1,0.1 - 0.99,0.5,event,HumanObservation
2007,3,1,0 - 0.5,6,75 - 95,85,event,HumanObservation
2007,3,1,0.25 - 0.75,3,5 - 25,15,event,HumanObservation
2007,3,1,0.5 - 1.0,2,1 - 5,2.5,event,HumanObservation
2007,3,5,0 - 0.5,7,95 - 100,97.5,event,HumanObservation
2007,3,5,0.25 - 0.75,4,25 - 50,37.5,event,HumanObservation
2007,3,5,0.5 - 1.0,1,0.1 - 0.99,0.5,event,HumanObservation
2007,3,15,0 - 0.5,7,95 - 100,97.5,event,HumanObservation
2007,3,15,0.25 - 0.75,6,75 - 95,85,event,HumanObservation
2007,3,15,0.5 - 1.0,2,1 - 5,2.5,event,HumanObservation
2007,3,15,0.75 - 1.25,1,0.1 - 0.99,0.5,event,HumanObservation
2007,4,1,0 - 0.5,5,50 - 75,62.5,event,HumanObservation
2007,4,1,0.25 - 0.75,2,1 - 5,2.5,event,HumanObservation
2007,4,1,0.5 - 1.0,1,0.1 - 0.99,0.5,event,HumanObservation
2007,4,5,0 - 0.5,7,95 - 100,97.5,event,HumanObservation
2007,4,5,0.25 - 0.75,4,25 - 50,37.5,event,HumanObservation
2007,4,5,0.5 - 1.0,1,0.1 - 0.99,0.5,event,HumanObservation
2007,4,5,0.75 - 1.25,1,0.1 - 0.99,0.5,event,HumanObservation
2007,4,15,0 - 0.5,7,95 - 100,97.5,event,HumanObservation
2007,4,15,0.25 - 0.75,7,95 - 100,97.5,event,HumanObservation
2007,4,15,0.5 - 1.0,2,1 - 5,2.5,event,HumanObservation
2007,4,15,0.75 - 1.25,1,0.1 - 0.99,0.5,event,HumanObservation
2007,5,1,0 - 0.5,6,75 - 95,85,event,HumanObservation
2007,5,1,0.25 - 0.75,3,5 - 25,15,event,HumanObservation
2007,5,1,0.5 - 1.0,1,0.1 - 0.99,0.5,event,HumanObservation
2007,5,1,0.75 - 1.25,1,0.1 - 0.99,0.5,event,HumanObservation
2007,5,5,0 - 0.5,7,95 - 100,97.5,event,HumanObservation
2007,5,5,0.25 - 0.75,5,50 - 75,62.5,event,HumanObservation
2007,5,5,0.5 - 1.0,2,1 - 5,2.5,event,HumanObservation
2007,5,5,0.75 - 1.25,1,0.1 - 0.99,0.5,event,HumanObservation
2007,5,15,0 - 0.5,7,95 - 100,97.5,event,HumanObservation
2007,5,15,0.25 - 0.75,7,95 - 100,97.5,event,HumanObservation
2007,5,15,0.5 - 1.0,7,95 - 100,97.5,event,HumanObservation
2007,5,15,0.75 - 1.25,6,75 - 95,85,event,HumanObservation
2007,5,15,1.0 - 1.5,2,1 - 5,2.5,event,HumanObservation
2007,6,1,0 - 0.5,4,25 - 50,37.5,event,HumanObservation
2007,6,1,0.25 - 0.75,2,1 - 5,2.5,event,HumanObservation
2007,6,1,0.5 - 1.0,1,0.1 - 0.99,0.5,event,HumanObservation
2007,6,5,0 - 0.5,7,95 - 100,97.5,event,HumanObservation
2007,6,5,0.25 - 0.75,3,5 - 25,15,event,HumanObservation
2007,6,5,0.5 - 1.0,1,0.1 - 0.99,0.5,event,HumanObservation
2007,6,15,0 - 0.5,7,95 - 100,97.5,event,HumanObservation
2007,6,15,0.25 - 0.75,6,75 - 95,85,event,HumanObservation
2007,6,15,0.5 - 1.0,2,1 - 5,2.5,event,HumanObservation
2007,6,15,0.75 - 1.25,1,0.1 - 0.99,0.5,event,HumanObservation
2008,1,1,0 - 0.5,6,75 - 95,85,event,HumanObservation
2008,1,1,0.25 - 0.75,4,25 - 50,37.5,event,HumanObservation
2008,1,1,0.5 - 1.0,1,0.1 - 0.99,0.5,event,HumanObservation
2008,1,5,0 - 0.5,7,95 - 100,97.5,event,HumanObservation
2008,1,5,0.25 - 0.75,5,50 - 75,62.5,event,HumanObservation
2008,1,5,0.5 - 1.0,3,5 - 25,15,event,HumanObservation
2008,1,15,0 - 0.5,7,95 - 100,97.5,event,HumanObservation
2008,1,15,0.25 - 0.75,5,50 - 75,62.5,event,HumanObservation
2008,1,15,0.5 - 1.0,2,1 - 5,2.5,event,HumanObservation
2008,2,1,0 - 0.5,6,75 - 95,85,event,HumanObservation
2008,2,1,0.25 - 0.75,4,25 - 50,37.5,event,HumanObservation
2008,2,1,0.5 - 1.0,2,1 - 5,2.5,event,HumanObservation
2008,2,1,0.75 - 1.25,1,0.1 - 0.99,0.5,event,HumanObservation
2008,2,5,0 - 0.5,7,95 - 100,97.5,event,HumanObservation
2008,2,5,0.25 - 0.75,6,75 - 95,85,event,HumanObservation
2008,2,5,0.5 - 1.0,3,5 - 25,15,event,HumanObservation
2008,2,5,0.75 - 1.25,1,0.1 - 0.99,0.5,event,HumanObservation
2008,2,15,0 - 0.5,7,95 - 100,97.5,event,HumanObservation
2008,2,15,0.25 - 0.75,7,95 - 100,97.5,event,HumanObservation
2008,2,15,0.5 - 1.0,5,50 - 75,62.5,event,HumanObservation
2008,2,15,0.75 - 1.25,2,1 - 5,2.5,event,HumanObservation
2008,2,15,1.0 - 1.5,1,0.1 - 0.99,0.5,event,HumanObservation
2008,3,1,0 - 0.5,5,50 - 75,62.5,event,HumanObservation
2008,3,1,0.25 - 0.75,3,5 - 25,15,event,HumanObservation
2008,3,5,0 - 0.5,7,95 - 100,97.5,event,HumanObservation
2008,3,5,0.25 - 0.75,7,95 - 100,97.5,event,HumanObservation
2008,3,5,0.5 - 1.0,4,25 - 50,37.5,event,HumanObservation
2008,3,15,0 - 0.5,7,95 - 100,97.5,event,HumanObservation
2008,3,15,0.25 - 0.75,7,95 - 100,97.5,event,HumanObservation
2008,3,15,0.5 - 1.0,6,75 - 95,85,event,HumanObservation
2008,3,15,0.75 - 1.25,2,1 - 5,2.5,event,HumanObservation
2008,4,1,0 - 0.5,6,75 - 95,85,event,HumanObservation
2008,4,1,0.25 - 0.75,5,50 - 75,62.5,event,HumanObservation
2008,4,1,0.5 - 1.0,1,0.1 - 0.99,0.5,event,HumanObservation
2008,4,5,0 - 0.5,7,95 - 100,97.5,event,HumanObservation
2008,4,5,0.25 - 0.75,5,50 - 75,62.5,event,HumanObservation
2008,4,5,0.5 - 1.0,1,0.1 - 0.99,0.5,event,HumanObservation
2008,4,15,0 - 0.5,7,95 - 100,97.5,event,HumanObservation
2008,4,15,0.25 - 0.75,6,75 - 95,85,event,HumanObservation
2008,4,15,0.5 - 1.0,3,5 - 25,15,event,HumanObservation
2008,4,15,0.75 - 1.25,1,0.1 - 0.99,0.5,event,HumanObservation
2008,5,1,0 - 0.5,7,95 - 100,97.5,event,HumanObservation
2008,5,1,0.25 - 0.75,3,5 - 25,15,event,HumanObservation
2008,5,5,0 - 0.5,7,95 - 100,97.5,event,HumanObservation
2008,5,5,0.25 - 0.75,7,95 - 100,97.5,event,HumanObservation
2008,5,5,0.5 - 1.0,2,1 - 5,2.5,event,HumanObservation
2008,5,5,0.75 - 1.25,1,0.1 - 0.99,0.5,event,HumanObservation
2008,5,15,0 - 0.5,7,95 - 100,97.5,event,HumanObservation
2008,5,15,0.25 - 0.75,7,95 - 100,97.5,event,HumanObservation
2008,5,15,0.5 - 1.0,6,75 - 95,85,event,HumanObservation
2008,5,15,0.75 - 1.25,6,75 - 95,85,event,HumanObservation
2008,5,15,1.0 - 1.5,3,5 - 25,15,event,HumanObservation
2008,6,1,0 - 0.5,4,25 - 50,37.5,event,HumanObservation
2008,6,1,0.25 - 0.75,2,1 - 5,2.5,event,HumanObservation
2008,6,1,0.5 - 1.0,1,0.1 - 0.99,0.5,event,HumanObservation
2008,6,1,0.75 - 1.25,1,0.1 - 0.99,0.5,event,HumanObservation
2008,6,5,0 - 0.5,7,95 - 100,97.5,event,HumanObservation
2008,6,5,0.25 - 0.75,5,50 - 75,62.5,event,HumanObservation
2008,6,5,0.5 - 1.0,3,5 - 25,15,event,HumanObservation
2008,6,5,0.75 - 1.25,2,1 - 5,2.5,event,HumanObservation
2008,6,15,0 - 0.5,7,95 - 100,97.5,event,HumanObservation
2008,6,15,0.25 - 0.75,7,95 - 100,97.5,event,HumanObservation
2008,6,15,0.5 - 1.0,5,50 - 75,62.5,event,HumanObservation
2008,6,15,0.75 - 1.25,4,25 - 50,37.5,event,HumanObservation
2009,1,1,0 - 0.5,6,75 - 95,85,event,HumanObservation
2009,1,1,0.25 - 0.75,1,0.1 - 0.99,0.5,event,HumanObservation
2009,1,5,0 - 0.5,7,95 - 100,97.5,event,HumanObservation
2009,1,5,0.25 - 0.75,4,25 - 50,37.5,event,HumanObservation
2009,1,5,0.5 - 1.0,2,1 - 5,2.5,event,HumanObservation
2009,1,5,0.75 - 1.25,1,0.1 - 0.99,0.5,event,HumanObservation
2009,1,15,0 - 0.5,7,95 - 100,97.5,event,HumanObservation
2009,1,15,0.25 - 0.75,4,25 - 50,37.5,event,HumanObservation
2009,1,15,0.5 - 1.0,2,1 - 5,2.5,event,HumanObservation
2009,1,15,0.75 - 1.25,1,0.1 - 0.99,0.5,event,HumanObservation
2009,2,1,0 - 0.5,5,50 - 75,62.5,event,HumanObservation
2009,2,1,0.25 - 0.75,2,1 - 5,2.5,event,HumanObservation
2009,2,1,0.5 - 1.0,1,0.1 - 0.99,0.5,event,HumanObservation
2009,2,5,0 - 0.5,6,75 - 95,85,event,HumanObservation
2009,2,5,0.25 - 0.75,3,5 - 25,15,event,HumanObservation
2009,2,5,0.5 - 1.0,1,0.1 - 0.99,0.5,event,HumanObservation
2009,2,15,0 - 0.5,7,95 - 100,97.5,event,HumanObservation
2009,2,15,0.25 - 0.75,7,95 - 100,97.5,event,HumanObservation
2009,2,15,0.5 - 1.0,3,5 - 25,15,event,HumanObservation
2009,3,1,0 - 0.5,6,75 - 95,85,event,HumanObservation
2009,3,1,0.25 - 0.75,4,25 - 50,37.5,event,HumanObservation
2009,3,1,0.5 - 1.0,1,0.1 - 0.99,0.5,event,HumanObservation
2009,3,5,0 - 0.5,7,95 - 100,97.5,event,HumanObservation
2009,3,5,0.25 - 0.75,6,75 - 95,85,event,HumanObservation
2009,3,5,0.5 - 1.0,1,0.1 - 0.99,0.5,event,HumanObservation
2009,3,15,0 - 0.5,7,95 - 100,97.5,event,HumanObservation
2009,3,15,0.25 - 0.75,7,95 - 100,97.5,event,HumanObservation
2009,3,15,0.5 - 1.0,4,25 - 50,37.5,event,HumanObservation
2009,3,15,0.75 - 1.25,1,0.1 - 0.99,0.5,event,HumanObservation
2009,3,15,1.0 - 1.5,1,0.1 - 0.99,0.5,event,HumanObservation
2009,4,1,0 - 0.5,5,50 - 75,62.5,event,HumanObservation
2009,4,1,0.25 - 0.75,1,0.1 - 0.99,0.5,event,HumanObservation
2009,4,1,0.5 - 1.0,1,0.1 - 0.99,0.5,event,HumanObservation
2009,4,5,0 - 0.5,7,95 - 100,97.5,event,HumanObservation
2009,4,5,0.25 - 0.75,5,50 - 75,62.5,event,HumanObservation
2009,4,5,0.5 - 1.0,4,25 - 50,37.5,event,HumanObservation
2009,4,5,0.75 - 1.25,2,1 - 5,2.5,event,HumanObservation
2009,4,15,0 - 0.5,7,95 - 100,97.5,event,HumanObservation
2009,4,15,0.25 - 0.75,7,95 - 100,97.5,event,HumanObservation
2009,4,15,0.5 - 1.0,3,5 - 25,15,event,HumanObservation
2009,4,15,0.75 - 1.25,1,0.1 - 0.99,0.5,event,HumanObservation
2009,5,1,0 - 0.5,6,75 - 95,85,event,HumanObservation
2009,5,1,0.25 - 0.75,2,1 - 5,2.5,event,HumanObservation
2009,5,5,0 - 0.5,7,95 - 100,97.5,event,HumanObservation
2009,5,5,0.25 - 0.75,7,95 - 100,97.5,event,HumanObservation
2009,5,5,0.5 - 1.0,5,50 - 75,62.5,event,HumanObservation
2009,5,5,0.75 - 1.25,2,1 - 5,2.5,event,HumanObservation
2009,5,5,1.0 - 1.5,2,1 - 5,2.5,event,HumanObservation
2009,5,15,0 - 0.5,7,95 - 100,97.5,event,HumanObservation
2009,5,15,0.25 - 0.75,7,95 - 100,97.5,event,HumanObservation
2009,5,15,0.5 - 1.0,7,95 - 100,97.5,event,HumanObservation
2009,5,15,0.75 - 1.25,4,25 - 50,37.5,event,HumanObservation
2009,5,15,1.0 - 1.5,1,0.1 - 0.99,0.5,event,HumanObservation
2009,6,1,0 - 0.5,5,50 - 75,62.5,event,HumanObservation
2009,6,1,0.25 - 0.75,2,1 - 5,2.5,event,HumanObservation
2009,6,1,0.5 - 1.0,1,0.1 - 0.99,0.5,event,HumanObservation
2009,6,5,0 - 0.5,6,75 - 95,85,event,HumanObservation
2009,6,5,0.25 - 0.75,5,50 - 75,62.5,event,HumanObservation
2009,6,5,0.5 - 1.0,2,1 - 5,2.5,event,HumanObservation
2009,6,5,0.75 - 1.25,1,0.1 - 0.99,0.5,event,HumanObservation
2009,6,15,0 - 0.5,7,95 - 100,97.5,event,HumanObservation
2009,6,15,0.25 - 0.75,7,95 - 100,97.5,event,HumanObservation
2009,6,15,0.5 - 1.0,3,5 - 25,15,event,HumanObservation
2009,6,15,0.75 - 1.25,1,0.1 - 0.99,0.5,event,HumanObservation
2010,1,1,0 - 0.5,7,95 - 100,97.5,event,HumanObservation
2010,1,1,0.25 - 0.75,6,75 - 95,85,event,HumanObservation
2010,1,5,0 - 0.5,7,95 - 100,97.5,event,HumanObservation
2010,1,5,0.25 - 0.75,5,50 - 75,62.5,event,HumanObservation
2010,1,15,0 - 0.5,7,95 - 100,97.5,event,HumanObservation
2010,1,15,0.25 - 0.75,5,50 - 75,62.5,event,HumanObservation
2010,1,15,0.5 - 1.0,1,0.1 - 0.99,0.5,event,HumanObservation
2010,2,1,0 - 0.5,6,75 - 95,85,event,HumanObservation
2010,2,1,0.25 - 0.75,3,5 - 25,15,event,HumanObservation
2010,2,5,0 - 0.5,7,95 - 100,97.5,event,HumanObservation
2010,2,5,0.25 - 0.75,5,50 - 75,62.5,event,HumanObservation
2010,2,5,0.25 - 0.75,1,0.1 - 0.99,0.5,event,HumanObservation
2010,2,15,0 - 0.5,7,95 - 100,97.5,event,HumanObservation
2010,2,15,0.25 - 0.75,7,95 - 100,97.5,event,HumanObservation
2010,2,15,0.5 - 1.0,6,75 - 95,85,event,HumanObservation
2010,2,15,0.75 - 1.25,3,5 - 25,15,event,HumanObservation
2010,3,1,0 - 0.5,6,75 - 95,85,event,HumanObservation
2010,3,1,0.25 - 0.75,3,5 - 25,15,event,HumanObservation
2010,3,5,0 - 0.5,7,95 - 100,97.5,event,HumanObservation
2010,3,5,0.25 - 0.75,6,75 - 95,85,event,HumanObservation
2010,3,5,0.5 - 1.0,4,25 - 50,37.5,event,HumanObservation
2010,3,5,0.75 - 1.25,1,0.1 - 0.99,0.5,event,HumanObservation
2010,3,15,0 - 0.5,7,95 - 100,97.5,event,HumanObservation
2010,3,15,0.25 - 0.75,7,95 - 100,97.5,event,HumanObservation
2010,3,15,0.5 - 1.0,6,75 - 95,85,event,HumanObservation
2010,3,15,0.75 - 1.25,3,5 - 25,15,event,HumanObservation
2010,3,15,1.0 - 1.5,1,0.1 - 0.99,0.5,event,HumanObservation
2010,4,1,0 - 0.5,7,95 - 100,97.5,event,HumanObservation
2010,4,1,0.25 - 0.75,5,50 - 75,62.5,event,HumanObservation
2010,4,1,0.5 - 1.0,1,0.1 - 0.99,0.5,event,HumanObservation
2010,4,5,0 - 0.5,7,95 - 100,97.5,event,HumanObservation
2010,4,5,0.25 - 0.75,5,50 - 75,62.5,event,HumanObservation
2010,4,5,0.5 - 1.0,2,1 - 5,2.5,event,HumanObservation
2010,4,5,0.75 - 1.25,1,0.1 - 0.99,0.5,event,HumanObservation
2010,4,5,1.0 - 1.5,1,0.1 - 0.99,0.5,event,HumanObservation
2010,4,15,0 - 0.5,7,95 - 100,97.5,event,HumanObservation
2010,4,15,0.25 - 0.75,7,95 - 100,97.5,event,HumanObservation
2010,4,15,0.5 - 1.0,5,50 - 75,62.5,event,HumanObservation
2010,4,15,0.75 - 1.25,3,5 - 25,15,event,HumanObservation
2010,4,15,1.0 - 1.5,1,0.1 - 0.99,0.5,event,HumanObservation
2010,5,1,0 - 0.5,6,75 - 95,85,event,HumanObservation
2010,5,1,0.25 - 0.75,1,0.1 - 0.99,0.5,event,HumanObservation
2010,5,5,0 - 0.5,7,95 - 100,97.5,event,HumanObservation
2010,5,5,0.25 - 0.75,5,50 - 75,62.5,event,HumanObservation
2010,5,5,0.5 - 1.0,3,5 - 25,15,event,HumanObservation
2010,5,15,0 - 0.5,7,95 - 100,97.5,event,HumanObservation
2010,5,15,0.25 - 0.75,7,95 - 100,97.5,event,HumanObservation
2010,5,15,0.5 - 1.0,7,95 - 100,97.5,event,HumanObservation
2010,5,15,0.75 - 1.25,7,95 - 100,97.5,event,HumanObservation
2010,5,15,1.0 - 1.5,5,50 - 75,62.5,event,HumanObservation
2010,5,15,1.25 - 1.75,4,25 - 50,37.5,event,HumanObservation
2010,6,1,0 - 0.5,6,75 - 95,85,event,HumanObservation
2010,6,1,0.25 - 0.75,2,1 - 5,2.5,event,HumanObservation
2010,6,1,0.5 - 1.0,1,0.1 - 0.99,0.5,event,HumanObservation
2010,6,5,0 - 0.5,7,95 - 100,97.5,event,HumanObservation
2010,6,5,0.25 - 0.75,4,25 - 50,37.5,event,HumanObservation
2010,6,5,0.5 - 1.0,1,0.1 - 0.99,0.5,event,HumanObservation
2010,6,15,0 - 0.5,7,95 - 100,97.5,event,HumanObservation
2010,6,15,0.25 - 0.75,5,50 - 75,62.5,event,HumanObservation
2010,6,15,0.5 - 1.0,3,5 - 25,15,event,HumanObservation
2010,6,15,0.75 - 1.25,2,1 - 5,2.5,event,HumanObservation
2010,6,15,1.0 - 1.5,1,0.1 - 0.99,0.5,event,HumanObservation
2011,1,1,0 - 0.5,6,75 - 95,85,event,HumanObservation
2011,1,1,0.25 - 0.75,5,50 - 75,62.5,event,HumanObservation
2011,1,1,0.5 - 1.0,3,5 - 25,15,event,HumanObservation
2011,1,1,0.75 - 1.25,1,0.1 - 0.99,0.5,event,HumanObservation
2011,1,5,0 - 0.5,7,95 - 100,97.5,event,HumanObservation
2011,1,5,0.25 - 0.75,7,95 - 100,97.5,event,HumanObservation
2011,1,5,0.5 - 1.0,6,75 - 95,85,event,HumanObservation
2011,1,5,0.75 - 1.25,2,1 - 5,2.5,event,HumanObservation
2011,1,15,0 - 0.5,7,95 - 100,97.5,event,HumanObservation
2011,1,15,0.25 - 0.75,7,95 - 100,97.5,event,HumanObservation
2011,1,15,0.5 - 1.0,5,50 - 75,62.5,event,HumanObservation
2011,1,15,0.75 - 1.25,3,5 - 25,15,event,HumanObservation
2011,2,1,0 - 0.5,4,25 - 50,37.5,event,HumanObservation
2011,2,1,0.25 - 0.75,4,25 - 50,37.5,event,HumanObservation
2011,2,1,0.5 - 1.0,2,1 - 5,2.5,event,HumanObservation
2011,2,5,0 - 0.5,7,95 - 100,97.5,event,HumanObservation
2011,2,5,0.25 - 0.75,7,95 - 100,97.5,event,HumanObservation
2011,2,5,0.5 - 1.0,5,50 - 75,62.5,event,HumanObservation
2011,2,5,0.75 - 1.25,3,5 - 25,15,event,HumanObservation
2011,2,15,0 - 0.5,7,95 - 100,97.5,event,HumanObservation
2011,2,15,0.25 - 0.75,7,95 - 100,97.5,event,HumanObservation
2011,2,15,0.5 - 1.0,7,95 - 100,97.5,event,HumanObservation
2011,2,15,0.75 - 1.25,5,50 - 75,62.5,event,HumanObservation
2011,2,15,1.0 - 1.5,3,5 - 25,15,event,HumanObservation
2011,3,1,0 - 0.5,4,25 - 50,37.5,event,HumanObservation
2011,3,1,0.25 - 0.75,5,50 - 75,62.5,event,HumanObservation
2011,3,1,0.5 - 1.0,3,5 - 25,15,event,HumanObservation
2011,3,1,0.75 - 1.25,1,0.1 - 0.99,0.5,event,HumanObservation
2011,3,5,0 - 0.5,7,95 - 100,97.5,event,HumanObservation
2011,3,5,0.25 - 0.75,7,95 - 100,97.5,event,HumanObservation
2011,3,5,0.5 - 1.0,7,95 - 100,97.5,event,HumanObservation
2011,3,5,0.75 - 1.25,3,5 - 25,15,event,HumanObservation
2011,3,15,0 - 0.5,7,95 - 100,97.5,event,HumanObservation
2011,3,15,0.25 - 0.75,7,95 - 100,97.5,event,HumanObservation
2011,3,15,0.5 - 1.0,7,95 - 100,97.5,event,HumanObservation
2011,3,15,0.75 - 1.25,3,5 - 25,15,event,HumanObservation
2011,4,1,0 - 0.5,7,95 - 100,97.5,event,HumanObservation
2011,4,1,0.25 - 0.75,7,95 - 100,97.5,event,HumanObservation
2011,4,1,0.5 - 1.0,5,50 - 75,62.5,event,HumanObservation
2011,4,1,0.75 - 1.25,1,0.1 - 0.99,0.5,event,HumanObservation
2011,4,5,0 - 0.5,7,95 - 100,97.5,event,HumanObservation
2011,4,5,0.25 - 0.75,7,95 - 100,97.5,event,HumanObservation
2011,4,5,0.5 - 1.0,7,95 - 100,97.5,event,HumanObservation
2011,4,5,0.75 - 1.25,3,5 - 25,15,event,HumanObservation
2011,4,15,0 - 0.5,7,95 - 100,97.5,event,HumanObservation
2011,4,15,0.25 - 0.75,7,95 - 100,97.5,event,HumanObservation
2011,4,15,0.5 - 1.0,7,95 - 100,97.5,event,HumanObservation
2011,4,15,0.75 - 1.25,3,5 - 25,15,event,HumanObservation
2011,4,15,1.0 - 1.5,1,0.1 - 0.99,0.5,event,HumanObservation
2011,5,1,0 - 0.5,5,50 - 75,62.5,event,HumanObservation
2011,5,1,0.25 - 0.75,5,50 - 75,62.5,event,HumanObservation
2011,5,1,0.5 - 1.0,1,0.1 - 0.99,0.5,event,HumanObservation
2011,5,1,0.75 - 1.25,1,0.1 - 0.99,0.5,event,HumanObservation
2011,5,5,0 - 0.5,7,95 - 100,97.5,event,HumanObservation
2011,5,5,0.25 - 0.75,6,75 - 95,85,event,HumanObservation
2011,5,5,0.5 - 1.0,6,75 - 95,85,event,HumanObservation
2011,5,5,0.75 - 1.25,5,50 - 75,62.5,event,HumanObservation
2011,5,5,1.0 - 1.5,0,0,0,event,HumanObservation
2011,5,5,1.25 - 1.75,1,0.1 - 0.99,0.5,event,HumanObservation
2011,5,15,0 - 0.5,7,95 - 100,97.5,event,HumanObservation
2011,5,15,0.25 - 0.75,7,95 - 100,97.5,event,HumanObservation
2011,5,15,0.5 - 1.0,7,95 - 100,97.5,event,HumanObservation
2011,5,15,0.75 - 1.25,6,75 - 95,85,event,HumanObservation
2011,5,15,1.0 - 1.5,6,75 - 95,85,event,HumanObservation
2011,5,15,1.25 - 1.75,7,95 - 100,97.5,event,HumanObservation
2011,5,15,1.5 - 2.0,7,95 - 100,97.5,event,HumanObservation
2011,6,1,0 - 0.5,4,25 - 50,37.5,event,HumanObservation
2011,6,1,0.25 - 0.75,4,25 - 50,37.5,event,HumanObservation
2011,6,1,0.5 - 1.0,5,50 - 75,62.5,event,HumanObservation
2011,6,1,0.75 - 1.25,2,1 - 5,2.5,event,HumanObservation
2011,6,5,0 - 0.5,6,75 - 95,85,event,HumanObservation
2011,6,5,0.25 - 0.75,6,75 - 95,85,event,HumanObservation
2011,6,5,0.5 - 1.0,4,25 - 50,37.5,event,HumanObservation
2011,6,5,0.75 - 1.25,4,25 - 50,37.5,event,HumanObservation
2011,6,15,0 - 0.5,7,95 - 100,97.5,event,HumanObservation
2011,6,15,0.25 - 0.75,7,95 - 100,97.5,event,HumanObservation
2011,6,15,0.5 - 1.0,6,75 - 95,85,event,HumanObservation
2011,6,15,0.75 - 1.25,3,5 - 25,15,event,HumanObservation
2012,1,1,0 - 0.5,6,75 - 95,85,event,HumanObservation
2012,1,1,0.25 - 0.75,3,5 - 25,15,event,HumanObservation
2012,1,5,0 - 0.5,7,95 - 100,97.5,event,HumanObservation
2012,1,5,0.25 - 0.75,5,50 - 75,62.5,event,HumanObservation
2012,1,15,0 - 0.5,7,95 - 100,97.5,event,HumanObservation
2012,1,15,0.25 - 0.75,6,75 - 95,85,event,HumanObservation
2012,1,15,0.5 - 1.0,1,0.1 - 0.99,0.5,event,HumanObservation
2012,2,1,0 - 0.5,7,95 - 100,97.5,event,HumanObservation
2012,2,1,0.25 - 0.75,4,25 - 50,37.5,event,HumanObservation
2012,2,1,0.5 - 1.0,2,1 - 5,2.5,event,HumanObservation
2012,2,1,0.75 - 1.25,1,0.1 - 0.99,0.5,event,HumanObservation
2012,2,5,0 - 0.5,7,95 - 100,97.5,event,HumanObservation
2012,2,5,0.25 - 0.75,7,95 - 100,97.5,event,HumanObservation
2012,2,5,0.5 - 1.0,4,25 - 50,37.5,event,HumanObservation
2012,2,5,0.75 - 1.25,1,0.1 - 0.99,0.5,event,HumanObservation
2012,2,15,0 - 0.5,7,95 - 100,97.5,event,HumanObservation
2012,2,15,0.25 - 0.75,7,95 - 100,97.5,event,HumanObservation
2012,2,15,0.5 - 1.0,7,95 - 100,97.5,event,HumanObservation
2012,2,15,0.75 - 1.25,2,1 - 5,2.5,event,HumanObservation
2012,2,15,1.0 - 1.5,1,0.1 - 0.99,0.5,event,HumanObservation
2012,2,15,1.25 - 1.75,1,0.1 - 0.99,0.5,event,HumanObservation
2012,2,15,1.5 - 2.0,1,0.1 - 0.99,0.5,event,HumanObservation
2012,3,1,0 - 0.5,6,75 - 95,85,event,HumanObservation
2012,3,1,0.25 - 0.75,3,5 - 25,15,event,HumanObservation
2012,3,5,0 - 0.5,7,95 - 100,97.5,event,HumanObservation
2012,3,5,0.25 - 0.75,5,50 - 75,62.5,event,HumanObservation
2012,3,5,0.5 - 1.0,1,0.1 - 0.99,0.5,event,HumanObservation
2012,3,15,0 - 0.5,7,95 - 100,97.5,event,HumanObservation
2012,3,15,0.25 - 0.75,7,95 - 100,97.5,event,HumanObservation
2012,3,15,0.5 - 1.0,1,0.1 - 0.99,0.5,event,HumanObservation
2012,3,15,0.75 - 1.25,1,0.1 - 0.99,0.5,event,HumanObservation
2012,4,1,0 - 0.5,7,95 - 100,97.5,event,HumanObservation
2012,4,1,0.25 - 0.75,3,5 - 25,15,event,HumanObservation
2012,4,1,0.5 - 1.0,1,0.1 - 0.99,0.5,event,HumanObservation
2012,4,5,0 - 0.5,7,95 - 100,97.5,event,HumanObservation
2012,4,5,0.25 - 0.75,7,95 - 100,97.5,event,HumanObservation
2012,4,5,0.5 - 1.0,1,0.1 - 0.99,0.5,event,HumanObservation
2012,4,15,0 - 0.5,7,95 - 100,97.5,event,HumanObservation
2012,4,15,0.25 - 0.75,7,95 - 100,97.5,event,HumanObservation
2012,4,15,0.5 - 1.0,2,1 - 5,2.5,event,HumanObservation
2012,5,1,0 - 0.5,6,75 - 95,85,event,HumanObservation
2012,5,1,0.25 - 0.75,4,25 - 50,37.5,event,HumanObservation
2012,5,1,0.5 - 1.0,1,0.1 - 0.99,0.5,event,HumanObservation
2012,5,5,0 - 0.5,7,95 - 100,97.5,event,HumanObservation
2012,5,5,0.25 - 0.75,4,25 - 50,37.5,event,HumanObservation
2012,5,5,0.5 - 1.0,2,1 - 5,2.5,event,HumanObservation
2012,5,5,0.75 - 1.25,2,1 - 5,2.5,event,HumanObservation
2012,5,5,1.0 - 1.5,2,1 - 5,2.5,event,HumanObservation
2012,5,5,1.25 - 1.75,1,0.1 - 0.99,0.5,event,HumanObservation
2012,5,15,0 - 0.5,7,95 - 100,97.5,event,HumanObservation
2012,5,15,0.25 - 0.75,7,95 - 100,97.5,event,HumanObservation
2012,5,15,0.5 - 1.0,5,50 - 75,62.5,event,HumanObservation
2012,5,15,0.75 - 1.25,1,0.1 - 0.99,0.5,event,HumanObservation
2012,5,15,1.0 - 1.5,6,75 - 95,85,event,HumanObservation
2012,5,15,1.25 - 1.75,6,75 - 95,85,event,HumanObservation
2012,5,15,1.5 - 2.0,6,75 - 95,85,event,HumanObservation
2012,6,1,0 - 0.5,6,75 - 95,85,event,HumanObservation
2012,6,1,0.25 - 0.75,3,5 - 25,15,event,HumanObservation
2012,6,5,0 - 0.5,7,95 - 100,97.5,event,HumanObservation
2012,6,5,0.25 - 0.75,4,25 - 50,37.5,event,HumanObservation
2012,6,15,0 - 0.5,7,95 - 100,97.5,event,HumanObservation
2012,6,15,0.25 - 0.75,5,50 - 75,62.5,event,HumanObservation
2012,7,1,0 - 0.5,7,95 - 100,97.5,event,HumanObservation
2012,7,1,0.25 - 0.75,4,25 - 50,37.5,event,HumanObservation
2012,7,1,0.5 - 1.0,1,0.1 - 0.99,0.5,event,HumanObservation
2012,7,1,0.75 - 1.25,1,0.1 - 0.99,0.5,event,HumanObservation
2012,7,5,0 - 0.5,7,95 - 100,97.5,event,HumanObservation
2012,7,5,0.25 - 0.75,4,25 - 50,37.5,event,HumanObservation
2012,7,5,0.5 - 1.0,1,0.1 - 0.99,0.5,event,HumanObservation
2012,7,5,0.75 - 1.25,1,0.1 - 0.99,0.5,event,HumanObservation
2012,7,15,0 - 0.5,7,95 - 100,97.5,event,HumanObservation
2012,7,15,0.25 - 0.75,5,50 - 75,62.5,event,HumanObservation
2012,7,15,0.5 - 1.0,2,1 - 5,2.5,event,HumanObservation
2012,7,15,0.75 - 1.25,1,0.1 - 0.99,0.5,event,HumanObservation
2012,7,15,1.0 - 1.5,1,0.1 - 0.99,0.5,event,HumanObservation
2012,8,1,0 - 0.5,6,75 - 95,85,event,HumanObservation
2012,8,1,0.25 - 0.75,3,5 - 25,15,event,HumanObservation
2012,8,1,0.5 - 1.0,1,0.1 - 0.99,0.5,event,HumanObservation
2012,8,5,0 - 0.5,7,95 - 100,97.5,event,HumanObservation
2012,8,5,0.25 - 0.75,5,50 - 75,62.5,event,HumanObservation
2012,8,5,0.5 - 1.0,1,0.1 - 0.99,0.5,event,HumanObservation
2012,8,15,0 - 0.5,7,95 - 100,97.5,event,HumanObservation
2012,8,15,0.25 - 0.75,6,75 - 95,85,event,HumanObservation
2012,8,15,0.5 - 1.0,3,5 - 25,15,event,HumanObservation
2012,8,15,0.75 - 1.25,1,0.1 - 0.99,0.5,event,HumanObservation
2012,9,1,0 - 0.5,7,95 - 100,97.5,event,HumanObservation
2012,9,1,0.25 - 0.75,5,50 - 75,62.5,event,HumanObservation
2012,9,1,0.5 - 1.0,2,1 - 5,2.5,event,HumanObservation
2012,9,1,0.75 - 1.25,1,0.1 - 0.99,0.5,event,HumanObservation
2012,9,5,0 - 0.5,7,95 - 100,97.5,event,HumanObservation
2012,9,5,0.25 - 0.75,6,75 - 95,85,event,HumanObservation
2012,9,5,0.5 - 1.0,3,5 - 25,15,event,HumanObservation
2012,9,5,0.75 - 1.25,1,0.1 - 0.99,0.5,event,HumanObservation
2012,9,15,0 - 0.5,7,95 - 100,97.5,event,HumanObservation
2012,9,15,0.25 - 0.75,6,75 - 95,85,event,HumanObservation
2012,9,15,0.5 - 1.0,3,5 - 25,15,event,HumanObservation
2012,9,15,0.75 - 1.25,2,1 - 5,2.5,event,HumanObservation
2013,1,1,0 - 0.5,5,50 - 75,62.5,event,HumanObservation
2013,1,1,0.25 - 0.75,2,1 - 5,2.5,event,HumanObservation
2013,1,5,0 - 0.5,7,95 - 100,97.5,event,HumanObservation
2013,1,5,0.25 - 0.75,5,50 - 75,62.5,event,HumanObservation
2013,1,5,0.5 - 1.0,2,1 - 5,2.5,event,HumanObservation
2013,1,15,0 - 0.5,7,95 - 100,97.5,event,HumanObservation
2013,1,15,0.25 - 0.75,6,75 - 95,85,event,HumanObservation
2013,1,15,0.5 - 1.0,4,25 - 50,37.5,event,HumanObservation
2013,1,15,0.75 - 1.25,1,0.1 - 0.99,0.5,event,HumanObservation
2013,2,1,0 - 0.5,6,75 - 95,85,event,HumanObservation
2013,2,1,0.25 - 0.75,5,50 - 75,62.5,event,HumanObservation
2013,2,1,0.5 - 1.0,1,0.1 - 0.99,0.5,event,HumanObservation
2013,2,5,0 - 0.5,7,95 - 100,97.5,event,HumanObservation
2013,2,5,0.25 - 0.75,6,75 - 95,85,event,HumanObservation
2013,2,5,0.5 - 1.0,1,0.1 - 0.99,0.5,event,HumanObservation
2013,2,15,0 - 0.5,7,95 - 100,97.5,event,HumanObservation
2013,2,15,0.25 - 0.75,7,95 - 100,97.5,event,HumanObservation
2013,2,15,0.5 - 1.0,5,50 - 75,62.5,event,HumanObservation
2013,2,15,0.75 - 1.25,1,0.1 - 0.99,0.5,event,HumanObservation
2013,3,1,0 - 0.5,5,50 - 75,62.5,event,HumanObservation
2013,3,1,0.25 - 0.75,2,1 - 5,2.5,event,HumanObservation
2013,3,1,0.5 - 1.0,1,0.1 - 0.99,0.5,event,HumanObservation
2013,3,5,0 - 0.5,7,95 - 100,97.5,event,HumanObservation
2013,3,5,0.25 - 0.75,7,95 - 100,97.5,event,HumanObservation
2013,3,5,0.5 - 1.0,7,95 - 100,97.5,event,HumanObservation
2013,3,5,0.75 - 1.25,7,95 - 100,97.5,event,HumanObservation
2013,3,5,1.0 - 1.5,7,95 - 100,97.5,event,HumanObservation
2013,3,5,1.25 - 1.75,7,95 - 100,97.5,event,HumanObservation
2013,3,5,1.5 - 2.0,7,95 - 100,97.5,event,HumanObservation
2013,3,15,0 - 0.5,7,95 - 100,97.5,event,HumanObservation
2013,3,15,0.25 - 0.75,7,95 - 100,97.5,event,HumanObservation
2013,3,15,0.5 - 1.0,7,95 - 100,97.5,event,HumanObservation
2013,3,15,0.75 - 1.25,7,95 - 100,97.5,event,HumanObservation
2013,3,15,1.0 - 1.5,7,95 - 100,97.5,event,HumanObservation
2013,3,15,1.25 - 1.75,7,95 - 100,97.5,event,HumanObservation
2013,3,15,1.5 - 2.0,7,95 - 100,97.5,event,HumanObservation
2013,4,1,0 - 0.5,6,75 - 95,85,event,HumanObservation
2013,4,1,0.25 - 0.75,4,25 - 50,37.5,event,HumanObservation
2013,4,1,0.5 - 1.0,1,0.1 - 0.99,0.5,event,HumanObservation
2013,4,5,0 - 0.5,7,95 - 100,97.5,event,HumanObservation
2013,4,5,0.25 - 0.75,5,50 - 75,62.5,event,HumanObservation
2013,4,5,0.5 - 1.0,2,1 - 5,2.5,event,HumanObservation
2013,4,15,0 - 0.5,7,95 - 100,97.5,event,HumanObservation
2013,4,15,0.25 - 0.75,6,75 - 95,85,event,HumanObservation
2013,4,15,0.5 - 1.0,4,25 - 50,37.5,event,HumanObservation
2013,4,15,0.75 - 1.25,2,1 - 5,2.5,event,HumanObservation
2013,5,1,0 - 0.5,6,75 - 95,85,event,HumanObservation
2013,5,1,0.25 - 0.75,2,1 - 5,2.5,event,HumanObservation
2013,5,1,0.5 - 1.0,1,0.1 - 0.99,0.5,event,HumanObservation
2013,5,5,0 - 0.5,7,95 - 100,97.5,event,HumanObservation
2013,5,5,0.25 - 0.75,6,75 - 95,85,event,HumanObservation
2013,5,5,0.5 - 1.0,2,1 - 5,2.5,event,HumanObservation
2013,5,15,0 - 0.5,7,95 - 100,97.5,event,HumanObservation
2013,5,15,0.25 - 0.75,7,95 - 100,97.5,event,HumanObservation
2013,5,15,0.5 - 1.0,7,95 - 100,97.5,event,HumanObservation
2013,5,15,0.75 - 1.25,7,95 - 100,97.5,event,HumanObservation
2013,5,15,1.0 - 1.5,5,50 - 75,62.5,event,HumanObservation
2013,5,15,1.25 - 1.75,5,50 - 75,62.5,event,HumanObservation
2013,5,15,1.5 - 2.0,5,50 - 75,62.5,event,HumanObservation
2013,6,1,0 - 0.5,6,75 - 95,85,event,HumanObservation
2013,6,1,0.25 - 0.75,3,5 - 25,15,event,HumanObservation
2013,6,1,0.5 - 1.0,2,1 - 5,2.5,event,HumanObservation
2013,6,5,0 - 0.5,7,95 - 100,97.5,event,HumanObservation
2013,6,5,0.25 - 0.75,6,75 - 95,85,event,HumanObservation
2013,6,5,0.5 - 1.0,3,5 - 25,15,event,HumanObservation
2013,6,15,0 - 0.5,7,95 - 100,97.5,event,HumanObservation
2013,6,15,0.25 - 0.75,7,95 - 100,97.5,event,HumanObservation
2013,6,15,0.5 - 1.0,2,1 - 5,2.5,event,HumanObservation
2013,7,1,0 - 0.5,5,50 - 75,62.5,event,HumanObservation
2013,7,1,0.25 - 0.75,3,5 - 25,15,event,HumanObservation
2013,7,5,0 - 0.5,7,95 - 100,97.5,event,HumanObservation
2013,7,5,0.25 - 0.75,4,25 - 50,37.5,event,HumanObservation
2013,7,5,0.5 - 1.0,1,0.1 - 0.99,0.5,event,HumanObservation
2013,7,15,0 - 0.5,7,95 - 100,97.5,event,HumanObservation
2013,7,15,0.25 - 0.75,5,50 - 75,62.5,event,HumanObservation
2013,7,15,0.5 - 1.0,1,0.1 - 0.99,0.5,event,HumanObservation
2013,7,15,0.75 - 1.25,1,0.1 - 0.99,0.5,event,HumanObservation
2013,8,1,0 - 0.5,6,75 - 95,85,event,HumanObservation
2013,8,1,0.25 - 0.75,4,25 - 50,37.5,event,HumanObservation
2013,8,1,0.5 - 1.0,1,0.1 - 0.99,0.5,event,HumanObservation
2013,8,5,0 - 0.5,7,95 - 100,97.5,event,HumanObservation
2013,8,5,0.25 - 0.75,5,50 - 75,62.5,event,HumanObservation
2013,8,5,0.5 - 1.0,1,0.1 - 0.99,0.5,event,HumanObservation
2013,8,15,0 - 0.5,7,95 - 100,97.5,event,HumanObservation
2013,8,15,0.25 - 0.75,6,75 - 95,85,event,HumanObservation
2013,8,15,0.5 - 1.0,1,0.1 - 0.99,0.5,event,HumanObservation
2013,9,1,0 - 0.5,6,75 - 95,85,event,HumanObservation
2013,9,1,0.25 - 0.75,3,5 - 25,15,event,HumanObservation
2013,9,1,0.5 - 1.0,2,1 - 5,2.5,event,HumanObservation
2013,9,5,0 - 0.5,7,95 - 100,97.5,event,HumanObservation
2013,9,5,0.25 - 0.75,5,50 - 75,62.5,event,HumanObservation
2013,9,5,0.5 - 1.0,2,1 - 5,2.5,event,HumanObservation
2013,9,15,0 - 0.5,7,95 - 100,97.5,event,HumanObservation
2013,9,15,0.25 - 0.75,6,75 - 95,85,event,HumanObservation
2013,9,15,0.5 - 1.0,3,5 - 25,15,event,HumanObservation
2013,9,15,0.75 - 1.25,2,1 - 5,2.5,event,HumanObservation
2014,1,1,0 - 0.5,5,50 - 75,62.5,event,HumanObservation
2014,1,1,0.25 - 0.75,2,1 - 5,2.5,event,HumanObservation
2014,1,1,0.5 - 1.0,1,0.1 - 0.99,0.5,event,HumanObservation
2014,1,5,0 - 0.5,7,95 - 100,97.5,event,HumanObservation
2014,1,5,0.25 - 0.75,3,5 - 25,15,event,HumanObservation
2014,1,5,0.5 - 1.0,1,0.1 - 0.99,0.5,event,HumanObservation
2014,1,5,0.75 - 1.25,1,0.1 - 0.99,0.5,event,HumanObservation
2014,1,15,0 - 0.5,7,95 - 100,97.5,event,HumanObservation
2014,1,15,0.25 - 0.75,6,75 - 95,85,event,HumanObservation
2014,1,15,0.5 - 1.0,2,1 - 5,2.5,event,HumanObservation
2014,1,15,0.75 - 1.25,1,0.1 - 0.99,0.5,event,HumanObservation
2014,2,1,0 - 0.5,4,25 - 50,37.5,event,HumanObservation
2014,2,1,0.25 - 0.75,2,1 - 5,2.5,event,HumanObservation
2014,2,1,0.5 - 1.0,1,0.1 - 0.99,0.5,event,HumanObservation
2014,2,5,0 - 0.5,7,95 - 100,97.5,event,HumanObservation
2014,2,5,0.25 - 0.75,5,50 - 75,62.5,event,HumanObservation
2014,2,5,0.5 - 1.0,3,5 - 25,15,event,HumanObservation
2014,2,15,0 - 0.5,7,95 - 100,97.5,event,HumanObservation
2014,2,15,0.25 - 0.75,5,50 - 75,62.5,event,HumanObservation
2014,2,15,0.5 - 1.0,3,5 - 25,15,event,HumanObservation
2014,2,15,0.75 - 1.25,1,0.1 - 0.99,0.5,event,HumanObservation
2014,3,1,0 - 0.5,5,50 - 75,62.5,event,HumanObservation
2014,3,1,0.25 - 0.75,3,5 - 25,15,event,HumanObservation
2014,3,1,0.5 - 1.0,1,0.1 - 0.99,0.5,event,HumanObservation
2014,3,1,0.75 - 1.25,1,0.1 - 0.99,0.5,event,HumanObservation
2014,3,5,0 - 0.5,7,95 - 100,97.5,event,HumanObservation
2014,3,5,0.25 - 0.75,5,50 - 75,62.5,event,HumanObservation
2014,3,5,0.5 - 1.0,2,1 - 5,2.5,event,HumanObservation
2014,3,5,0.75 - 1.25,2,1 - 5,2.5,event,HumanObservation
2014,3,15,0 - 0.5,7,95 - 100,97.5,event,HumanObservation
2014,3,15,0.25 - 0.75,7,95 - 100,97.5,event,HumanObservation
2014,3,15,0.5 - 1.0,6,75 - 95,85,event,HumanObservation
2014,3,15,0.75 - 1.25,7,95 - 100,97.5,event,HumanObservation
2014,3,15,1.0 - 1.5,4,25 - 50,37.5,event,HumanObservation
2014,3,15,1.25 - 1.75,1,0.1 - 0.99,0.5,event,HumanObservation
2014,4,1,0 - 0.5,5,50 - 75,62.5,event,HumanObservation
2014,4,1,0.25 - 0.75,3,5 - 25,15,event,HumanObservation
2014,4,1,0.5 - 1.0,2,1 - 5,2.5,event,HumanObservation
2014,4,5,0 - 0.5,7,95 - 100,97.5,event,HumanObservation
2014,4,5,0.25 - 0.75,5,50 - 75,62.5,event,HumanObservation
2014,4,5,0.5 - 1.0,3,5 - 25,15,event,HumanObservation
2014,4,15,0 - 0.5,7,95 - 100,97.5,event,HumanObservation
2014,4,15,0.25 - 0.75,5,50 - 75,62.5,event,HumanObservation
2014,4,15,0.5 - 1.0,3,5 - 25,15,event,HumanObservation
2014,4,15,0.75 - 1.25,1,0.1 - 0.99,0.5,event,HumanObservation
2014,5,1,0 - 0.5,5,50 - 75,62.5,event,HumanObservation
2014,5,1,0.25 - 0.75,2,1 - 5,2.5,event,HumanObservation
2014,5,5,0 - 0.5,7,95 - 100,97.5,event,HumanObservation
2014,5,5,0.25 - 0.75,5,50 - 75,62.5,event,HumanObservation
2014,5,5,0.5 - 1.0,2,1 - 5,2.5,event,HumanObservation
2014,5,15,0 - 0.5,7,95 - 100,97.5,event,HumanObservation
2014,5,15,0.25 - 0.75,7,95 - 100,97.5,event,HumanObservation
2014,5,15,0.5 - 1.0,6,75 - 95,85,event,HumanObservation
2014,5,15,0.75 - 1.25,7,95 - 100,97.5,event,HumanObservation
2014,5,15,1.0 - 1.5,7,95 - 100,97.5,event,HumanObservation
2014,5,15,1.25 - 1.75,7,95 - 100,97.5,event,HumanObservation
2014,5,15,1.5 - 2.0,7,95 - 100,97.5,event,HumanObservation
2014,6,1,0 - 0.5,4,25 - 50,37.5,event,HumanObservation
2014,6,1,0.25 - 0.75,3,5 - 25,15,event,HumanObservation
2014,6,1,0.5 - 1.0,2,1 - 5,2.5,event,HumanObservation
2014,6,5,0 - 0.5,6,75 - 95,85,event,HumanObservation
2014,6,5,0.25 - 0.75,3,5 - 25,15,event,HumanObservation
2014,6,5,0.5 - 1.0,3,5 - 25,15,event,HumanObservation
2014,6,15,0 - 0.5,7,95 - 100,97.5,event,HumanObservation
2014,6,15,0.25 - 0.75,6,75 - 95,85,event,HumanObservation
2014,6,15,0.5 - 1.0,4,25 - 50,37.5,event,HumanObservation
2014,6,15,0.75 - 1.25,1,0.1 - 0.99,0.5,event,HumanObservation
2014,7,1,0 - 0.5,5,50 - 75,62.5,event,HumanObservation
2014,7,1,0.25 - 0.75,2,1 - 5,2.5,event,HumanObservation
2014,7,1,0.5 - 1.0,1,0.1 - 0.99,0.5,event,HumanObservation
2014,7,5,0 - 0.5,6,75 - 95,85,event,HumanObservation
2014,7,5,0.25 - 0.75,2,1 - 5,2.5,event,HumanObservation
2014,7,5,0.5 - 1.0,1,0.1 - 0.99,0.5,event,HumanObservation
2014,7,5,0.75 - 1.25,1,0.1 - 0.99,0.5,event,HumanObservation
2014,7,15,0 - 0.5,7,95 - 100,97.5,event,HumanObservation
2014,7,15,0.25 - 0.75,4,25 - 50,37.5,event,HumanObservation
2014,7,15,0.5 - 1.0,1,0.1 - 0.99,0.5,event,HumanObservation
2014,7,15,0.75 - 1.25,1,0.1 - 0.99,0.5,event,HumanObservation
2014,8,1,0 - 0.5,4,25 - 50,37.5,event,HumanObservation
2014,8,1,0.25 - 0.75,2,1 - 5,2.5,event,HumanObservation
2014,8,5,0 - 0.5,6,75 - 95,85,event,HumanObservation
2014,8,5,0.25 - 0.75,3,5 - 25,15,event,HumanObservation
2014,8,5,0.5 - 1.0,1,0.1 - 0.99,0.5,event,HumanObservation
2014,8,15,0 - 0.5,7,95 - 100,97.5,event,HumanObservation
2014,8,15,0.25 - 0.75,4,25 - 50,37.5,event,HumanObservation
2014,8,15,0.5 - 1.0,2,1 - 5,2.5,event,HumanObservation
2014,8,15,0.75 - 1.25,1,0.1 - 0.99,0.5,event,HumanObservation
2014,9,1,0 - 0.5,6,75 - 95,85,event,HumanObservation
2014,9,1,0.25 - 0.75,3,5 - 25,15,event,HumanObservation
2014,9,1,0.5 - 1.0,1,0.1 - 0.99,0.5,event,HumanObservation
2014,9,1,0.75 - 1.25,1,0.1 - 0.99,0.5,event,HumanObservation
2014,9,1,1.0 - 1.5,1,0.1 - 0.99,0.5,event,HumanObservation
2014,9,5,0 - 0.5,6,75 - 95,85,event,HumanObservation
2014,9,5,0.25 - 0.75,1,0.1 - 0.99,0.5,event,HumanObservation
2014,9,5,0.5 - 1.0,2,1 - 5,2.5,event,HumanObservation
2014,9,5,0.75 - 1.25,1,0.1 - 0.99,0.5,event,HumanObservation
2014,9,5,1.0 - 1.5,1,0.1 - 0.99,0.5,event,HumanObservation
2014,9,15,0 - 0.5,7,95 - 100,97.5,event,HumanObservation
2014,9,15,0.25 - 0.75,6,75 - 95,85,event,HumanObservation
2014,9,15,0.5 - 1.0,3,5 - 25,15,event,HumanObservation
2014,9,15,0.75 - 1.25,1,0.1 - 0.99,0.5,event,HumanObservation
2014,9,15,1.0 - 1.5,1,0.1 - 0.99,0.5,event,HumanObservation
2015,1,1,0 - 0.5,4,25 - 50,37.5,event,HumanObservation
2015,1,1,0.25 - 0.75,2,1 - 5,2.5,event,HumanObservation
2015,1,1,0.5 - 1.0,1,0.1 - 0.99,0.5,event,HumanObservation
2015,1,5,0 - 0.5,7,95 - 100,97.5,event,HumanObservation
2015,1,5,0.25 - 0.75,5,50 - 75,62.5,event,HumanObservation
2015,1,5,0.5 - 1.0,1,0.1 - 0.99,0.5,event,HumanObservation
2015,1,15,0 - 0.5,7,95 - 100,97.5,event,HumanObservation
2015,1,15,0.25 - 0.75,5,50 - 75,62.5,event,HumanObservation
2015,1,15,0.5 - 1.0,1,0.1 - 0.99,0.5,event,HumanObservation
2015,2,1,0 - 0.5,6,75 - 95,85,event,HumanObservation
2015,2,1,0.25 - 0.75,4,25 - 50,37.5,event,HumanObservation
2015,2,1,0.5 - 1.0,1,0.1 - 0.99,0.5,event,HumanObservation
2015,2,5,0 - 0.5,7,95 - 100,97.5,event,HumanObservation
2015,2,5,0.25 - 0.75,5,50 - 75,62.5,event,HumanObservation
2015,2,5,0.5 - 1.0,3,5 - 25,15,event,HumanObservation
2015,2,5,0.75 - 1.25,1,0.1 - 0.99,0.5,event,HumanObservation
2015,2,15,0 - 0.5,7,95 - 100,97.5,event,HumanObservation
2015,2,15,0.25 - 0.75,7,95 - 100,97.5,event,HumanObservation
2015,2,15,0.5 - 1.0,5,50 - 75,62.5,event,HumanObservation
2015,2,15,0.75 - 1.25,1,0.1 - 0.99,0.5,event,HumanObservation
2015,3,1,0 - 0.5,4,25 - 50,37.5,event,HumanObservation
2015,3,1,0.25 - 0.75,2,1 - 5,2.5,event,HumanObservation
2015,3,1,0.5 - 1.0,1,0.1 - 0.99,0.5,event,HumanObservation
2015,3,5,0 - 0.5,7,95 - 100,97.5,event,HumanObservation
2015,3,5,0.25 - 0.75,7,95 - 100,97.5,event,HumanObservation
2015,3,5,0.5 - 1.0,7,95 - 100,97.5,event,HumanObservation
2015,3,5,0.75 - 1.25,7,95 - 100,97.5,event,HumanObservation
2015,3,5,1.0 - 1.5,7,95 - 100,97.5,event,HumanObservation
2015,3,5,1.25 - 1.75,7,95 - 100,97.5,event,HumanObservation
2015,3,5,1.5 - 2.0,7,95 - 100,97.5,event,HumanObservation
2015,3,15,0 - 0.5,7,95 - 100,97.5,event,HumanObservation
2015,3,15,0.25 - 0.75,7,95 - 100,97.5,event,HumanObservation
2015,3,15,0.5 - 1.0,7,95 - 100,97.5,event,HumanObservation
2015,3,15,0.75 - 1.25,7,95 - 100,97.5,event,HumanObservation
2015,3,15,1.0 - 1.5,7,95 - 100,97.5,event,HumanObservation
2015,3,15,1.25 - 1.75,7,95 - 100,97.5,event,HumanObservation
2015,3,15,1.5 - 2.0,7,95 - 100,97.5,event,HumanObservation
2015,4,1,0 - 0.5,6,75 - 95,85,event,HumanObservation
2015,4,1,0.25 - 0.75,3,5 - 25,15,event,HumanObservation
2015,4,1,0.5 - 1.0,2,1 - 5,2.5,event,HumanObservation
2015,4,5,0 - 0.5,7,95 - 100,97.5,event,HumanObservation
2015,4,5,0.25 - 0.75,6,75 - 95,85,event,HumanObservation
2015,4,5,0.5 - 1.0,3,5 - 25,15,event,HumanObservation
2015,4,5,0.75 - 1.25,1,0.1 - 0.99,0.5,event,HumanObservation
2015,4,15,0 - 0.5,7,95 - 100,97.5,event,HumanObservation
2015,4,15,0.25 - 0.75,7,95 - 100,97.5,event,HumanObservation
2015,4,15,0.5 - 1.0,4,25 - 50,37.5,event,HumanObservation
2015,4,15,0.75 - 1.25,1,0.1 - 0.99,0.5,event,HumanObservation
2015,5,1,0 - 0.5,6,75 - 95,85,event,HumanObservation
2015,5,1,0.25 - 0.75,5,50 - 75,62.5,event,HumanObservation
2015,5,1,0.5 - 1.0,2,1 - 5,2.5,event,HumanObservation
2015,5,1,0.75 - 1.25,1,0.1 - 0.99,0.5,event,HumanObservation
2015,5,5,0 - 0.5,7,95 - 100,97.5,event,HumanObservation
2015,5,5,0.25 - 0.75,7,95 - 100,97.5,event,HumanObservation
2015,5,5,0.5 - 1.0,4,25 - 50,37.5,event,HumanObservation
2015,5,5,0.75 - 1.25,3,5 - 25,15,event,HumanObservation
2015,5,5,1.0 - 1.5,3,5 - 25,15,event,HumanObservation
2015,5,5,1.25 - 1.75,1,0.1 - 0.99,0.5,event,HumanObservation
2015,5,15,0 - 0.5,7,95 - 100,97.5,event,HumanObservation
2015,5,15,0.25 - 0.75,7,95 - 100,97.5,event,HumanObservation
2015,5,15,0.5 - 1.0,7,95 - 100,97.5,event,HumanObservation
2015,5,15,0.75 - 1.25,7,95 - 100,97.5,event,HumanObservation
2015,5,15,1.0 - 1.5,6,75 - 95,85,event,HumanObservation
2015,5,15,1.25 - 1.75,5,50 - 75,62.5,event,HumanObservation
2015,5,15,1.5 - 2.0,3,5 - 25,15,event,HumanObservation
2015,6,1,0 - 0.5,4,25 - 50,37.5,event,HumanObservation
2015,6,1,0.25 - 0.75,2,1 - 5,2.5,event,HumanObservation
2015,6,5,0 - 0.5,6,75 - 95,85,event,HumanObservation
2015,6,5,0.25 - 0.75,4,25 - 50,37.5,event,HumanObservation
2015,6,5,0.5 - 1.0,1,0.1 - 0.99,0.5,event,HumanObservation
2015,6,15,0 - 0.5,7,95 - 100,97.5,event,HumanObservation
2015,6,15,0.25 - 0.75,7,95 - 100,97.5,event,HumanObservation
2015,6,15,0.5 - 1.0,5,50 - 75,62.5,event,HumanObservation
2015,6,15,0.75 - 1.25,2,1 - 5,2.5,event,HumanObservation
2015,7,1,0 - 0.5,6,75 - 95,85,event,HumanObservation
2015,7,1,0.25 - 0.75,4,25 - 50,37.5,event,HumanObservation
2015,7,1,0.5 - 1.0,1,0.1 - 0.99,0.5,event,HumanObservation
2015,7,5,0 - 0.5,7,95 - 100,97.5,event,HumanObservation
2015,7,5,0.25 - 0.75,5,50 - 75,62.5,event,HumanObservation
2015,7,5,0.5 - 1.0,2,1 - 5,2.5,event,HumanObservation
2015,7,15,0 - 0.5,7,95 - 100,97.5,event,HumanObservation
2015,7,15,0.25 - 0.75,5,50 - 75,62.5,event,HumanObservation
2015,7,15,0.5 - 1.0,2,1 - 5,2.5,event,HumanObservation
2015,8,1,0 - 0.5,5,50 - 75,62.5,event,HumanObservation
2015,8,1,0.25 - 0.75,2,1 - 5,2.5,event,HumanObservation
2015,8,1,0.5 - 1.0,1,0.1 - 0.99,0.5,event,HumanObservation
2015,8,5,0 - 0.5,7,95 - 100,97.5,event,HumanObservation
2015,8,5,0.25 - 0.75,4,25 - 50,37.5,event,HumanObservation
2015,8,5,0.5 - 1.0,1,0.1 - 0.99,0.5,event,HumanObservation
2015,8,15,0 - 0.5,7,95 - 100,97.5,event,HumanObservation
2015,8,15,0.25 - 0.75,5,50 - 75,62.5,event,HumanObservation
2015,8,15,0.5 - 1.0,2,1 - 5,2.5,event,HumanObservation
2015,9,1,0 - 0.5,7,95 - 100,97.5,event,HumanObservation
2015,9,1,0.25 - 0.75,4,25 - 50,37.5,event,HumanObservation
2015,9,1,0.5 - 1.0,2,1 - 5,2.5,event,HumanObservation
2015,9,5,0 - 0.5,7,95 - 100,97.5,event,HumanObservation
2015,9,5,0.25 - 0.75,5,50 - 75,62.5,event,HumanObservation
2015,9,5,0.5 - 1.0,2,1 - 5,2.5,event,HumanObservation
2015,9,5,0.75 - 1.25,1,0.1 - 0.99,0.5,event,HumanObservation
2015,9,15,0 - 0.5,7,95 - 100,97.5,event,HumanObservation
2015,9,15,0.25 - 0.75,6,75 - 95,85,event,HumanObservation
2015,9,15,0.5 - 1.0,3,5 - 25,15,event,HumanObservation
2015,9,15,0.75 - 1.25,1,0.1 - 0.99,0.5,event,HumanObservation
2017,1,1,0 - 0.5,6,75 - 95,85,event,HumanObservation
2017,1,1,0.25 - 0.75,3,5 - 25,15,event,HumanObservation
2017,1,1,0.5 - 1.0,1,0.1 - 0.99,0.5,event,HumanObservation
2017,1,5,0 - 0.5,7,95 - 100,97.5,event,HumanObservation
2017,1,5,0.25 - 0.75,6,75 - 95,85,event,HumanObservation
2017,1,5,0.5 - 1.0,3,5 - 25,15,event,HumanObservation
2017,1,5,0.75 - 1.25,1,0.1 - 0.99,0.5,event,HumanObservation
2017,1,15,0 - 0.5,7,95 - 100,97.5,event,HumanObservation
2017,1,15,0.25 - 0.75,7,95 - 100,97.5,event,HumanObservation
2017,1,15,0.5 - 1.0,5,50 - 75,62.5,event,HumanObservation
2017,1,15,0.75 - 1.25,2,1 - 5,2.5,event,HumanObservation
2017,1,15,1.0 - 1.5,1,0.1 - 0.99,0.5,event,HumanObservation
2017,2,1,0 - 0.5,4,25 - 50,37.5,event,HumanObservation
2017,2,1,0.25 - 0.75,2,1 - 5,2.5,event,HumanObservation
2017,2,1,0.5 - 1.0,1,0.1 - 0.99,0.5,event,HumanObservation
2017,2,5,0 - 0.5,7,95 - 100,97.5,event,HumanObservation
2017,2,5,0.25 - 0.75,6,75 - 95,85,event,HumanObservation
2017,2,5,0.5 - 1.0,2,1 - 5,2.5,event,HumanObservation
2017,2,5,0.75 - 1.25,1,0.1 - 0.99,0.5,event,HumanObservation
2017,2,15,0 - 0.5,7,95 - 100,97.5,event,HumanObservation
2017,2,15,0.25 - 0.75,7,95 - 100,97.5,event,HumanObservation
2017,2,15,0.5 - 1.0,7,95 - 100,97.5,event,HumanObservation
2017,2,15,0.75 - 1.25,2,1 - 5,2.5,event,HumanObservation
2017,2,15,1.0 - 1.5,1,0.1 - 0.99,0.5,event,HumanObservation
2017,3,1,0 - 0.5,4,25 - 50,37.5,event,HumanObservation
2017,3,1,0.25 - 0.75,2,1 - 5,2.5,event,HumanObservation
2017,3,1,0.5 - 1.0,1,0.1 - 0.99,0.5,event,HumanObservation
2017,3,5,0 - 0.5,4,25 - 50,37.5,event,HumanObservation
2017,3,5,0.25 - 0.75,1,0.1 - 0.99,0.5,event,HumanObservation
2017,3,5,0.5 - 1.0,1,0.1 - 0.99,0.5,event,HumanObservation
2017,3,15,0 - 0.5,7,95 - 100,97.5,event,HumanObservation
2017,3,15,0.25 - 0.75,7,95 - 100,97.5,event,HumanObservation
2017,3,15,0.5 - 1.0,2,1 - 5,2.5,event,HumanObservation
2017,3,15,0.75 - 1.25,1,0.1 - 0.99,0.5,event,HumanObservation
2017,4,1,0 - 0.5,6,75 - 95,85,event,HumanObservation
2017,4,1,0.25 - 0.75,4,25 - 50,37.5,event,HumanObservation
2017,4,1,0.5 - 1.0,1,0.1 - 0.99,0.5,event,HumanObservation
2017,4,5,0 - 0.5,7,95 - 100,97.5,event,HumanObservation
2017,4,5,0.25 - 0.75,6,75 - 95,85,event,HumanObservation
2017,4,5,0.5 - 1.0,4,25 - 50,37.5,event,HumanObservation
2017,4,5,0.75 - 1.25,1,0.1 - 0.99,0.5,event,HumanObservation
2017,4,5,1.0 - 1.5,1,0.1 - 0.99,0.5,event,HumanObservation
2017,4,15,0 - 0.5,7,95 - 100,97.5,event,HumanObservation
2017,4,15,0.25 - 0.75,7,95 - 100,97.5,event,HumanObservation
2017,4,15,0.5 - 1.0,5,50 - 75,62.5,event,HumanObservation
2017,4,15,0.75 - 1.25,3,5 - 25,15,event,HumanObservation
2017,4,15,1.0 - 1.5,2,1 - 5,2.5,event,HumanObservation
2017,5,1,0 - 0.5,6,75 - 95,85,event,HumanObservation
2017,5,1,0.25 - 0.75,5,50 - 75,62.5,event,HumanObservation
2017,5,1,0.5 - 1.0,3,5 - 25,15,event,HumanObservation
2017,5,1,0.75 - 1.25,1,0.1 - 0.99,0.5,event,HumanObservation
2017,5,5,0 - 0.5,7,95 - 100,97.5,event,HumanObservation
2017,5,5,0.25 - 0.75,7,95 - 100,97.5,event,HumanObservation
2017,5,5,0.5 - 1.0,3,5 - 25,15,event,HumanObservation
2017,5,5,0.75 - 1.25,2,1 - 5,2.5,event,HumanObservation
2017,5,5,1.0 - 1.5,1,0.1 - 0.99,0.5,event,HumanObservation
2017,5,15,0 - 0.5,7,95 - 100,97.5,event,HumanObservation
2017,5,15,0.25 - 0.75,7,95 - 100,97.5,event,HumanObservation
2017,5,15,0.5 - 1.0,6,75 - 95,85,event,HumanObservation
2017,5,15,0.75 - 1.25,4,25 - 50,37.5,event,HumanObservation
2017,5,15,1.0 - 1.5,3,5 - 25,15,event,HumanObservation
2017,5,15,1.25 - 1.75,2,1 - 5,2.5,event,HumanObservation
2017,5,15,1.5 - 2.0,2,1 - 5,2.5,event,HumanObservation
2017,6,1,0 - 0.5,6,75 - 95,85,event,HumanObservation
2017,6,1,0.25 - 0.75,4,25 - 50,37.5,event,HumanObservation
2017,6,1,0.5 - 1.0,3,5 - 25,15,event,HumanObservation
2017,6,1,0.75 - 1.25,2,1 - 5,2.5,event,HumanObservation
2017,6,1,1.0 - 1.5,2,1 - 5,2.5,event,HumanObservation
2017,6,5,0 - 0.5,7,95 - 100,97.5,event,HumanObservation
2017,6,5,0.25 - 0.75,6,75 - 95,85,event,HumanObservation
2017,6,5,0.5 - 1.0,4,25 - 50,37.5,event,HumanObservation
2017,6,5,0.75 - 1.25,4,25 - 50,37.5,event,HumanObservation
2017,6,5,1.0 - 1.5,2,1 - 5,2.5,event,HumanObservation
2017,6,5,1.25 - 1.75,1,0.1 - 0.99,0.5,event,HumanObservation
2017,6,15,0 - 0.5,7,95 - 100,97.5,event,HumanObservation
2017,6,15,0.25 - 0.75,7,95 - 100,97.5,event,HumanObservation
2017,6,15,0.5 - 1.0,6,75 - 95,85,event,HumanObservation
2017,6,15,0.75 - 1.25,5,50 - 75,62.5,event,HumanObservation
2017,6,15,1.0 - 1.5,2,1 - 5,2.5,event,HumanObservation
2017,6,15,1.25 - 1.75,1,0.1 - 0.99,0.5,event,HumanObservation
2017,7,1,0 - 0.5,6,75 - 95,85,event,HumanObservation
2017,7,1,0.25 - 0.75,3,5 - 25,15,event,HumanObservation
2017,7,1,0.5 - 1.0,1,0.1 - 0.99,0.5,event,HumanObservation
2017,7,5,0 - 0.5,7,95 - 100,97.5,event,HumanObservation
2017,7,5,0.25 - 0.75,4,25 - 50,37.5,event,HumanObservation
2017,7,5,0.5 - 1.0,2,1 - 5,2.5,event,HumanObservation
2017,7,5,0.75 - 1.25,1,0.1 - 0.99,0.5,event,HumanObservation
2017,7,15,0 - 0.5,7,95 - 100,97.5,event,HumanObservation
2017,7,15,0.25 - 0.75,7,95 - 100,97.5,event,HumanObservation
2017,7,15,0.5 - 1.0,2,1 - 5,2.5,event,HumanObservation
2017,7,15,0.75 - 1.25,1,0.1 - 0.99,0.5,event,HumanObservation
2017,8,1,0 - 0.5,4,25 - 50,37.5,event,HumanObservation
2017,8,1,0.25 - 0.75,2,1 - 5,2.5,event,HumanObservation
2017,8,1,0.5 - 1.0,1,0.1 - 0.99,0.5,event,HumanObservation
2017,8,5,0 - 0.5,7,95 - 100,97.5,event,HumanObservation
2017,8,5,0.25 - 0.75,4,25 - 50,37.5,event,HumanObservation
2017,8,5,0.5 - 1.0,1,0.1 - 0.99,0.5,event,HumanObservation
2017,8,15,0 - 0.5,7,95 - 100,97.5,event,HumanObservation
2017,8,15,0.25 - 0.75,5,50 - 75,62.5,event,HumanObservation
2017,8,15,0.5 - 1.0,1,0.1 - 0.99,0.5,event,HumanObservation
2017,9,1,0 - 0.5,4,25 - 50,37.5,event,HumanObservation
2017,9,1,0.25 - 0.75,1,0.1 - 0.99,0.5,event,HumanObservation
2017,9,1,0.5 - 1.0,1,0.1 - 0.99,0.5,event,HumanObservation
2017,9,5,0 - 0.5,7,95 - 100,97.5,event,HumanObservation
2017,9,5,0.25 - 0.75,6,75 - 95,85,event,HumanObservation
2017,9,5,0.5 - 1.0,2,1 - 5,2.5,event,HumanObservation
2017,9,15,0 - 0.5,7,95 - 100,97.5,event,HumanObservation
2017,9,15,0.25 - 0.75,6,75 - 95,85,event,HumanObservation
2017,9,15,0.5 - 1.0,3,5 - 25,15,event,HumanObservation
2017,9,15,0.75 - 1.25,1,0.1 - 0.99,0.5,event,HumanObservation
2018,1,1,0 - 0.5,7,95 - 100,97.5,event,HumanObservation
2018,1,1,0.25 - 0.75,7,95 - 100,97.5,event,HumanObservation
2018,1,1,0.5 - 1.0,3,5 - 25,15,event,HumanObservation
2018,1,1,0.75 - 1.25,1,0.1 - 0.99,0.5,event,HumanObservation
2018,1,5,0 - 0.5,7,95 - 100,97.5,event,HumanObservation
2018,1,5,0.25 - 0.75,7,95 - 100,97.5,event,HumanObservation
2018,1,5,0.5 - 1.0,5,50 - 75,62.5,event,HumanObservation
2018,1,5,0.75 - 1.25,2,1 - 5,2.5,event,HumanObservation
2018,1,15,0 - 0.5,7,95 - 100,97.5,event,HumanObservation
2018,1,15,0.25 - 0.75,7,95 - 100,97.5,event,HumanObservation
2018,1,15,0.5 - 1.0,6,75 - 95,85,event,HumanObservation
2018,1,15,0.75 - 1.25,3,5 - 25,15,event,HumanObservation
2018,1,15,1.0 - 1.5,1,0.1 - 0.99,0.5,event,HumanObservation
2018,1,15,1.25 - 1.75,1,0.1 - 0.99,0.5,event,HumanObservation
2018,2,1,0 - 0.5,7,95 - 100,97.5,event,HumanObservation
2018,2,1,0.25 - 0.75,5,50 - 75,62.5,event,HumanObservation
2018,2,1,0.5 - 1.0,2,1 - 5,2.5,event,HumanObservation
2018,2,1,0.75 - 1.25,1,0.1 - 0.99,0.5,event,HumanObservation
2018,2,5,0 - 0.5,7,95 - 100,97.5,event,HumanObservation
2018,2,5,0.25 - 0.75,6,75 - 95,85,event,HumanObservation
2018,2,5,0.5 - 1.0,3,5 - 25,15,event,HumanObservation
2018,2,5,0.75 - 1.25,1,0.1 - 0.99,0.5,event,HumanObservation
2018,2,15,0 - 0.5,7,95 - 100,97.5,event,HumanObservation
2018,2,15,0.25 - 0.75,7,95 - 100,97.5,event,HumanObservation
2018,2,15,0.5 - 1.0,7,95 - 100,97.5,event,HumanObservation
2018,2,15,0.75 - 1.25,4,25 - 50,37.5,event,HumanObservation
2018,2,15,1.0 - 1.5,2,1 - 5,2.5,event,HumanObservation
2018,2,15,1.25 - 1.75,1,0.1 - 0.99,0.5,event,HumanObservation
2018,2,15,1.5 - 2.0,1,0.1 - 0.99,0.5,event,HumanObservation
2018,3,1,0 - 0.5,7,95 - 100,97.5,event,HumanObservation
2018,3,1,0.25 - 0.75,5,50 - 75,62.5,event,HumanObservation
2018,3,1,0.5 - 1.0,3,5 - 25,15,event,HumanObservation
2018,3,5,0 - 0.5,7,95 - 100,97.5,event,HumanObservation
2018,3,5,0.25 - 0.75,6,75 - 95,85,event,HumanObservation
2018,3,5,0.5 - 1.0,4,25 - 50,37.5,event,HumanObservation
2018,3,5,0.75 - 1.25,1,0.1 - 0.99,0.5,event,HumanObservation
2018,3,15,0 - 0.5,7,95 - 100,97.5,event,HumanObservation
2018,3,15,0.25 - 0.75,7,95 - 100,97.5,event,HumanObservation
2018,3,15,0.5 - 1.0,4,25 - 50,37.5,event,HumanObservation
2018,3,15,0.75 - 1.25,4,25 - 50,37.5,event,HumanObservation
2018,3,15,1.0 - 1.5,2,1 - 5,2.5,event,HumanObservation
2018,4,1,0 - 0.5,7,95 - 100,97.5,event,HumanObservation
2018,4,1,0.25 - 0.75,6,75 - 95,85,event,HumanObservation
2018,4,1,0.5 - 1.0,4,25 - 50,37.5,event,HumanObservation
2018,4,1,0.75 - 1.25,1,0.1 - 0.99,0.5,event,HumanObservation
2018,4,5,0 - 0.5,7,95 - 100,97.5,event,HumanObservation
2018,4,5,0.25 - 0.75,7,95 - 100,97.5,event,HumanObservation
2018,4,5,0.5 - 1.0,5,50 - 75,62.5,event,HumanObservation
2018,4,5,0.75 - 1.25,1,0.1 - 0.99,0.5,event,HumanObservation
2018,4,15,0 - 0.5,7,95 - 100,97.5,event,HumanObservation
2018,4,15,0.25 - 0.75,7,95 - 100,97.5,event,HumanObservation
2018,4,15,0.5 - 1.0,3,5 - 25,15,event,HumanObservation
2018,4,15,0.75 - 1.25,1,0.1 - 0.99,0.5,event,HumanObservation
2018,5,1,0 - 0.5,7,95 - 100,97.5,event,HumanObservation
2018,5,1,0.25 - 0.75,6,75 - 95,85,event,HumanObservation
2018,5,1,0.5 - 1.0,3,5 - 25,15,event,HumanObservation
2018,5,1,0.75 - 1.25,1,0.1 - 0.99,0.5,event,HumanObservation
2018,5,1,1.0 - 1.5,1,0.1 - 0.99,0.5,event,HumanObservation
2018,5,5,0 - 0.5,7,95 - 100,97.5,event,HumanObservation
2018,5,5,0.25 - 0.75,7,95 - 100,97.5,event,HumanObservation
2018,5,5,0.5 - 1.0,5,50 - 75,62.5,event,HumanObservation
2018,5,5,0.75 - 1.25,2,1 - 5,2.5,event,HumanObservation
2018,5,5,1.0 - 1.5,1,0.1 - 0.99,0.5,event,HumanObservation
2018,5,15,0 - 0.5,7,95 - 100,97.5,event,HumanObservation
2018,5,15,0.25 - 0.75,7,95 - 100,97.5,event,HumanObservation
2018,5,15,0.5 - 1.0,6,75 - 95,85,event,HumanObservation
2018,5,15,0.75 - 1.25,4,25 - 50,37.5,event,HumanObservation
2018,5,15,1.0 - 1.5,2,1 - 5,2.5,event,HumanObservation
2018,5,15,1.25 - 1.75,1,0.1 - 0.99,0.5,event,HumanObservation
2018,5,15,1.5 - 2.0,1,0.1 - 0.99,0.5,event,HumanObservation
2018,6,1,0 - 0.5,7,95 - 100,97.5,event,HumanObservation
2018,6,1,0.25 - 0.75,5,50 - 75,62.5,event,HumanObservation
2018,6,1,0.5 - 1.0,3,5 - 25,15,event,HumanObservation
2018,6,1,0.75 - 1.25,1,0.1 - 0.99,0.5,event,HumanObservation
2018,6,1,1.0 - 1.5,1,0.1 - 0.99,0.5,event,HumanObservation
2018,6,5,0 - 0.5,7,95 - 100,97.5,event,HumanObservation
2018,6,5,0.25 - 0.75,5,50 - 75,62.5,event,HumanObservation
2018,6,5,0.5 - 1.0,3,5 - 25,15,event,HumanObservation
2018,6,5,0.75 - 1.25,2,1 - 5,2.5,event,HumanObservation
2018,6,5,1.0 - 1.5,1,0.1 - 0.99,0.5,event,HumanObservation
2018,6,15,0 - 0.5,7,95 - 100,97.5,event,HumanObservation
2018,6,15,0.25 - 0.75,7,95 - 100,97.5,event,HumanObservation
2018,6,15,0.5 - 1.0,4,25 - 50,37.5,event,HumanObservation
2018,6,15,0.75 - 1.25,2,1 - 5,2.5,event,HumanObservation
2018,6,15,1.0 - 1.5,1,0.1 - 0.99,0.5,event,HumanObservation
2018,7,1,0 - 0.5,4,25 - 50,37.5,event,HumanObservation
2018,7,1,0.25 - 0.75,2,1 - 5,2.5,event,HumanObservation
2018,7,1,0.5 - 1.0,1,0.1 - 0.99,0.5,event,HumanObservation
2018,7,5,0 - 0.5,7,95 - 100,97.5,event,HumanObservation
2018,7,5,0.25 - 0.75,5,50 - 75,62.5,event,HumanObservation
2018,7,5,0.5 - 1.0,1,0.1 - 0.99,0.5,event,HumanObservation
2018,7,15,0 - 0.5,7,95 - 100,97.5,event,HumanObservation
2018,7,15,0.25 - 0.75,5,50 - 75,62.5,event,HumanObservation
2018,7,15,0.5 - 1.0,2,1 - 5,2.5,event,HumanObservation
2018,8,1,0 - 0.5,6,75 - 95,85,event,HumanObservation
2018,8,1,0.25 - 0.75,4,25 - 50,37.5,event,HumanObservation
2018,8,1,0.5 - 1.0,1,0.1 - 0.99,0.5,event,HumanObservation
2018,8,5,0 - 0.5,7,95 - 100,97.5,event,HumanObservation
2018,8,5,0.25 - 0.75,6,75 - 95,85,event,HumanObservation
2018,8,5,0.5 - 1.0,1,0.1 - 0.99,0.5,event,HumanObservation
2018,8,15,0 - 0.5,7,95 - 100,97.5,event,HumanObservation
2018,8,15,0.25 - 0.75,6,75 - 95,85,event,HumanObservation
2018,8,15,0.5 - 1.0,2,1 - 5,2.5,event,HumanObservation
2018,8,15,0.75 - 1.25,1,0.1 - 0.99,0.5,event,HumanObservation
2018,9,1,0 - 0.5,6,75 - 95,85,event,HumanObservation
2018,9,1,0.25 - 0.75,4,25 - 50,37.5,event,HumanObservation
2018,9,1,0.5 - 1.0,2,1 - 5,2.5,event,HumanObservation
2018,9,1,0.75 - 1.25,2,1 - 5,2.5,event,HumanObservation
2018,9,5,0 - 0.5,7,95 - 100,97.5,event,HumanObservation
2018,9,5,0.25 - 0.75,6,75 - 95,85,event,HumanObservation
2018,9,5,0.5 - 1.0,4,25 - 50,37.5,event,HumanObservation
2018,9,5,0.75 - 1.25,2,1 - 5,2.5,event,HumanObservation
2018,9,5,1.0 - 1.5,1,0.1 - 0.99,0.5,event,HumanObservation
2018,9,15,0 - 0.5,7,95 - 100,97.5,event,HumanObservation
2018,9,15,0.25 - 0.75,7,95 - 100,97.5,event,HumanObservation
2018,9,15,0.5 - 1.0,5,50 - 75,62.5,event,HumanObservation
2018,9,15,0.75 - 1.25,4,25 - 50,37.5,event,HumanObservation
2018,9,15,1.0 - 1.5,2,1 - 5,2.5,event,HumanObservation
2018,9,15,1.25 - 1.75,1,0.1 - 0.99,0.5,event,HumanObservation
2019,1,1,0 - 0.5,6,75 - 95,85,event,HumanObservation
2019,1,1,0.25 - 0.75,3,5 - 25,15,event,HumanObservation
2019,1,1,0.5 - 1.0,2,1 - 5,2.5,event,HumanObservation
2019,1,5,0 - 0.5,7,95 - 100,97.5,event,HumanObservation
2019,1,5,0.25 - 0.75,5,50 - 75,62.5,event,HumanObservation
2019,1,5,0.5 - 1.0,2,1 - 5,2.5,event,HumanObservation
2019,1,15,0 - 0.5,7,95 - 100,97.5,event,HumanObservation
2019,1,15,0.25 - 0.75,5,50 - 75,62.5,event,HumanObservation
2019,1,15,0.5 - 1.0,3,5 - 25,15,event,HumanObservation
2019,2,1,0 - 0.5,4,25 - 50,37.5,event,HumanObservation
2019,2,1,0.25 - 0.75,3,5 - 25,15,event,HumanObservation
2019,2,1,0.5 - 1.0,1,0.1 - 0.99,0.5,event,HumanObservation
2019,2,5,0 - 0.5,7,95 - 100,97.5,event,HumanObservation
2019,2,5,0.25 - 0.75,5,50 - 75,62.5,event,HumanObservation
2019,2,5,0.5 - 1.0,2,1 - 5,2.5,event,HumanObservation
2019,2,5,0.75 - 1.25,1,0.1 - 0.99,0.5,event,HumanObservation
2019,2,15,0 - 0.5,7,95 - 100,97.5,event,HumanObservation
2019,2,15,0.25 - 0.75,7,95 - 100,97.5,event,HumanObservation
2019,2,15,0.5 - 1.0,3,5 - 25,15,event,HumanObservation
2019,2,15,0.75 - 1.25,1,0.1 - 0.99,0.5,event,HumanObservation
2019,2,15,1.0 - 1.5,1,0.1 - 0.99,0.5,event,HumanObservation
2019,3,1,0 - 0.5,5,50 - 75,62.5,event,HumanObservation
2019,3,1,0.25 - 0.75,4,25 - 50,37.5,event,HumanObservation
2019,3,1,0.5 - 1.0,2,1 - 5,2.5,event,HumanObservation
2019,3,1,0.75 - 1.25,1,0.1 - 0.99,0.5,event,HumanObservation
2019,3,5,0 - 0.5,7,95 - 100,97.5,event,HumanObservation
2019,3,5,0.25 - 0.75,7,95 - 100,97.5,event,HumanObservation
2019,3,5,0.5 - 1.0,3,5 - 25,15,event,HumanObservation
2019,3,5,0.75 - 1.25,2,1 - 5,2.5,event,HumanObservation
2019,3,5,1.0 - 1.5,1,0.1 - 0.99,0.5,event,HumanObservation
2019,3,15,0 - 0.5,7,95 - 100,97.5,event,HumanObservation
2019,3,15,0.25 - 0.75,7,95 - 100,97.5,event,HumanObservation
2019,3,15,0.5 - 1.0,7,95 - 100,97.5,event,HumanObservation
2019,3,15,0.75 - 1.25,7,95 - 100,97.5,event,HumanObservation
2019,3,15,1.0 - 1.5,7,95 - 100,97.5,event,HumanObservation
2019,4,1,0 - 0.5,6,75 - 95,85,event,HumanObservation
2019,4,1,0.25 - 0.75,4,25 - 50,37.5,event,HumanObservation
2019,4,1,0.5 - 1.0,2,1 - 5,2.5,event,HumanObservation
2019,4,1,0.75 - 1.25,1,0.1 - 0.99,0.5,event,HumanObservation
2019,4,5,0 - 0.5,7,95 - 100,97.5,event,HumanObservation
2019,4,5,0.25 - 0.75,5,50 - 75,62.5,event,HumanObservation
2019,4,5,0.5 - 1.0,3,5 - 25,15,event,HumanObservation
2019,4,5,0.75 - 1.25,1,0.1 - 0.99,0.5,event,HumanObservation
2019,4,5,1.0 - 1.5,1,0.1 - 0.99,0.5,event,HumanObservation
2019,4,15,0 - 0.5,7,95 - 100,97.5,event,HumanObservation
2019,4,15,0.25 - 0.75,6,75 - 95,85,event,HumanObservation
2019,4,15,0.5 - 1.0,4,25 - 50,37.5,event,HumanObservation
2019,4,15,0.75 - 1.25,1,0.1 - 0.99,0.5,event,HumanObservation
2019,4,15,1.0 - 1.5,1,0.1 - 0.99,0.5,event,HumanObservation
2019,5,1,0 - 0.5,7,95 - 100,97.5,event,HumanObservation
2019,5,1,0.25 - 0.75,5,50 - 75,62.5,event,HumanObservation
2019,5,1,0.5 - 1.0,2,1 - 5,2.5,event,HumanObservation
2019,5,1,0.75 - 1.25,1,0.1 - 0.99,0.5,event,HumanObservation
2019,5,5,0 - 0.5,7,95 - 100,97.5,event,HumanObservation
2019,5,5,0.25 - 0.75,6,75 - 95,85,event,HumanObservation
2019,5,5,0.5 - 1.0,3,5 - 25,15,event,HumanObservation
2019,5,5,0.75 - 1.25,1,0.1 - 0.99,0.5,event,HumanObservation
2019,5,5,1.0 - 1.5,1,0.1 - 0.99,0.5,event,HumanObservation
2019,5,15,0 - 0.5,7,95 - 100,97.5,event,HumanObservation
2019,5,15,0.25 - 0.75,7,95 - 100,97.5,event,HumanObservation
2019,5,15,0.5 - 1.0,7,95 - 100,97.5,event,HumanObservation
2019,5,15,0.75 - 1.25,6,75 - 95,85,event,HumanObservation
2019,5,15,1.0 - 1.5,2,1 - 5,2.5,event,HumanObservation
2019,5,15,1.25 - 1.75,2,1 - 5,2.5,event,HumanObservation
2019,5,15,1.5 - 2.0,2,1 - 5,2.5,event,HumanObservation
2019,6,1,0 - 0.5,4,25 - 50,37.5,event,HumanObservation
2019,6,1,0.25 - 0.75,3,5 - 25,15,event,HumanObservation
2019,6,1,0.5 - 1.0,2,1 - 5,2.5,event,HumanObservation
2019,6,1,0.75 - 1.25,1,0.1 - 0.99,0.5,event,HumanObservation
2019,6,5,0 - 0.5,7,95 - 100,97.5,event,HumanObservation
2019,6,5,0.25 - 0.75,5,50 - 75,62.5,event,HumanObservation
2019,6,5,0.5 - 1.0,2,1 - 5,2.5,event,HumanObservation
2019,6,5,0.75 - 1.25,1,0.1 - 0.99,0.5,event,HumanObservation
2019,6,15,0 - 0.5,7,95 - 100,97.5,event,HumanObservation
2019,6,15,0.25 - 0.75,5,50 - 75,62.5,event,HumanObservation
2019,6,15,0.5 - 1.0,3,5 - 25,15,event,HumanObservation
2019,6,15,0.75 - 1.25,1,0.1 - 0.99,0.5,event,HumanObservation
2019,6,15,1.0 - 1.5,1,0.1 - 0.99,0.5,event,HumanObservation
2019,7,1,0 - 0.5,4,25 - 50,37.5,event,HumanObservation
2019,7,1,0.25 - 0.75,3,5 - 25,15,event,HumanObservation
2019,7,1,0.5 - 1.0,1,0.1 - 0.99,0.5,event,HumanObservation
2019,7,5,0 - 0.5,6,75 - 95,85,event,HumanObservation
2019,7,5,0.25 - 0.75,4,25 - 50,37.5,event,HumanObservation
2019,7,5,0.5 - 1.0,2,1 - 5,2.5,event,HumanObservation
2019,7,5,0.75 - 1.25,1,0.1 - 0.99,0.5,event,HumanObservation
2019,7,15,0 - 0.5,7,95 - 100,97.5,event,HumanObservation
2019,7,15,0.25 - 0.75,6,75 - 95,85,event,HumanObservation
2019,7,15,0.5 - 1.0,4,25 - 50,37.5,event,HumanObservation
2019,7,15,0.75 - 1.25,1,0.1 - 0.99,0.5,event,HumanObservation
2019,8,1,0 - 0.5,5,50 - 75,62.5,event,HumanObservation
2019,8,1,0.25 - 0.75,3,5 - 25,15,event,HumanObservation
2019,8,1,0.5 - 1.0,1,0.1 - 0.99,0.5,event,HumanObservation
2019,8,5,0 - 0.5,6,75 - 95,85,event,HumanObservation
2019,8,5,0.25 - 0.75,4,25 - 50,37.5,event,HumanObservation
2019,8,5,0.5 - 1.0,2,1 - 5,2.5,event,HumanObservation
2019,8,5,0.75 - 1.25,1,0.1 - 0.99,0.5,event,HumanObservation
2019,8,15,0 - 0.5,7,95 - 100,97.5,event,HumanObservation
2019,8,15,0.25 - 0.75,7,95 - 100,97.5,event,HumanObservation
2019,8,15,0.5 - 1.0,5,50 - 75,62.5,event,HumanObservation
2019,8,15,0.75 - 1.25,2,1 - 5,2.5,event,HumanObservation
2019,8,15,1.0 - 1.5,1,0.1 - 0.99,0.5,event,HumanObservation
2019,9,1,0 - 0.5,7,95 - 100,97.5,event,HumanObservation
2019,9,1,0.25 - 0.75,6,75 - 95,85,event,HumanObservation
2019,9,1,0.5 - 1.0,4,25 - 50,37.5,event,HumanObservation
2019,9,1,0.75 - 1.25,2,1 - 5,2.5,event,HumanObservation
2019,9,1,1.0 - 1.5,1,0.1 - 0.99,0.5,event,HumanObservation
2019,9,5,0 - 0.5,7,95 - 100,97.5,event,HumanObservation
2019,9,5,0.25 - 0.75,6,75 - 95,85,event,HumanObservation
2019,9,5,0.5 - 1.0,5,50 - 75,62.5,event,HumanObservation
2019,9,5,0.75 - 1.25,4,25 - 50,37.5,event,HumanObservation
2019,9,5,1.0 - 1.5,1,0.1 - 0.99,0.5,event,HumanObservation
2019,9,15,0 - 0.5,7,95 - 100,97.5,event,HumanObservation
2019,9,15,0.25 - 0.75,7,95 - 100,97.5,event,HumanObservation
2019,9,15,0.5 - 1.0,5,50 - 75,62.5,event,HumanObservation
2019,9,15,0.75 - 1.25,1,0.1 - 0.99,0.5,event,HumanObservation
2019,9,15,1.0 - 1.5,1,0.1 - 0.99,0.5,event,HumanObservation
2020,1,1,0 - 0.5,6,75 - 95,85,event,HumanObservation
2020,1,1,0.25 - 0.75,4,25 - 50,37.5,event,HumanObservation
2020,1,1,0.5 - 1.0,1,0.1 - 0.99,0.5,event,HumanObservation
2020,1,5,0 - 0.5,7,95 - 100,97.5,event,HumanObservation
2020,1,5,0.25 - 0.75,4,25 - 50,37.5,event,HumanObservation
2020,1,5,0.5 - 1.0,2,1 - 5,2.5,event,HumanObservation
2020,1,15,0 - 0.5,7,95 - 100,97.5,event,HumanObservation
2020,1,15,0.25 - 0.75,5,50 - 75,62.5,event,HumanObservation
2020,1,15,0.5 - 1.0,1,0.1 - 0.99,0.5,event,HumanObservation
2020,2,1,0 - 0.5,6,75 - 95,85,event,HumanObservation
2020,2,1,0.25 - 0.75,4,25 - 50,37.5,event,HumanObservation
2020,2,1,0.5 - 1.0,2,1 - 5,2.5,event,HumanObservation
2020,2,5,0 - 0.5,7,95 - 100,97.5,event,HumanObservation
2020,2,5,0.25 - 0.75,4,25 - 50,37.5,event,HumanObservation
2020,2,5,0.5 - 1.0,2,1 - 5,2.5,event,HumanObservation
2020,2,5,0.75 - 1.25,1,0.1 - 0.99,0.5,event,HumanObservation
2020,2,15,0 - 0.5,7,95 - 100,97.5,event,HumanObservation
2020,2,15,0.25 - 0.75,7,95 - 100,97.5,event,HumanObservation
2020,2,15,0.5 - 1.0,5,50 - 75,62.5,event,HumanObservation
2020,2,15,0.75 - 1.25,3,5 - 25,15,event,HumanObservation
2020,2,15,1.0 - 1.5,1,0.1 - 0.99,0.5,event,HumanObservation
2020,2,15,1.25 - 1.75,1,0.1 - 0.99,0.5,event,HumanObservation
2020,3,1,0 - 0.5,6,75 - 95,85,event,HumanObservation
2020,3,1,0.25 - 0.75,3,5 - 25,15,event,HumanObservation
2020,3,1,0.5 - 1.0,1,0.1 - 0.99,0.5,event,HumanObservation
2020,3,5,0 - 0.5,7,95 - 100,97.5,event,HumanObservation
2020,3,5,0.25 - 0.75,7,95 - 100,97.5,event,HumanObservation
2020,3,5,0.5 - 1.0,6,75 - 95,85,event,HumanObservation
2020,3,5,0.75 - 1.25,4,25 - 50,37.5,event,HumanObservation
2020,3,15,0 - 0.5,7,95 - 100,97.5,event,HumanObservation
2020,3,15,0.25 - 0.75,7,95 - 100,97.5,event,HumanObservation
2020,3,15,0.5 - 1.0,7,95 - 100,97.5,event,HumanObservation
2020,3,15,0.75 - 1.25,4,25 - 50,37.5,event,HumanObservation
2020,3,15,1.0 - 1.5,1,0.1 - 0.99,0.5,event,HumanObservation
2020,4,1,0 - 0.5,7,95 - 100,97.5,event,HumanObservation
2020,4,1,0.25 - 0.75,4,25 - 50,37.5,event,HumanObservation
2020,4,1,0.5 - 1.0,2,1 - 5,2.5,event,HumanObservation
2020,4,1,0.75 - 1.25,1,0.1 - 0.99,0.5,event,HumanObservation
2020,4,5,0 - 0.5,7,95 - 100,97.5,event,HumanObservation
2020,4,5,0.25 - 0.75,5,50 - 75,62.5,event,HumanObservation
2020,4,5,0.5 - 1.0,3,5 - 25,15,event,HumanObservation
2020,4,5,0.75 - 1.25,1,0.1 - 0.99,0.5,event,HumanObservation
2020,4,5,1.0 - 1.5,1,0.1 - 0.99,0.5,event,HumanObservation
2020,4,15,0 - 0.5,7,95 - 100,97.5,event,HumanObservation
2020,4,15,0.25 - 0.75,5,50 - 75,62.5,event,HumanObservation
2020,4,15,0.5 - 1.0,2,1 - 5,2.5,event,HumanObservation
2020,4,15,0.75 - 1.25,1,0.1 - 0.99,0.5,event,HumanObservation
2020,5,1,0 - 0.5,5,50 - 75,62.5,event,HumanObservation
2020,5,1,0.25 - 0.75,3,5 - 25,15,event,HumanObservation
2020,5,1,0.5 - 1.0,1,0.1 - 0.99,0.5,event,HumanObservation
2020,5,5,0 - 0.5,7,95 - 100,97.5,event,HumanObservation
2020,5,5,0.25 - 0.75,7,95 - 100,97.5,event,HumanObservation
2020,5,5,0.5 - 1.0,6,75 - 95,85,event,HumanObservation
2020,5,5,0.75 - 1.25,2,1 - 5,2.5,event,HumanObservation
2020,5,15,0 - 0.5,7,95 - 100,97.5,event,HumanObservation
2020,5,15,0.25 - 0.75,7,95 - 100,97.5,event,HumanObservation
2020,5,15,0.5 - 1.0,7,95 - 100,97.5,event,HumanObservation
2020,5,15,0.75 - 1.25,7,95 - 100,97.5,event,HumanObservation
2020,5,15,1.0 - 1.5,7,95 - 100,97.5,event,HumanObservation
2020,5,15,1.25 - 1.75,7,95 - 100,97.5,event,HumanObservation
2020,5,15,1.5 - 2.0,7,95 - 100,97.5,event,HumanObservation
2020,6,1,0 - 0.5,4,25 - 50,37.5,event,HumanObservation
2020,6,1,0.25 - 0.75,3,5 - 25,15,event,HumanObservation
2020,6,1,0.5 - 1.0,1,0.1 - 0.99,0.5,event,HumanObservation
2020,6,5,0 - 0.5,5,50 - 75,62.5,event,HumanObservation
2020,6,5,0.25 - 0.75,2,1 - 5,2.5,event,HumanObservation
2020,6,5,0.5 - 1.0,1,0.1 - 0.99,0.5,event,HumanObservation
2020,6,5,0.75 - 1.25,1,0.1 - 0.99,0.5,event,HumanObservation
2020,6,15,0 - 0.5,6,75 - 95,85,event,HumanObservation
2020,6,15,0.25 - 0.75,4,25 - 50,37.5,event,HumanObservation
2020,6,15,0.5 - 1.0,2,1 - 5,2.5,event,HumanObservation
2020,7,1,0 - 0.5,6,75 - 95,85,event,HumanObservation
2020,7,1,0.25 - 0.75,4,25 - 50,37.5,event,HumanObservation
2020,7,1,0.5 - 1.0,1,0.1 - 0.99,0.5,event,HumanObservation
2020,7,5,0 - 0.5,7,95 - 100,97.5,event,HumanObservation
2020,7,5,0.25 - 0.75,5,50 - 75,62.5,event,HumanObservation
2020,7,5,0.5 - 1.0,1,0.1 - 0.99,0.5,event,HumanObservation
2020,7,5,0.75 - 1.25,1,0.1 - 0.99,0.5,event,HumanObservation
2020,7,15,0 - 0.5,7,95 - 100,97.5,event,HumanObservation
2020,7,15,0.25 - 0.75,6,75 - 95,85,event,HumanObservation
2020,7,15,0.5 - 1.0,3,5 - 25,15,event,HumanObservation
2020,7,15,0.75 - 1.25,1,0.1 - 0.99,0.5,event,HumanObservation
2020,7,15,1.0 - 1.5,1,0.1 - 0.99,0.5,event,HumanObservation
2020,8,1,0 - 0.5,5,50 - 75,62.5,event,HumanObservation
2020,8,1,0.25 - 0.75,2,1 - 5,2.5,event,HumanObservation
2020,8,5,0 - 0.5,6,75 - 95,85,event,HumanObservation
2020,8,5,0.25 - 0.75,4,25 - 50,37.5,event,HumanObservation
2020,8,5,0.5 - 1.0,1,0.1 - 0.99,0.5,event,HumanObservation
2020,8,15,0 - 0.5,7,95 - 100,97.5,event,HumanObservation
2020,8,15,0.25 - 0.75,6,75 - 95,85,event,HumanObservation
2020,8,15,0.5 - 1.0,4,25 - 50,37.5,event,HumanObservation
2020,8,15,0.75 - 1.25,1,0.1 - 0.99,0.5,event,HumanObservation
2020,8,15,1.0 - 1.5,1,0.1 - 0.99,0.5,event,HumanObservation
2020,9,1,0 - 0.5,6,75 - 95,85,event,HumanObservation
2020,9,1,0.25 - 0.75,5,50 - 75,62.5,event,HumanObservation
2020,9,1,0.5 - 1.0,3,5 - 25,15,event,HumanObservation
2020,9,1,0.75 - 1.25,1,0.1 - 0.99,0.5,event,HumanObservation
2020,9,5,0 - 0.5,7,95 - 100,97.5,event,HumanObservation
2020,9,5,0.25 - 0.75,7,95 - 100,97.5,event,HumanObservation
2020,9,5,0.5 - 1.0,4,25 - 50,37.5,event,HumanObservation
2020,9,5,0.75 - 1.25,1,0.1 - 0.99,0.5,event,HumanObservation
2020,9,5,1.0 - 1.5,1,0.1 - 0.99,0.5,event,HumanObservation
2020,9,15,0 - 0.5,7,95 - 100,97.5,event,HumanObservation
2020,9,15,0.25 - 0.75,7,95 - 100,97.5,event,HumanObservation
2020,9,15,0.5 - 1.0,6,75 - 95,85,event,HumanObservation
2020,9,15,0.75 - 1.25,5,50 - 75,62.5,event,HumanObservation
2020,9,15,1.0 - 1.5,1,0.1 - 0.99,0.5,event,HumanObservation
2021,1,1,0 - 0.5,6,75 - 95,85,event,HumanObservation
2021,1,1,0.25 - 0.75,3,5 - 25,15,event,HumanObservation
2021,1,1,0.5 - 1.0,1,0.1 - 0.99,0.5,event,HumanObservation
2021,1,5,0 - 0.5,7,95 - 100,97.5,event,HumanObservation
2021,1,5,0.25 - 0.75,3,5 - 25,15,event,HumanObservation
2021,1,5,0.5 - 1.0,1,0.1 - 0.99,0.5,event,HumanObservation
2021,1,15,0 - 0.5,7,95 - 100,97.5,event,HumanObservation
2021,1,15,0.25 - 0.75,6,75 - 95,85,event,HumanObservation
2021,1,15,0.5 - 1.0,2,1 - 5,2.5,event,HumanObservation
2021,1,15,0.75 - 1.25,1,0.1 - 0.99,0.5,event,HumanObservation
2021,1,15,1.0 - 1.5,1,0.1 - 0.99,0.5,event,HumanObservation
2021,2,1,0 - 0.5,6,75 - 95,85,event,HumanObservation
2021,2,1,0.25 - 0.75,3,5 - 25,15,event,HumanObservation
2021,2,1,0.5 - 1.0,1,0.1 - 0.99,0.5,event,HumanObservation
2021,2,1,0.75 - 1.25,1,0.1 - 0.99,0.5,event,HumanObservation
2021,2,5,0 - 0.5,7,95 - 100,97.5,event,HumanObservation
2021,2,5,0.25 - 0.75,4,25 - 50,37.5,event,HumanObservation
2021,2,5,0.5 - 1.0,2,1 - 5,2.5,event,HumanObservation
2021,2,5,0.75 - 1.25,1,0.1 - 0.99,0.5,event,HumanObservation
2021,2,15,0 - 0.5,7,95 - 100,97.5,event,HumanObservation
2021,2,15,0.25 - 0.75,7,95 - 100,97.5,event,HumanObservation
2021,2,15,0.5 - 1.0,5,50 - 75,62.5,event,HumanObservation
2021,2,15,0.75 - 1.25,2,1 - 5,2.5,event,HumanObservation
2021,3,1,0 - 0.5,6,75 - 95,85,event,HumanObservation
2021,3,1,0.25 - 0.75,4,25 - 50,37.5,event,HumanObservation
2021,3,1,0.5 - 1.0,1,0.1 - 0.99,0.5,event,HumanObservation
2021,3,5,0 - 0.5,6,75 - 95,85,event,HumanObservation
2021,3,5,0.25 - 0.75,5,50 - 75,62.5,event,HumanObservation
2021,3,5,0.5 - 1.0,3,5 - 25,15,event,HumanObservation
2021,3,5,0.75 - 1.25,1,0.1 - 0.99,0.5,event,HumanObservation
2021,3,15,0 - 0.5,7,95 - 100,97.5,event,HumanObservation
2021,3,15,0.25 - 0.75,7,95 - 100,97.5,event,HumanObservation
2021,3,15,0.5 - 1.0,6,75 - 95,85,event,HumanObservation
2021,3,15,0.75 - 1.25,3,5 - 25,15,event,HumanObservation
2021,4,1,0 - 0.5,6,75 - 95,85,event,HumanObservation
2021,4,1,0.25 - 0.75,3,5 - 25,15,event,HumanObservation
2021,4,5,0 - 0.5,7,95 - 100,97.5,event,HumanObservation
2021,4,5,0.25 - 0.75,4,25 - 50,37.5,event,HumanObservation
2021,4,5,0.5 - 1.0,2,1 - 5,2.5,event,HumanObservation
2021,4,5,0.75 - 1.25,1,0.1 - 0.99,0.5,event,HumanObservation
2021,4,15,0 - 0.5,7,95 - 100,97.5,event,HumanObservation
2021,4,15,0.25 - 0.75,6,75 - 95,85,event,HumanObservation
2021,4,15,0.5 - 1.0,3,5 - 25,15,event,HumanObservation
2021,4,15,0.75 - 1.25,1,0.1 - 0.99,0.5,event,HumanObservation
2021,4,15,1.0 - 1.5,1,0.1 - 0.99,0.5,event,HumanObservation
2021,7,1,0 - 0.5,6,75 - 95,85,event,HumanObservation
2021,7,1,0.25 - 0.75,3,5 - 25,15,event,HumanObservation
2021,7,1,0.5 - 1.0,1,0.1 - 0.99,0.5,event,HumanObservation
2021,7,5,0 - 0.5,7,95 - 100,97.5,event,HumanObservation
2021,7,5,0.25 - 0.75,5,50 - 75,62.5,event,HumanObservation
2021,7,5,0.5 - 1.0,1,0.1 - 0.99,0.5,event,HumanObservation
2021,7,5,0.75 - 1.25,1,0.1 - 0.99,0.5,event,HumanObservation
2021,7,15,0 - 0.5,7,95 - 100,97.5,event,HumanObservation
2021,7,15,0.25 - 0.75,6,75 - 95,85,event,HumanObservation
2021,7,15,0.5 - 1.0,3,5 - 25,15,event,HumanObservation
2021,7,15,0.75 - 1.25,1,0.1 - 0.99,0.5,event,HumanObservation
2021,7,15,1.0 - 1.5,1,0.1 - 0.99,0.5,event,HumanObservation
2021,8,1,0 - 0.5,6,75 - 95,85,event,HumanObservation
2021,8,1,0.25 - 0.75,3,5 - 25,15,event,HumanObservation
2021,8,1,0.5 - 1.0,1,0.1 - 0.99,0.5,event,HumanObservation
2021,8,1,0.75 - 1.25,1,0.1 - 0.99,0.5,event,HumanObservation
2021,8,5,0 - 0.5,7,95 - 100,97.5,event,HumanObservation
2021,8,5,0.25 - 0.75,3,5 - 25,15,event,HumanObservation
2021,8,5,0.5 - 1.0,1,0.1 - 0.99,0.5,event,HumanObservation
2021,8,5,0.75 - 1.25,1,0.1 - 0.99,0.5,event,HumanObservation
2021,8,15,0 - 0.5,7,95 - 100,97.5,event,HumanObservation
2021,8,15,0.25 - 0.75,5,50 - 75,62.5,event,HumanObservation
2021,8,15,0.5 - 1.0,3,5 - 25,15,event,HumanObservation
2021,8,15,0.75 - 1.25,1,0.1 - 0.99,0.5,event,HumanObservation
2021,8,15,1.0 - 1.5,1,0.1 - 0.99,0.5,event,HumanObservation
2021,9,1,0 - 0.5,6,75 - 95,85,event,HumanObservation
2021,9,1,0.25 - 0.75,4,25 - 50,37.5,event,HumanObservation
2021,9,1,0.5 - 1.0,2,1 - 5,2.5,event,HumanObservation
2021,9,1,0.75 - 1.25,1,0.1 - 0.99,0.5,event,HumanObservation
2021,9,1,1.0 - 1.5,1,0.1 - 0.99,0.5,event,HumanObservation
2021,9,5,0 - 0.5,7,95 - 100,97.5,event,HumanObservation
2021,9,5,0.25 - 0.75,6,75 - 95,85,event,HumanObservation
2021,9,5,0.5 - 1.0,5,50 - 75,62.5,event,HumanObservation
2021,9,5,0.75 - 1.25,2,1 - 5,2.5,event,HumanObservation
2021,9,5,1.0 - 1.5,1,0.1 - 0.99,0.5,event,HumanObservation
2021,9,5,1.25 - 1.75,1,0.1 - 0.99,0.5,event,HumanObservation
2021,9,15,0 - 0.5,7,95 - 100,97.5,event,HumanObservation
2021,9,15,0.25 - 0.75,6,75 - 95,85,event,HumanObservation
2021,9,15,0.5 - 1.0,5,50 - 75,62.5,event,HumanObservation
2021,9,15,0.75 - 1.25,5,50 - 75,62.5,event,HumanObservation
2021,9,15,1.0 - 1.5,2,1 - 5,2.5,event,HumanObservation
2021,9,15,1.25 - 1.75,1,0.1 - 0.99,0.5,event,HumanObservation
2022,1,1,0 - 0.5,7,95 - 100,97.5,event,HumanObservation
2022,1,1,0.25 - 0.75,6,75 - 95,85,event,HumanObservation
2022,1,1,0.5 - 1.0,3,5 - 25,15,event,HumanObservation
2022,1,1,0.75 - 1.25,1,0.1 - 0.99,0.5,event,HumanObservation
2022,1,5,0 - 0.5,7,95 - 100,97.5,event,HumanObservation
2022,1,5,0.25 - 0.75,4,25 - 50,37.5,event,HumanObservation
2022,1,5,0.5 - 1.0,2,1 - 5,2.5,event,HumanObservation
2022,1,15,0 - 0.5,7,95 - 100,97.5,event,HumanObservation
2022,1,15,0.25 - 0.75,7,95 - 100,97.5,event,HumanObservation
2022,1,15,0.5 - 1.0,5,50 - 75,62.5,event,HumanObservation
2022,1,15,0.75 - 1.25,2,1 - 5,2.5,event,HumanObservation
2022,2,1,0 - 0.5,7,95 - 100,97.5,event,HumanObservation
2022,2,1,0.25 - 0.75,6,75 - 95,85,event,HumanObservation
2022,2,1,0.5 - 1.0,1,0.1 - 0.99,0.5,event,HumanObservation
2022,2,5,0 - 0.5,7,95 - 100,97.5,event,HumanObservation
2022,2,5,0.25 - 0.75,5,50 - 75,62.5,event,HumanObservation
2022,2,5,0.5 - 1.0,2,1 - 5,2.5,event,HumanObservation
2022,2,5,0.75 - 1.25,1,0.1 - 0.99,0.5,event,HumanObservation
2022,2,15,0 - 0.5,7,95 - 100,97.5,event,HumanObservation
2022,2,15,0.25 - 0.75,7,95 - 100,97.5,event,HumanObservation
2022,2,15,0.5 - 1.0,6,75 - 95,85,event,HumanObservation
2022,2,15,0.75 - 1.25,2,1 - 5,2.5,event,HumanObservation
2022,2,15,1.0 - 1.5,1,0.1 - 0.99,0.5,event,HumanObservation
2022,3,1,0 - 0.5,6,75 - 95,85,event,HumanObservation
2022,3,1,0.25 - 0.75,4,25 - 50,37.5,event,HumanObservation
2022,3,1,0.5 - 1.0,2,1 - 5,2.5,event,HumanObservation
2022,3,1,0.75 - 1.25,1,0.1 - 0.99,0.5,event,HumanObservation
2022,3,1,1.0 - 1.5,1,0.1 - 0.99,0.5,event,HumanObservation
2022,3,5,0 - 0.5,6,75 - 95,85,event,HumanObservation
2022,3,5,0.25 - 0.75,5,50 - 75,62.5,event,HumanObservation
2022,3,5,0.5 - 1.0,2,1 - 5,2.5,event,HumanObservation
2022,3,5,0.75 - 1.25,1,0.1 - 0.99,0.5,event,HumanObservation
2022,3,5,1.0 - 1.5,1,0.1 - 0.99,0.5,event,HumanObservation
2022,3,15,0 - 0.5,7,95 - 100,97.5,event,HumanObservation
2022,3,15,0.25 - 0.75,6,75 - 95,85,event,HumanObservation
2022,3,15,0.5 - 1.0,5,50 - 75,62.5,event,HumanObservation
2022,3,15,0.75 - 1.25,1,0.1 - 0.99,0.5,event,HumanObservation
2022,3,15,1.0 - 1.5,1,0.1 - 0.99,0.5,event,HumanObservation
2022,4,1,0 - 0.5,7,95 - 100,97.5,event,HumanObservation
2022,4,1,0.25 - 0.75,6,75 - 95,85,event,HumanObservation
2022,4,1,0.5 - 1.0,3,5 - 25,15,event,HumanObservation
2022,4,1,0.75 - 1.25,1,0.1 - 0.99,0.5,event,HumanObservation
2022,4,5,0 - 0.5,7,95 - 100,97.5,event,HumanObservation
2022,4,5,0.25 - 0.75,5,50 - 75,62.5,event,HumanObservation
2022,4,5,0.5 - 1.0,3,5 - 25,15,event,HumanObservation
2022,4,5,0.75 - 1.25,1,0.1 - 0.99,0.5,event,HumanObservation
2022,4,15,0 - 0.5,7,95 - 100,97.5,event,HumanObservation
2022,4,15,0.25 - 0.75,5,50 - 75,62.5,event,HumanObservation
2022,4,15,0.5 - 1.0,2,1 - 5,2.5,event,HumanObservation
2022,4,15,0.75 - 1.25,1,0.1 - 0.99,0.5,event,HumanObservation
2022,5,1,0 - 0.5,7,95 - 100,97.5,event,HumanObservation
2022,5,1,0.25 - 0.75,6,75 - 95,85,event,HumanObservation
2022,5,1,0.5 - 1.0,3,5 - 25,15,event,HumanObservation
2022,5,1,0.75 - 1.25,1,0.1 - 0.99,0.5,event,HumanObservation
2022,5,5,0 - 0.5,7,95 - 100,97.5,event,HumanObservation
2022,5,5,0.25 - 0.75,6,75 - 95,85,event,HumanObservation
2022,5,5,0.5 - 1.0,3,5 - 25,15,event,HumanObservation
2022,5,5,0.75 - 1.25,1,0.1 - 0.99,0.5,event,HumanObservation
2022,5,15,0 - 0.5,7,95 - 100,97.5,event,HumanObservation
2022,5,15,0.25 - 0.75,7,95 - 100,97.5,event,HumanObservation
2022,5,15,0.5 - 1.0,5,50 - 75,62.5,event,HumanObservation
2022,5,15,0.75 - 1.25,5,50 - 75,62.5,event,HumanObservation
2022,5,15,1.0 - 1.5,5,50 - 75,62.5,event,HumanObservation
2022,5,15,1.25 - 1.75,5,50 - 75,62.5,event,HumanObservation
2022,5,15,1.5 - 2.0,4,25 - 50,37.5,event,HumanObservation
2022,6,1,0 - 0.5,7,95 - 100,97.5,event,HumanObservation
2022,6,1,0.25 - 0.75,4,25 - 50,37.5,event,HumanObservation
2022,6,1,0.5 - 1.0,2,1 - 5,2.5,event,HumanObservation
2022,6,1,0.75 - 1.25,1,0.1 - 0.99,0.5,event,HumanObservation
2022,6,5,0 - 0.5,7,95 - 100,97.5,event,HumanObservation
2022,6,5,0.25 - 0.75,7,95 - 100,97.5,event,HumanObservation
2022,6,5,0.5 - 1.0,4,25 - 50,37.5,event,HumanObservation
2022,6,5,0.75 - 1.25,2,1 - 5,2.5,event,HumanObservation
2022,6,15,0 - 0.5,7,95 - 100,97.5,event,HumanObservation
2022,6,15,0.25 - 0.75,4,25 - 50,37.5,event,HumanObservation
2022,6,15,0.5 - 1.0,3,5 - 25,15,event,HumanObservation
2022,6,15,0.75 - 1.25,1,0.1 - 0.99,0.5,event,HumanObservation
2022,7,1,0 - 0.5,7,95 - 100,97.5,event,HumanObservation
2022,7,1,0.25 - 0.75,5,50 - 75,62.5,event,HumanObservation
2022,7,1,0.5 - 1.0,2,1 - 5,2.5,event,HumanObservation
2022,7,1,0.75 - 1.25,1,0.1 - 0.99,0.5,event,HumanObservation
2022,7,5,0 - 0.5,7,95 - 100,97.5,event,HumanObservation
2022,7,5,0.25 - 0.75,5,50 - 75,62.5,event,HumanObservation
2022,7,5,0.5 - 1.0,2,1 - 5,2.5,event,HumanObservation
2022,7,5,0.75 - 1.25,1,0.1 - 0.99,0.5,event,HumanObservation
2022,7,15,0 - 0.5,7,95 - 100,97.5,event,HumanObservation
2022,7,15,0.25 - 0.75,6,75 - 95,85,event,HumanObservation
2022,7,15,0.5 - 1.0,2,1 - 5,2.5,event,HumanObservation
2022,7,15,0.75 - 1.25,1,0.1 - 0.99,0.5,event,HumanObservation
2022,7,15,1.0 - 1.5,1,0.1 - 0.99,0.5,event,HumanObservation
2022,8,1,0 - 0.5,7,95 - 100,97.5,event,HumanObservation
2022,8,1,0.25 - 0.75,5,50 - 75,62.5,event,HumanObservation
2022,8,1,0.5 - 1.0,1,0.1 - 0.99,0.5,event,HumanObservation
2022,8,5,0 - 0.5,7,95 - 100,97.5,event,HumanObservation
2022,8,5,0.25 - 0.75,6,75 - 95,85,event,HumanObservation
2022,8,5,0.5 - 1.0,2,1 - 5,2.5,event,HumanObservation
2022,8,5,0.75 - 1.25,1,0.1 - 0.99,0.5,event,HumanObservation
2022,8,15,0 - 0.5,7,95 - 100,97.5,event,HumanObservation
2022,8,15,0.25 - 0.75,6,75 - 95,85,event,HumanObservation
2022,8,15,0.5 - 1.0,5,50 - 75,62.5,event,HumanObservation
2022,8,15,0.75 - 1.25,1,0.1 - 0.99,0.5,event,HumanObservation
2022,8,15,1.0 - 1.5,1,0.1 - 0.99,0.5,event,HumanObservation
2022,9,1,0 - 0.5,7,95 - 100,97.5,event,HumanObservation
2022,9,1,0.25 - 0.75,5,50 - 75,62.5,event,HumanObservation
2022,9,1,0.5 - 1.0,2,1 - 5,2.5,event,HumanObservation
2022,9,1,0.75 - 1.25,1,0.1 - 0.99,0.5,event,HumanObservation
2022,9,5,0 - 0.5,7,95 - 100,97.5,event,HumanObservation
2022,9,5,0.25 - 0.75,6,75 - 95,85,event,HumanObservation
2022,9,5,0.5 - 1.0,2,1 - 5,2.5,event,HumanObservation
2022,9,5,0.75 - 1.25,1,0.1 - 0.99,0.5,event,HumanObservation
2022,9,5,1.0 - 1.5,1,0.1 - 0.99,0.5,event,HumanObservation
2022,9,15,0 - 0.5,7,95 - 100,97.5,event,HumanObservation
2022,9,15,0.25 - 0.75,7,95 - 100,97.5,event,HumanObservation
2022,9,15,0.5 - 1.0,2,1 - 5,2.5,event,HumanObservation
2022,9,15,0.75 - 1.25,2,1 - 5,2.5,event,HumanObservation
2022,9,15,1.0 - 1.5,1,0.1 - 0.99,0.5,event,HumanObservation
