TaxonCode,TSN,Taxon,Phylum,Class,Order,Family,Subfamily,Genus,ToleranceValue,FunctionalFeedingGroupCode,FunctionalFeedingGroupDesc
BAETAN,-999,Anafroptilum,Arthropoda,Insecta,Ephemeroptera,Baetidae,,Anafroptilum,6.3,C,Collectors
BAETAN,-999,Anafroptilum,Arthropoda,Insecta,Ephemeroptera,Baetidae,,Anafroptilum,6.3,Sc,Scrapers
CRANBS,-999,Crangonyctidae,Arthropoda,Malacostraca,Amphipoda,Crangonyctidae,,(Stygobromus/Bactrurus),,C,Collectors
GOMPPH,-999,Phanogomphus,Arthropoda,Insecta,Odonata,Gomphidae,,Phanogomphus,,Pr,Predators
HYDPHL,-999,Hydrophilidae,Arthropoda,Insecta,Coleoptera,Hydrophilidae,,Hydrobius/Limnohydrobius,,C,Collectors
HYDPHL,-999,Hydrophilidae,Arthropoda,Insecta,Coleoptera,Hydrophilidae,,Hydrobius/Limnohydrobius,,Pr,Predators
LIMO,-999,Limoniidae,Arthropoda,Insecta,Diptera,Limoniidae,,,,Sh,Shredders
LIMOGIE,-999,Limoniidae,Arthropoda,Insecta,Diptera,Limoniidae,,Gonomyia/Idiocera/Ellipteroides,,C,Collectors
PLAOHP,-999,Planorbidae,Mollusca,Gastropoda,,Planorbidae,,Helisoma/Planorbella,,Sc,Scrapers
PSYCPE,-999,Pericomaini,Arthropoda,Insecta,Diptera,Psychodidae,,Pericomaini,,C,Collectors
PSYCPS,-999,Psychodini,Arthropoda,Insecta,Diptera,Psychodidae,,Psychodini,9.9,C,Collectors
STRAOH,-999,Stratiomyidae,Arthropoda,Insecta,Diptera,Stratiomyidae,,Odontomyia/Hedriodiscus,,Sc,Scrapers
HYDD,50844,Hydridae,Cnidaria,Hydrozoa,Anthoathecata,Hydridae,,,,Pr,Predators
HYDDHY,50845,Hydra,Cnidaria,Hydrozoa,Anthoathecata,Hydridae,,Hydra,5,Pr,Predators
PLANPH,54535,Phagocata,Platyhelminthes,Rhabditophora,Tricladida,Planariidae,,Phagocata,,Pr,Predators
BRAN,69169,Branchiobdellidae,Annelida,Clitellata,Branchiobdellida,Branchiobdellidae,,,6,C,Collectors
HIR,69290,Hirudinida,Annelida,Clitellata,Hirudinida,,,,10,C,Collectors
GLSS,69380,Glossiphoniidae,Annelida,Clitellata,Rhynchobdellida,Glossiphoniidae,,,7,Pr,Predators
ERPO,69438,Erpobdellidae,Annelida,Clitellata,Arhynchobdellida,Erpobdellidae,,,7.8,Pa,Parasites
VIVI,70304,Viviparidae,Mollusca,Gastropoda,Architaenioglossa,Viviparidae,,,6,Sc,Scrapers
HYDR,70493,Hydrobiidae,Mollusca,Gastropoda,Littorinimorpha,Hydrobiidae,,,7,Sc,Scrapers
HYDRPR,70505,Probythinella,Mollusca,Gastropoda,Littorinimorpha,Hydrobiidae,,Probythinella,,Sc,Scrapers
EMMEFO,70605,Fontigens,Mollusca,Gastropoda,Littorinimorpha,Emmericiidae,,Fontigens,,Sc,Scrapers
AMNIAM,70747,Amnicola,Mollusca,Gastropoda,Littorinimorpha,Amnicolidae,,Amnicola,4.8,Sc,Scrapers
PLEU,71541,Pleuroceridae,Mollusca,Gastropoda,Neotaenioglossa,Pleuroceridae,,,,Sc,Scrapers
PLEUPL,71549,Pleurocera,Mollusca,Gastropoda,,Pleuroceridae,,Pleurocera,3.7,Sc,Scrapers
PLEUEL,71654,Elimia,Mollusca,Gastropoda,,Pleuroceridae,,Elimia,2.5,Sc,Scrapers
LYMN,76483,Lymnaeidae,Mollusca,Gastropoda,,Lymnaeidae,,,6,Sc,Scrapers
LYMNGA,76497,Galba,Mollusca,Gastropoda,,Lymnaeidae,,Galba,6,Sc,Scrapers
LYMNPS,76528,Pseudosuccinea,Mollusca,Gastropoda,,Lymnaeidae,,Pseudosuccinea,7.2,Sc,Scrapers
PLAOFE,76569,Ferrissia,Mollusca,Gastropoda,,Planorbidae,,Ferrissia,6.9,Sc,Scrapers
PLAO,76591,Planorbidae,Mollusca,Gastropoda,,Planorbidae,,,7,Sc,Scrapers
PLAOGY,76592,Gyraulus,Mollusca,Gastropoda,,Planorbidae,,Gyraulus,8,Sc,Scrapers
PLAOHE,76599,Helisoma,Mollusca,Gastropoda,,Planorbidae,,Helisoma,6,Sc,Scrapers
PLAOME,76626,Menetus,Mollusca,Gastropoda,,Planorbidae,,Menetus,8.4,Sc,Scrapers
PHYSPY,76698,Physella,Mollusca,Gastropoda,,Physidae,,Physella,9.1,Sc,Scrapers
BIVAL,79118,Bivalvia,Mollusca,Bivalvia,,,,,8,F,Filterers
UNIO,79913,Unionidae,Mollusca,Bivalvia,Unionida,Unionidae,,,0,F,Filterers
UNIOLA,79986,Lampsilis,Mollusca,Bivalvia,Unionida,Unionidae,,Lampsilis,0,F,Filterers
UNIOCY,80084,Cyclonaias,Mollusca,Bivalvia,Unionida,Unionidae,,Cyclonaias,0,F,Filterers
UNIOST,80150,Strophitus,Mollusca,Bivalvia,Unionida,Unionidae,,Strophitus,0,F,Filterers
CYRECO,81385,Corbicula,Mollusca,Bivalvia,Venerida,Cyrenidae,,Corbicula,6.3,F,Filterers
SPHA,81389,Sphaeriidae,Mollusca,Bivalvia,Veneroida,Sphaeriidae,,,6,F,Filterers
SPHASP,81391,Sphaerium,Mollusca,Bivalvia,Veneroida,Sphaeriidae,,Sphaerium,7.7,F,Filterers
SPHAPI,81400,Pisidium,Mollusca,Bivalvia,Veneroida,Sphaeriidae,,Pisidium,6.8,F,Filterers
TROM,82769,Hydrachnidiae,Arthropoda,Arachnida,Trombidiformes,Hydrachnidiae,,,5.7,Pr,Predators
TROM,82769,Hydrachnidiae,Arthropoda,Arachnida,Trombidiformes,Hydrachnidiae,,,5.7,Pa,Parasites
CLAD,83832,Cladocera,Arthropoda,Branchiopoda,Diplostraca,Cladocera,,,8,F,Filterers
CLAD,83832,Cladocera,Arthropoda,Branchiopoda,Diplostraca,Cladocera,,,8,C,Collectors
ASELLI,92666,Lirceus,Arthropoda,Malacostraca,Isopoda,Asellidae,,Lirceus,7.7,C,Collectors
ASELCA,92686,Caecidotea,Arthropoda,Malacostraca,Isopoda,Asellidae,,Caecidotea,8,C,Collectors
GAMMGA,93773,Gammarus,Arthropoda,Malacostraca,Amphipoda,Gammaridae,,Gammarus,6,C,Collectors
CRANST,93861,Stygobromus,Arthropoda,Malacostraca,Amphipoda,Crangonyctidae,,Stygobromus,,C,Collectors
HYALHY,94025,Hyalella,Arthropoda,Malacostraca,Amphipoda,Hyalellidae,,Hyalella,6.8,C,Collectors
CRANCR,95081,Crangonyx,Arthropoda,Malacostraca,Amphipoda,Crangonyctidae,,Crangonyx,8,C,Collectors
PODUPO,99240,Podura,Arthropoda,Collembola,Poduromorpha,Poduridae,,Podura,,C,Collectors
ENTO,99643,Entomobryidae,Arthropoda,Collembola,Entomobryomorpha,Entomobryidae,,,,C,Collectors
SMIN,100258,Sminthuridae,Arthropoda,Collembola,Symphypleona,Sminthuridae,,,,C,Collectors
HEPT,100504,Heptageniidae,Arthropoda,Insecta,Ephemeroptera,Heptageniidae,,,4,F,Filterers
HEPTSE,100507,Stenonema,Arthropoda,Insecta,Ephemeroptera,Heptageniidae,,Stenonema,2.3,Sc,Scrapers
HEPTSE,100507,Stenonema,Arthropoda,Insecta,Ephemeroptera,Heptageniidae,,Stenonema,2.3,C,Collectors
HEPTRH,100572,Rhithrogena,Arthropoda,Insecta,Ephemeroptera,Heptageniidae,,Rhithrogena,0,C,Collectors
HEPTHE,100602,Heptagenia,Arthropoda,Insecta,Ephemeroptera,Heptageniidae,,Heptagenia,2.4,Sc,Scrapers
HEPTHE,100602,Heptagenia,Arthropoda,Insecta,Ephemeroptera,Heptageniidae,,Heptagenia,2.4,C,Collectors
HEPTEP,100626,Epeorus,Arthropoda,Insecta,Ephemeroptera,Heptageniidae,,Epeorus,1.3,C,Collectors
HEPTLE,100676,Leucrocuta,Arthropoda,Insecta,Ephemeroptera,Heptageniidae,,Leucrocuta,1.2,C,Collectors
HEPTLE,100676,Leucrocuta,Arthropoda,Insecta,Ephemeroptera,Heptageniidae,,Leucrocuta,1.2,Sc,Scrapers
HEPTST,100713,Stenacron,Arthropoda,Insecta,Ephemeroptera,Heptageniidae,,Stenacron,7.1,C,Collectors
HEPTMC,100744,Macdunnoa,Arthropoda,Insecta,Ephemeroptera,Heptageniidae,,Macdunnoa,5,C,Collectors
HEPTMC,100744,Macdunnoa,Arthropoda,Insecta,Ephemeroptera,Heptageniidae,,Macdunnoa,5,Sc,Scrapers
BAET,100775,Baetidae,Arthropoda,Insecta,Ephemeroptera,Baetidae,,,4,C,Collectors
BAETHE,100794,Heterocloeon,Arthropoda,Insecta,Ephemeroptera,Baetidae,,Heterocloeon,3.6,Sc,Scrapers
BAETBA,100800,Baetis,Arthropoda,Insecta,Ephemeroptera,Baetidae,,Baetis,2.8,C,Collectors
BAETAC,100801,Acentrella,Arthropoda,Insecta,Ephemeroptera,Baetidae,,Acentrella,3.6,C,Collectors
BAETPA,100899,Paracloeodes,Arthropoda,Insecta,Ephemeroptera,Baetidae,,Paracloeodes,8.7,Sc,Scrapers
BAETCA,100903,Callibaetis,Arthropoda,Insecta,Ephemeroptera,Baetidae,,Callibaetis,5.6,C,Collectors
SIPHSI,100953,Siphlonurus,Arthropoda,Insecta,Ephemeroptera,Siphlonuridae,,Siphlonurus,2.6,C,Collectors
SIPHSI,100953,Siphlonurus,Arthropoda,Insecta,Ephemeroptera,Siphlonuridae,,Siphlonurus,2.6,Sc,Scrapers
AMELAM,100996,Ameletus,Arthropoda,Insecta,Ephemeroptera,Ameletidae,,Ameletus,2.1,Sc,Scrapers
AMELAM,100996,Ameletus,Arthropoda,Insecta,Ephemeroptera,Ameletidae,,Ameletus,2.1,C,Collectors
ISONIS,101041,Isonychia,Arthropoda,Insecta,Ephemeroptera,Isonychiidae,,Isonychia,3.8,F,Filterers
LEPTHA,101122,Habrophlebiodes,Arthropoda,Insecta,Ephemeroptera,Leptophlebiidae,,Habrophlebiodes,0,C,Collectors
LEPTHA,101122,Habrophlebiodes,Arthropoda,Insecta,Ephemeroptera,Leptophlebiidae,,Habrophlebiodes,0,Sc,Scrapers
LEPTLE,101148,Leptophlebia,Arthropoda,Insecta,Ephemeroptera,Leptophlebiidae,,Leptophlebia,6.4,C,Collectors
LEPTPA,101187,Paraleptophlebia,Arthropoda,Insecta,Ephemeroptera,Leptophlebiidae,,Paraleptophlebia,1.2,Sh,Shredders
LEPTPA,101187,Paraleptophlebia,Arthropoda,Insecta,Ephemeroptera,Leptophlebiidae,,Paraleptophlebia,1.2,C,Collectors
EPHE,101232,Ephemerellidae,Arthropoda,Insecta,Ephemeroptera,Ephemerellidae,,,1,C,Collectors
EPHE,101232,Ephemerellidae,Arthropoda,Insecta,Ephemeroptera,Ephemerellidae,,,1,Sc,Scrapers
EPHEEP,101233,Ephemerella,Arthropoda,Insecta,Ephemeroptera,Ephemerellidae,,Ephemerella,2.9,C,Collectors
EPHEEP,101233,Ephemerella,Arthropoda,Insecta,Ephemeroptera,Ephemerellidae,,Ephemerella,2.9,Sc,Scrapers
EPHEEU,101324,Eurylophella,Arthropoda,Insecta,Ephemeroptera,Ephemerellidae,,Eurylophella,2.1,C,Collectors
EPHEAT,101338,Attenella,Arthropoda,Insecta,Ephemeroptera,Ephemerellidae,,Attenella,2.6,C,Collectors
EPHESE,101395,Serratella,Arthropoda,Insecta,Ephemeroptera,Ephemerellidae,,Serratella,2.1,C,Collectors
LEPTTR,101405,Tricorythodes,Arthropoda,Insecta,Ephemeroptera,Leptohyphidae,,Tricorythodes,5.4,C,Collectors
CAENCA,101478,Caenis,Arthropoda,Insecta,Ephemeroptera,Caenidae,,Caenis,7.6,C,Collectors
CAENCA,101478,Caenis,Arthropoda,Insecta,Ephemeroptera,Caenidae,,Caenis,7.6,Sc,Scrapers
BATCBA,101494,Baetisca,Arthropoda,Insecta,Ephemeroptera,Baetiscidae,,Baetisca,1.4,Sc,Scrapers
BATCBA,101494,Baetisca,Arthropoda,Insecta,Ephemeroptera,Baetiscidae,,Baetisca,1.4,C,Collectors
EPHEEH,101526,Ephemera,Arthropoda,Insecta,Ephemeroptera,Ephemeridae,,Ephemera,1.1,C,Collectors
EPHEEH,101526,Ephemera,Arthropoda,Insecta,Ephemeroptera,Ephemeridae,,Ephemera,1.1,Pr,Predators
EPHEHE,101537,Hexagenia,Arthropoda,Insecta,Ephemeroptera,Ephemeridae,,Hexagenia,4.7,C,Collectors
ODON,101593,Odonata,Arthropoda,Insecta,Odonata,,,,,Pr,Predators
AESHBO,101645,Boyeria,Arthropoda,Insecta,Odonata,Aeshnidae,,Boyeria,6.3,Pr,Predators
GOMP,101664,Gomphidae,Arthropoda,Insecta,Odonata,Gomphidae,,,5.3,Pr,Predators
GOMPDR,101730,Dromogomphus,Arthropoda,Insecta,Odonata,Gomphidae,,Dromogomphus,6.3,Pr,Predators
GOMPHA,101734,Hagenius,Arthropoda,Insecta,Odonata,Gomphidae,,Hagenius,4,Pr,Predators
GOMPOP,101738,Ophiogomphus,Arthropoda,Insecta,Odonata,Gomphidae,,Ophiogomphus,6.2,Pr,Predators
GOMPST,101761,Stylogomphus,Arthropoda,Insecta,Odonata,Gomphidae,,Stylogomphus,4.8,Pr,Predators
GOMPGM,101777,Gomphurus,Arthropoda,Insecta,Odonata,Gomphidae,,Gomphurus,6.2,Pr,Predators
LIBE,101797,Libellulidae,Arthropoda,Insecta,Odonata,Libellulidae,,,9,Pr,Predators
LIBELI,101893,Libellula,Arthropoda,Insecta,Odonata,Libellulidae,,Libellula,9.8,Pr,Predators
MACRMA,101918,Macromia,Arthropoda,Insecta,Odonata,Macromiidae,,Macromia,6.7,Pr,Predators
CALOHE,102048,Hetaerina,Arthropoda,Insecta,Odonata,Calopterygidae,,Hetaerina,6.2,Pr,Predators
CALOCA,102052,Calopteryx,Arthropoda,Insecta,Odonata,Calopterygidae,,Calopteryx,8.3,Pr,Predators
LESTLE,102061,Lestes,Arthropoda,Insecta,Odonata,Lestidae,,Lestes,6,Pr,Predators
COEN,102077,Coenagrionidae,Arthropoda,Insecta,Odonata,Coenagrionidae,,,6.1,Pr,Predators
COENIS,102078,Ischnura,Arthropoda,Insecta,Odonata,Coenagrionidae,,Ischnura,9.4,Pr,Predators
COENEN,102102,Enallagma,Arthropoda,Insecta,Odonata,Coenagrionidae,,Enallagma,9,Pr,Predators
COENAR,102139,Argia,Arthropoda,Insecta,Odonata,Coenagrionidae,,Argia,5.1,Pr,Predators
PTERPT,102471,Pteronarcys,Arthropoda,Insecta,Plecoptera,Pteronarcyidae,,Pteronarcys,1.7,Sh,Shredders
NEMO,102517,Nemouridae,Arthropoda,Insecta,Plecoptera,Nemouridae,,,2,Sh,Shredders
NEMO,102517,Nemouridae,Arthropoda,Insecta,Plecoptera,Nemouridae,,,2,Sc,Scrapers
NEMOAM,102540,Amphinemura,Arthropoda,Insecta,Plecoptera,Nemouridae,,Amphinemura,3.4,Sh,Shredders
NEMOPR,102584,Prostoia,Arthropoda,Insecta,Plecoptera,Nemouridae,,Prostoia,6.1,Sh,Shredders
NEMOPR,102584,Prostoia,Arthropoda,Insecta,Plecoptera,Nemouridae,,Prostoia,6.1,Sc,Scrapers
CAPNAL,102644,Allocapnia,Arthropoda,Insecta,Plecoptera,Capniidae,,Allocapnia,2.8,Sh,Shredders
TAEN,102788,Taeniopterygidae,Arthropoda,Insecta,Plecoptera,Taeniopterygidae,,,2,C,Collectors
TAEN,102788,Taeniopterygidae,Arthropoda,Insecta,Plecoptera,Taeniopterygidae,,,2,Sh,Shredders
TAENTA,102789,Taeniopteryx,Arthropoda,Insecta,Plecoptera,Taeniopterygidae,,Taeniopteryx,2,C,Collectors
TAENTA,102789,Taeniopteryx,Arthropoda,Insecta,Plecoptera,Taeniopterygidae,,Taeniopteryx,2,Sh,Shredders
CAPNPA,102804,Paracapnia,Arthropoda,Insecta,Plecoptera,Capniidae,,Paracapnia,0.2,Sh,Shredders
TAENST,102808,Strophopteryx,Arthropoda,Insecta,Plecoptera,Taeniopterygidae,,Strophopteryx,2.5,Sh,Shredders
LEUC,102840,Leuctridae,Arthropoda,Insecta,Plecoptera,Leuctridae,,,0,Sh,Shredders
LEUCLE,102844,Leuctra,Arthropoda,Insecta,Plecoptera,Leuctridae,,Leuctra,0.7,Sh,Shredders
LEUCZE,102900,Zealeuctra,Arthropoda,Insecta,Plecoptera,Leuctridae,,Zealeuctra,0,Sh,Shredders
PERL,102914,Perlidae,Arthropoda,Insecta,Plecoptera,Perlidae,,,1,C,Collectors
PERL,102914,Perlidae,Arthropoda,Insecta,Plecoptera,Perlidae,,,1,Pr,Predators
PERLAC,102917,Acroneuria,Arthropoda,Insecta,Plecoptera,Perlidae,,Acroneuria,1.5,Pr,Predators
PERLNE,102942,Neoperla,Arthropoda,Insecta,Plecoptera,Perlidae,,Neoperla,1.6,Pr,Predators
PERLPA,102962,Paragnetina,Arthropoda,Insecta,Plecoptera,Perlidae,,Paragnetina,1.8,Pr,Predators
PERLAG,102975,Agnetina,Arthropoda,Insecta,Plecoptera,Perlidae,,Agnetina,0,Pr,Predators
PERO,102994,Perlodidae,Arthropoda,Insecta,Plecoptera,Perlodidae,,,2,Pr,Predators
PEROIS,102995,Isoperla,Arthropoda,Insecta,Plecoptera,Perlodidae,,Isoperla,3.2,Pr,Predators
PEROIS,102995,Isoperla,Arthropoda,Insecta,Plecoptera,Perlodidae,,Isoperla,3.2,C,Collectors
PEROHE,103084,Helopicus,Arthropoda,Insecta,Plecoptera,Perlodidae,,Helopicus,0.4,Pr,Predators
PEROHY,103106,Hydroperla,Arthropoda,Insecta,Plecoptera,Perlodidae,,Hydroperla,2.75,Pr,Predators
PEROCL,103118,Clioperla,Arthropoda,Insecta,Plecoptera,Perlodidae,,Clioperla,4.8,Pr,Predators
CHLO,103202,Chloroperlidae,Arthropoda,Insecta,Plecoptera,Chloroperlidae,,,1,C,Collectors
CHLO,103202,Chloroperlidae,Arthropoda,Insecta,Plecoptera,Chloroperlidae,,,1,Pr,Predators
CHLOAL,103203,Alloperla,Arthropoda,Insecta,Plecoptera,Chloroperlidae,,Alloperla,1.4,Pr,Predators
PERLPR,103244,Perlinella,Arthropoda,Insecta,Plecoptera,Perlidae,,Perlinella,0,Pr,Predators
PERLPE,103251,Perlesta,Arthropoda,Insecta,Plecoptera,Perlidae,,Perlesta,0,Pr,Predators
PERLPE,103251,Perlesta,Arthropoda,Insecta,Plecoptera,Perlidae,,Perlesta,0,C,Collectors
CHLOHA,103260,Haploperla,Arthropoda,Insecta,Plecoptera,Chloroperlidae,,Haploperla,1.3,Pr,Predators
CHLOHA,103260,Haploperla,Arthropoda,Insecta,Plecoptera,Chloroperlidae,,Haploperla,1.3,C,Collectors
HEMI,103359,Hemiptera,Arthropoda,Insecta,Hemiptera,,,,,Pr,Predators
CORI,103364,Corixidae,Arthropoda,Insecta,Hemiptera,Corixidae,,,9,He,Herbivores
CORI,103364,Corixidae,Arthropoda,Insecta,Hemiptera,Corixidae,,,9,Pr,Predators
CORISI,103369,Sigara,Arthropoda,Insecta,Hemiptera,Corixidae,,Sigara,9,Pr,Predators
CORITR,103423,Trichocorixa,Arthropoda,Insecta,Hemiptera,Corixidae,,Trichocorixa,5,Pr,Predators
CORIPA,103491,Palmacorixa,Arthropoda,Insecta,Hemiptera,Corixidae,,Palmacorixa,5,Pr,Predators
GERR,103801,Gerridae,Arthropoda,Insecta,Hemiptera,Gerridae,,,5,Pr,Predators
GERRRH,103802,Rheumatobates,Arthropoda,Insecta,Hemiptera,Gerridae,,Rheumatobates,,Pr,Predators
GERRGE,103829,Gerris,Arthropoda,Insecta,Hemiptera,Gerridae,,Gerris,5,Pr,Predators
VELI,103885,Veliidae,Arthropoda,Insecta,Hemiptera,Veliidae,,,7,Pr,Predators
VELIRH,103886,Rhagovelia,Arthropoda,Insecta,Hemiptera,Veliidae,,Rhagovelia,5,Pr,Predators
VELIMI,103900,Microvelia,Arthropoda,Insecta,Hemiptera,Veliidae,,Microvelia,6.4,Pr,Predators
HEBRHE,103965,Hebrus,Arthropoda,Insecta,Hemiptera,Hebridae,,Hebrus,,Pr,Predators
HEBRME,103983,Merragata,Arthropoda,Insecta,Hemiptera,Hebridae,,Merragata,,Pr,Predators
HEBRLI,103986,Lipogomphus,Arthropoda,Insecta,Hemiptera,Hebridae,,Lipogomphus,,Pr,Predators
HALIPE,111923,Peltodytes,Arthropoda,Insecta,Coleoptera,Haliplidae,,Peltodytes,8.5,He,Herbivores
HALIPE,111923,Peltodytes,Arthropoda,Insecta,Coleoptera,Haliplidae,,Peltodytes,8.5,C,Collectors
DYTIAG,111966,Agabus,Arthropoda,Insecta,Coleoptera,Dytiscidae,,Agabus,5,Pr,Predators
DYTIHG,112200,Hygrotus,Arthropoda,Insecta,Coleoptera,Dytiscidae,,Hygrotus,,Pr,Predators
GYRIDI,112711,Dineutus,Arthropoda,Insecta,Coleoptera,Gyrinidae,,Dineutus,5.5,Pr,Predators
HYDNHY,112757,Hydraena,Arthropoda,Insecta,Coleoptera,Hydraenidae,,Hydraena,6,Sc,Scrapers
HYDNHY,112757,Hydraena,Arthropoda,Insecta,Coleoptera,Hydraenidae,,Hydraena,6,C,Collectors
HYDPBE,112812,Berosus,Arthropoda,Insecta,Coleoptera,Hydrophilidae,,Berosus,8.6,He,Herbivores
HYDPBE,112812,Berosus,Arthropoda,Insecta,Coleoptera,Hydrophilidae,,Berosus,8.6,C,Collectors
HYDPTR,112938,Tropisternus,Arthropoda,Insecta,Coleoptera,Hydrophilidae,,Tropisternus,9.8,C,Collectors
HYDPTR,112938,Tropisternus,Arthropoda,Insecta,Coleoptera,Hydrophilidae,,Tropisternus,9.8,Pr,Predators
HYDPEN,112973,Enochrus,Arthropoda,Insecta,Coleoptera,Hydrophilidae,,Enochrus,8.5,C,Collectors
HYDPHY,113196,Hydrobius,Arthropoda,Insecta,Coleoptera,Hydrophilidae,,Hydrobius,5,C,Collectors
HYDPHY,113196,Hydrobius,Arthropoda,Insecta,Coleoptera,Hydrophilidae,,Hydrobius,5,Pr,Predators
SCIR,113924,Scirtidae,Arthropoda,Insecta,Coleoptera,Scirtidae,,,5,C,Collectors
SCIR,113924,Scirtidae,Arthropoda,Insecta,Coleoptera,Scirtidae,,,5,Sh,Shredders
SCIR,113924,Scirtidae,Arthropoda,Insecta,Coleoptera,Scirtidae,,,5,He,Herbivores
SCIR,113924,Scirtidae,Arthropoda,Insecta,Coleoptera,Scirtidae,,,5,Sc,Scrapers
SCIRSC,113929,Scirtes,Arthropoda,Insecta,Coleoptera,Scirtidae,,Scirtes,,Sh,Shredders
DRYOHE,114006,Helichus,Arthropoda,Insecta,Coleoptera,Dryopidae,,Helichus,5.4,C,Collectors
DRYOHE,114006,Helichus,Arthropoda,Insecta,Coleoptera,Dryopidae,,Helichus,5.4,Sh,Shredders
PSEPPS,114070,Psephenus,Arthropoda,Insecta,Coleoptera,Psephenidae,,Psephenus,2.5,Sc,Scrapers
PSEPEC,114087,Ectopria,Arthropoda,Insecta,Coleoptera,Psephenidae,,Ectopria,4.3,Sc,Scrapers
ELMI,114093,Elmidae,Arthropoda,Insecta,Coleoptera,Elmidae,,,4,C,Collectors
ELMI,114093,Elmidae,Arthropoda,Insecta,Coleoptera,Elmidae,,,4,Sh,Shredders
ELMI,114093,Elmidae,Arthropoda,Insecta,Coleoptera,Elmidae,,,4,Sc,Scrapers
ELMIST,114095,Stenelmis,Arthropoda,Insecta,Coleoptera,Elmidae,,Stenelmis,5.4,C,Collectors
ELMIST,114095,Stenelmis,Arthropoda,Insecta,Coleoptera,Elmidae,,Stenelmis,5.4,Sc,Scrapers
ELMIDU,114126,Dubiraphia,Arthropoda,Insecta,Coleoptera,Elmidae,,Dubiraphia,6.4,C,Collectors
ELMIMI,114146,Microcylloepus,Arthropoda,Insecta,Coleoptera,Elmidae,,Microcylloepus,2.1,C,Collectors
ELMIOP,114177,Optioservus,Arthropoda,Insecta,Coleoptera,Elmidae,,Optioservus,2.7,C,Collectors
ELMIOP,114177,Optioservus,Arthropoda,Insecta,Coleoptera,Elmidae,,Optioservus,2.7,Sh,Shredders
ELMIAN,114193,Ancyronyx,Arthropoda,Insecta,Coleoptera,Elmidae,,Ancyronyx,6.4,C,Collectors
ELMIAN,114193,Ancyronyx,Arthropoda,Insecta,Coleoptera,Elmidae,,Ancyronyx,6.4,Sc,Scrapers
ELMIMA,114212,Macronychus,Arthropoda,Insecta,Coleoptera,Elmidae,,Macronychus,4.7,C,Collectors
MEGA,115000,Megaloptera,Arthropoda,Insecta,Megaloptera,,,,3.6,Pr,Predators
SIALSI,115002,Sialis,Arthropoda,Insecta,Megaloptera,Sialidae,,Sialis,7.4,Pr,Predators
CORYCH,115024,Chauliodes,Arthropoda,Insecta,Megaloptera,Corydalidae,,Chauliodes,4,Pr,Predators
CORYNI,115028,Nigronia,Arthropoda,Insecta,Megaloptera,Corydalidae,,Nigronia,5.8,Pr,Predators
CORYCO,115033,Corydalus,Arthropoda,Insecta,Megaloptera,Corydalidae,,Corydalus,5.6,Pr,Predators
SISYCL,115086,Climacia,Arthropoda,Insecta,Neuroptera,Sisyridae,,Climacia,6.5,Pr,Predators
SISYSI,115090,Sisyra,Arthropoda,Insecta,Neuroptera,Sisyridae,,Sisyra,,Pr,Predators
RHYARH,115097,Rhyacophila,Arthropoda,Insecta,Trichoptera,Rhyacophilidae,,Rhyacophila,0,Pr,Predators
GLOSPR,115221,Protoptila,Arthropoda,Insecta,Trichoptera,Glossosomatidae,,Protoptila,2.8,Sc,Scrapers
PHILWO,115258,Wormaldia,Arthropoda,Insecta,Trichoptera,Philopotamidae,,Wormaldia,0.4,F,Filterers
PHILCH,115273,Chimarra,Arthropoda,Insecta,Trichoptera,Philopotamidae,,Chimarra,2.8,F,Filterers
PSYHPS,115335,Psychomyia,Arthropoda,Insecta,Trichoptera,Psychomyiidae,,Psychomyia,2.6,C,Collectors
PSYHPS,115335,Psychomyia,Arthropoda,Insecta,Trichoptera,Psychomyiidae,,Psychomyia,2.6,Sc,Scrapers
POLYCE,115373,Cernotina,Arthropoda,Insecta,Trichoptera,Polycentropodidae,,Cernotina,1.2,Pr,Predators
PSYHPA,115388,Paduniella,Arthropoda,Insecta,Trichoptera,Psychomyiidae,,Paduniella,0,C,Collectors
PSYHPA,115388,Paduniella,Arthropoda,Insecta,Trichoptera,Psychomyiidae,,Paduniella,0,Sc,Scrapers
PSYHLYD,115391,Lype,Arthropoda,Insecta,Trichoptera,Psychomyiidae,,Lype,4.3,C,Collectors
HYDSDI,115399,Diplectrona,Arthropoda,Insecta,Trichoptera,Hydropsychidae,,Diplectrona,2.2,F,Filterers
HYDSCH,115408,Cheumatopsyche,Arthropoda,Insecta,Trichoptera,Hydropsychidae,,Cheumatopsyche,6.6,F,Filterers
HYDSHY,115453,Hydropsyche,Arthropoda,Insecta,Trichoptera,Hydropsychidae,,Hydropsyche,8.1,F,Filterers
HYDSPO,115551,Potamyia,Arthropoda,Insecta,Trichoptera,Hydropsychidae,,Potamyia,2.5,F,Filterers
HYDTHY,115641,Hydroptila,Arthropoda,Insecta,Trichoptera,Hydroptilidae,,Hydroptila,6.2,He,Herbivores
HYDTHY,115641,Hydroptila,Arthropoda,Insecta,Trichoptera,Hydroptilidae,,Hydroptila,6.2,Sc,Scrapers
HYDTOC,115714,Ochrotrichia,Arthropoda,Insecta,Trichoptera,Hydroptilidae,,Ochrotrichia,7.2,C,Collectors
HYDTOC,115714,Ochrotrichia,Arthropoda,Insecta,Trichoptera,Hydroptilidae,,Ochrotrichia,7.2,He,Herbivores
HYDTOX,115779,Oxyethira,Arthropoda,Insecta,Trichoptera,Hydroptilidae,,Oxyethira,5.2,He,Herbivores
HYDTOX,115779,Oxyethira,Arthropoda,Insecta,Trichoptera,Hydroptilidae,,Oxyethira,5.2,C,Collectors
HYDTST,115817,Stactobiella,Arthropoda,Insecta,Trichoptera,Hydroptilidae,,Stactobiella,2.75,Sh,Shredders
HYDTIT,115823,Ithytrichia,Arthropoda,Insecta,Trichoptera,Hydroptilidae,,Ithytrichia,4,Sc,Scrapers
HYDTDI,115826,Dibusa,Arthropoda,Insecta,Trichoptera,Hydroptilidae,,Dibusa,2,Sc,Scrapers
HYDTNE,115833,Neotrichia,Arthropoda,Insecta,Trichoptera,Hydroptilidae,,Neotrichia,3.6,Sc,Scrapers
PHRYAG,115882,Agrypnia,Arthropoda,Insecta,Trichoptera,Phryganeidae,,Agrypnia,4.6,Sh,Shredders
THRENE,116046,Neophylax,Arthropoda,Insecta,Trichoptera,Thremmatidae,,Neophylax,1.6,Sc,Scrapers
LIMNIR,116382,Ironoquia,Arthropoda,Insecta,Trichoptera,Limnephilidae,,Ironoquia,7.3,C,Collectors
LIMNIR,116382,Ironoquia,Arthropoda,Insecta,Trichoptera,Limnephilidae,,Ironoquia,7.3,Sh,Shredders
LIMNPY,116409,Pycnopsyche,Arthropoda,Insecta,Trichoptera,Limnephilidae,,Pycnopsyche,2.5,C,Collectors
LIMNPY,116409,Pycnopsyche,Arthropoda,Insecta,Trichoptera,Limnephilidae,,Pycnopsyche,2.5,Sh,Shredders
MOLAMO,116474,Molanna,Arthropoda,Insecta,Trichoptera,Molannidae,,Molanna,3.9,Sh,Shredders
MOLAMO,116474,Molanna,Arthropoda,Insecta,Trichoptera,Molannidae,,Molanna,3.9,C,Collectors
ODONMA,116514,Marilia,Arthropoda,Insecta,Trichoptera,Odontoceridae,,Marilia,0,Sh,Shredders
LEPCSE,116548,Setodes,Arthropoda,Insecta,Trichoptera,Leptoceridae,,Setodes,0.9,Pr,Predators
LEPCSE,116548,Setodes,Arthropoda,Insecta,Trichoptera,Leptoceridae,,Setodes,0.9,C,Collectors
LEPCTR,116565,Triaenodes,Arthropoda,Insecta,Trichoptera,Leptoceridae,,Triaenodes,4.3,Sh,Shredders
LEPCMY,116598,Mystacides,Arthropoda,Insecta,Trichoptera,Leptoceridae,,Mystacides,3.5,C,Collectors
LEPCOE,116607,Oecetis,Arthropoda,Insecta,Trichoptera,Leptoceridae,,Oecetis,5.7,Pr,Predators
LEPCOE,116607,Oecetis,Arthropoda,Insecta,Trichoptera,Leptoceridae,,Oecetis,5.7,He,Herbivores
LEPCNE,116651,Nectopsyche,Arthropoda,Insecta,Trichoptera,Leptoceridae,,Nectopsyche,4.2,C,Collectors
LEPCNE,116651,Nectopsyche,Arthropoda,Insecta,Trichoptera,Leptoceridae,,Nectopsyche,4.2,Sh,Shredders
LEPCCE,116684,Ceraclea,Arthropoda,Insecta,Trichoptera,Leptoceridae,,Ceraclea,6.4,Sh,Shredders
LEPCCE,116684,Ceraclea,Arthropoda,Insecta,Trichoptera,Leptoceridae,,Ceraclea,6.4,C,Collectors
LEPILE,116794,Lepidostoma,Arthropoda,Insecta,Trichoptera,Lepidostomatidae,,Lepidostoma,1,Sh,Shredders
BRACHBR,116906,Brachycentrus,Arthropoda,Insecta,Trichoptera,Brachycentridae,,Brachycentrus,1.1,F,Filterers
BRACHMI,116958,Micrasema,Arthropoda,Insecta,Trichoptera,Brachycentridae,,Micrasema,0,Sh,Shredders
HELIHE,117016,Helicopsyche,Arthropoda,Insecta,Trichoptera,Helicopsychidae,,Helicopsyche,0,Sc,Scrapers
POLYPO,117044,Polycentropus,Arthropoda,Insecta,Trichoptera,Polycentropodidae,,Polycentropus,3.5,C,Collectors
POLYPO,117044,Polycentropus,Arthropoda,Insecta,Trichoptera,Polycentropodidae,,Polycentropus,3.5,Pr,Predators
POLYCY,117091,Cyrnellus,Arthropoda,Insecta,Trichoptera,Polycentropodidae,,Cyrnellus,7.4,C,Collectors
POLYCY,117091,Cyrnellus,Arthropoda,Insecta,Trichoptera,Polycentropodidae,,Cyrnellus,7.4,F,Filterers
POLYNE,117095,Neureclipsis,Arthropoda,Insecta,Trichoptera,Polycentropodidae,,Neureclipsis,4.4,F,Filterers
POLYNE,117095,Neureclipsis,Arthropoda,Insecta,Trichoptera,Polycentropodidae,,Neureclipsis,4.4,Sh,Shredders
POLYNY,117104,Nyctiophylax,Arthropoda,Insecta,Trichoptera,Polycentropodidae,,Nyctiophylax,0.9,F,Filterers
POLYNY,117104,Nyctiophylax,Arthropoda,Insecta,Trichoptera,Polycentropodidae,,Nyctiophylax,0.9,Pr,Predators
POLYNY,117104,Nyctiophylax,Arthropoda,Insecta,Trichoptera,Polycentropodidae,,Nyctiophylax,0.9,Sh,Shredders
GLOSAG,117121,Agapetus,Arthropoda,Insecta,Trichoptera,Glossosomatidae,,Agapetus,0,Sc,Scrapers
GLOSAG,117121,Agapetus,Arthropoda,Insecta,Trichoptera,Glossosomatidae,,Agapetus,0,C,Collectors
GLOSGL,117159,Glossosoma,Arthropoda,Insecta,Trichoptera,Glossosomatidae,,Glossosoma,1.5,Sc,Scrapers
GLOSGL,117159,Glossosoma,Arthropoda,Insecta,Trichoptera,Glossosomatidae,,Glossosoma,1.5,C,Collectors
CRAMPE,117682,Petrophila,Arthropoda,Insecta,Lepidoptera,Crambidae,,Petrophila,2.7,He,Herbivores
CRAMPE,117682,Petrophila,Arthropoda,Insecta,Lepidoptera,Crambidae,,Petrophila,2.7,Sh,Shredders
CRAMPA,117714,Parapoynx,Arthropoda,Insecta,Lepidoptera,Crambidae,,Parapoynx,5,He,Herbivores
CRAMPA,117714,Parapoynx,Arthropoda,Insecta,Lepidoptera,Crambidae,,Parapoynx,5,Sh,Shredders
TIPU,118840,Tipulidae,Arthropoda,Insecta,Diptera,Tipulidae,,,3,C,Collectors
TIPUTI,119037,Tipula,Arthropoda,Insecta,Diptera,Tipulidae,,Tipula,7.7,Sh,Shredders
TIPUTI,119037,Tipula,Arthropoda,Insecta,Diptera,Tipulidae,,Tipula,7.7,C,Collectors
LIMOAN,119656,Antocha,Arthropoda,Insecta,Diptera,Limoniidae,,Antocha,4.6,C,Collectors
LIMOHE,120094,Hexatoma,Arthropoda,Insecta,Diptera,Limoniidae,,Hexatoma,4.7,Pr,Predators
LIMOLM,120164,Limnophila,Arthropoda,Insecta,Diptera,Limoniidae,,Limnophila,3,Pr,Predators
LIMOPS,120365,Pseudolimnophila,Arthropoda,Insecta,Diptera,Limoniidae,,Pseudolimnophila,7.3,C,Collectors
LIMOCR,120488,Cryptolabis,Arthropoda,Insecta,Diptera,Limoniidae,,Cryptolabis,,Sh,Shredders
LIMOCR,120488,Cryptolabis,Arthropoda,Insecta,Diptera,Limoniidae,,Cryptolabis,,C,Collectors
LIMOMO,120758,Molophilus,Arthropoda,Insecta,Diptera,Limoniidae,,Molophilus,4,Sh,Shredders
PEDIDI,121027,Dicranota,Arthropoda,Insecta,Diptera,Pediciidae,,Dicranota,0,Pr,Predators
DIXIDI,125810,Dixa,Arthropoda,Insecta,Diptera,Dixidae,,Dixa,2.8,Pr,Predators
DIXIDI,125810,Dixa,Arthropoda,Insecta,Diptera,Dixidae,,Dixa,2.8,C,Collectors
DIXIDE,125854,Dixella,Arthropoda,Insecta,Diptera,Dixidae,,Dixella,2,C,Collectors
CULICU,126455,Culex,Arthropoda,Insecta,Diptera,Culicidae,,Culex,10,F,Filterers
SIMUPR,126703,Prosimulium,Arthropoda,Insecta,Diptera,Simuliidae,,Prosimulium,2.9,F,Filterers
SIMUSI,126774,Simulium,Arthropoda,Insecta,Diptera,Simuliidae,,Simulium,4.4,F,Filterers
CERAFO,127112,Forcipomyiinae,Arthropoda,Insecta,Diptera,Ceratopogonidae,Forcipomyiinae,,6,C,Collectors
CERAAT,127113,Atrichopogon,Arthropoda,Insecta,Diptera,Ceratopogonidae,Forcipomyiinae,Atrichopogon,6.8,C,Collectors
CERADA,127278,Dasyhelea,Arthropoda,Insecta,Diptera,Ceratopogonidae,Ceratopogoninae,Dasyhelea,6,Sc,Scrapers
CERADA,127278,Dasyhelea,Arthropoda,Insecta,Diptera,Ceratopogonidae,Ceratopogoninae,Dasyhelea,6,C,Collectors
CERA,127338,Ceratopogoninae,Arthropoda,Insecta,Diptera,Ceratopogonidae,Ceratopogoninae,,6,Sc,Scrapers
CERA,127338,Ceratopogoninae,Arthropoda,Insecta,Diptera,Ceratopogonidae,Ceratopogoninae,,6,C,Collectors
CERA,127338,Ceratopogoninae,Arthropoda,Insecta,Diptera,Ceratopogonidae,Ceratopogoninae,,6,Pr,Predators
STRACA,130409,Caloparyphus,Arthropoda,Insecta,Diptera,Stratiomyidae,,Caloparyphus,8,C,Collectors
STRAMY,130473,Myxosargus,Arthropoda,Insecta,Diptera,Stratiomyidae,,Myxosargus,8,C,Collectors
STRANE,130694,Nemotelus,Arthropoda,Insecta,Diptera,Stratiomyidae,,Nemotelus,7.3,C,Collectors
ATHEAT,130929,Atherix,Arthropoda,Insecta,Diptera,Athericidae,,Atherix,2.1,Pr,Predators
TABA,130934,Tabanidae,Arthropoda,Insecta,Diptera,Tabanidae,,,6,C,Collectors
TABCHR,131078,Chrysops,Arthropoda,Insecta,Diptera,Tabanidae,,Chrysops,7.3,Pr,Predators
TABCHL,131250,Chlorotabanus,Arthropoda,Insecta,Diptera,Tabanidae,,Chlorotabanus,,Pr,Predators
TABAHY,131321,Hybomitra,Arthropoda,Insecta,Diptera,Tabanidae,,Hybomitra,,Pr,Predators
TABATA,131527,Tabanus,Arthropoda,Insecta,Diptera,Tabanidae,,Tabanus (Atylotus),9.7,Pr,Predators
EMPICL,135849,Clinocera,Arthropoda,Insecta,Diptera,Empididae,,Clinocera,6,Pr,Predators
EMPITR,135903,Trichoclinocera,Arthropoda,Insecta,Diptera,Empididae,,Trichoclinocera,6,Pr,Predators
EMPICH,136305,Chelifera ,Arthropoda,Insecta,Diptera,Empididae,,Chelifera (Metachela),6,Pr,Predators
EMPIHE,136327,Hemerodromia,Arthropoda,Insecta,Diptera,Empididae,,Hemerodromia,6,C,Collectors
EMPIHE,136327,Hemerodromia,Arthropoda,Insecta,Diptera,Empididae,,Hemerodromia,6,Pr,Predators
EMPIOR,136377,Oreogeton,Arthropoda,Insecta,Diptera,Empididae,,Oreogeton,,Pr,Predators
DOLI,136824,Dolichopodidae,Arthropoda,Insecta,Diptera,Dolichopodidae,,,4,Pr,Predators
EPHY,146893,Ephydridae,Arthropoda,Insecta,Diptera,Ephydridae,,,6,Sh,Shredders
EPHY,146893,Ephydridae,Arthropoda,Insecta,Diptera,Ephydridae,,,6,C,Collectors
MUSC,150025,Muscidae,Arthropoda,Insecta,Diptera,Muscidae,,,6,Pr,Predators
MUSCLI,150730,Limnophora,Arthropoda,Insecta,Diptera,Muscidae,,Limnophora,7,Pr,Predators
BAETPR,206622,Procloeon,Arthropoda,Insecta,Ephemeroptera,Baetidae,,Procloeon,7.7,C,Collectors
BAETAP,568546,Acerpenna,Arthropoda,Insecta,Ephemeroptera,Baetidae,,Acerpenna,3.7,C,Collectors
BAETFA,568551,Fallceon,Arthropoda,Insecta,Ephemeroptera,Baetidae,,Fallceon,6,Pr,Predators
BAETLA,568552,Labiobaetis,Arthropoda,Insecta,Ephemeroptera,Baetidae,,Labiobaetis,4.4,Pr,Predators
BAETPL,568553,Plauditus,Arthropoda,Insecta,Ephemeroptera,Baetidae,,Plauditus,4,C,Collectors
POTAAN,568559,Anthopotamus,Arthropoda,Insecta,Ephemeroptera,Potamanthidae,,Anthopotamus,1.6,C,Collectors
POLYPL,568776,Plectrocnemia,Arthropoda,Insecta,Trichoptera,Polycentropodidae,,Plectrocnemia,,Pr,Predators
POLYPL,568776,Plectrocnemia,Arthropoda,Insecta,Trichoptera,Polycentropodidae,,Plectrocnemia,,Sh,Shredders
POLYPL,568776,Plectrocnemia,Arthropoda,Insecta,Trichoptera,Polycentropodidae,,Plectrocnemia,,C,Collectors
TRIDEL,650541,Ellipes,Arthropoda,Insecta,Orthoptera,Tridactylidae,,Ellipes,,C,Collectors
CRAM,693963,Crambidae,Arthropoda,Insecta,Lepidoptera,Crambidae,,,5,He,Herbivores
CRAM,693963,Crambidae,Arthropoda,Insecta,Lepidoptera,Crambidae,,,5,Sh,Shredders
GERRAQ,717547,Aquarius,Arthropoda,Insecta,Hemiptera,Gerridae,,Aquarius,6.4,Pr,Predators
DYTIA,728216,Agabini,Arthropoda,Insecta,Coleoptera,Dytiscidae,Agabinae,Agabini,,Pr,Predators
DYTIIO,728239,Ilybiosoma,Arthropoda,Insecta,Coleoptera,Dytiscidae,,Ilybiosoma,,Pr,Predators
EPHETE,776926,Teloganopsis,Arthropoda,Insecta,Ephemeroptera,Ephemerellidae,,Teloganopsis,2.7,C,Collectors
BAETIS,776928,Iswaeon,Arthropoda,Insecta,Ephemeroptera,Baetidae,,Iswaeon,,C,Collectors
DUGEGI,1037592,Girardia,Platyhelminthes,Rhabditophora,Tricladida,Dugesiidae,,Girardia,5.5,C,Collectors
DUGEGI,1037592,Girardia,Platyhelminthes,Rhabditophora,Tricladida,Dugesiidae,,Girardia,5.5,Pr,Predators
CAMBFA,1133539,Faxonius,Arthropoda,Malacostraca,Decapoda,Cambaridae,,Faxonius,2.7,C,Collectors
