LocationID,EventID,Rater_s,SM1,SM2,SM3,SM4,SM5,SM6,SM7,SM8,SM9,SM10,SM11,SM12,SM13,SM14,SM15,SM16,SM17,SM18,SM19,SM20,SM21,SM22,SM23,SM24,SM25,SM26,SM27,SM28,SM29,SM30,SM31,SM32,SM33,SM34,SM35,SM36,SM37,SM38,SM39,SM40,SM41,SM42,SM43,SM44,SM45,SM46,SM47,SM48,SM49,SM50
CUVAWetlnd1,CUVAWetlnd2021Jul20,S. Bingham,0,0,0,0,1,0,0,1,0,0,0,1,1,0,0,0,0,1,1,0,1,0,1,0,0,0,1,0,0,1,0,1,0,0,0,1,0,0,0,0,0,0,1,0,0,0,1,0,0,0
CUVAWetlnd10,CUVAWetlnd2013May09,S.Bingham, D.Marcum,0,0,0,0,1,0,0,0,1,0,0,1,0,1,0,0,0,1,1,0,0,0,1,1,0,0,1,0,0,1,0,0,1,1,0,0,1,0,0,0,0,0,1,1,0,0,0,1,1,0
CUVAWetlnd11,CUVAWetlnd2012Mar14,S.Bingham, L.Biscan,0,0,0,0,0,0,1,0,1,0,0,0,1,1,0,0,1,1,1,0,0,1,1,0,0,0,1,0,0,1,0,0,0,1,1,0,1,1,0,0,0,0,1,0,0,0,1,0,0,1
CUVAWetlnd12,CUVAWetlnd2012Mar14,Sbingham, L.Biscan,0,0,0,0,0,1,0,1,0,0,0,1,0,0,0,0,1,1,0,0,0,0,0,1,0,0,1,0,0,0,1,1,0,0,0,0,1,0,0,0,0,0,1,0,0,0,0,1,1,0
CUVAWetlnd13,CUVAWetlnd2012Mar14,S.Bingham, L.Biscan,0,0,0,0,1,0,0,0,1,0,0,0,1,0,1,0,1,1,1,0,0,1,1,0,0,0,1,0,1,0,0,0,1,0,1,0,1,0,1,0,0,1,0,0,0,0,0,1,1,0
CUVAWetlnd14,CUVAWetlnd2012Apr10,S.Bingham, D.Marcum,0,0,0,0,0,1,0,1,0,0,0,1,1,0,0,0,1,1,1,0,0,0,0,1,0,0,1,0,1,0,0,1,0,0,0,0,1,0,0,0,0,0,1,0,0,0,0,1,1,0
CUVAWetlnd22,CUVAWetlnd2012Apr30,S.Bingham, D. Marcum,0,0,0,0,1,0,0,1,0,0,0,1,1,0,0,0,1,1,1,0,0,0,1,1,0,0,1,0,0,0,1,1,0,0,0,1,0,0,0,0,0,0,1,0,0,0,0,1,0,0
CUVAWetlnd23,CUVAWetlnd2012May07,S. Bingham, D. Marcum, L. Biscan,0,0,0,0,1,0,0,0,1,0,0,0,1,1,0,0,1,1,0,0,0,0,1,0,0,0,1,0,0,0,1,1,0,0,0,1,0,0,0,0,0,1,1,0,0,0,0,1,1,0
CUVAWetlnd24,CUVAWetlnd2012May04,S. Bingham, M. Lane,0,0,0,0,1,0,0,0,1,0,0,1,1,0,0,0,1,1,1,0,1,1,1,0,0,0,1,0,1,0,0,0,1,0,0,0,1,0,0,0,1,1,0,0,0,0,1,1,0,0
CUVAWetlnd25,CUVAWetlnd2012May07,S. Bingham, D. Marcum,0,0,0,0,0,1,0,1,0,0,0,1,1,0,0,0,0,1,1,0,1,0,0,1,0,0,1,0,0,1,0,1,0,0,0,1,0,0,0,0,0,0,0,1,0,0,0,1,1,0
CUVAWetlnd26,CUVAWetlnd2012May02,S. Bingham, D. Marcum,0,0,0,0,0,1,0,0,1,0,0,0,1,1,0,0,1,1,1,0,0,1,1,0,0,0,1,0,1,0,0,1,0,0,0,0,1,0,0,0,0,0,1,0,0,0,0,1,1,0
CUVAWetlnd27,CUVAWetlnd2012May04,S. Bingham, M.Lane,0,0,0,0,1,0,0,0,1,0,0,1,1,0,0,0,1,1,1,0,0,0,0,1,0,0,1,0,1,0,0,1,0,0,0,1,0,0,0,0,0,1,0,0,0,0,1,1,0,0
CUVAWetlnd28,CUVAWetlnd2012May07,S. Bingham, D. Marcum, L. Biscan,0,0,0,0,1,0,0,1,0,0,0,1,1,0,0,0,1,1,1,0,0,0,0,1,0,0,1,0,0,1,0,1,0,0,0,1,0,0,0,0,0,0,1,0,0,0,0,1,1,0
CUVAWetlnd29,CUVAWetlnd2012May23,S.Bingham, L.Biscan,0,0,0,0,0,1,0,0,0,1,0,0,1,1,0,0,1,1,1,0,0,1,0,0,0,0,1,0,1,0,0,0,0,1,0,0,1,0,0,0,0,0,1,1,0,0,0,0,1,0
CUVAWetlnd296,CUVAWetlnd2016Aug30,D. Marcum,0,0,0,0,0,1,0,0,1,0,0,1,0,1,0,0,0,1,1,0,1,0,0,1,0,0,1,0,0,1,0,0,1,0,0,1,0,0,0,0,0,0,0,0,1,0,1,0,0,0
CUVAWetlnd296,CUVAWetlnd2021Jul06,D. Marcum,0,0,0,0,0,1,0,0,1,0,0,0,1,1,0,0,0,1,1,0,0,0,1,0,0,0,1,0,0,1,0,0,1,0,0,1,0,0,0,0,0,0,0,1,0,0,1,0,0,0
CUVAWetlnd297,CUVAWetlnd2016Sep07,D. Marcum,0,0,0,0,0,0,1,0,1,0,0,1,0,1,0,0,1,1,0,0,0,0,0,1,0,0,1,0,1,0,0,1,0,0,0,1,0,0,0,0,0,0,0,0,0,1,1,0,0,0
CUVAWetlnd297,CUVAWetlnd2021Oct07,D. Marcum,0,0,0,0,0,0,1,1,0,0,0,1,0,1,0,0,1,1,0,0,0,0,1,0,0,0,1,0,0,0,1,1,0,0,0,1,0,0,0,0,0,0,0,0,0,1,1,0,0,0
CUVAWetlnd298,CUVAWetlnd2016Sep14,D. Marcum,0,0,0,0,0,0,1,0,1,0,0,1,0,1,0,0,0,1,0,0,0,0,0,1,0,0,1,0,1,0,1,1,0,0,0,1,0,0,0,0,0,0,0,0,1,0,1,0,0,0
CUVAWetlnd298,CUVAWetlnd2021Jul20,D. Marcum,0,0,0,0,0,0,1,0,1,0,0,1,0,1,0,0,0,1,1,0,0,0,1,0,0,0,1,0,0,0,1,1,0,0,0,1,1,0,0,0,0,0,0,1,0,0,0,1,0,0
CUVAWetlnd299,CUVAWetlnd2016Sep13,D. Marcum,0,0,0,0,0,0,1,1,0,0,0,1,0,0,0,0,0,1,0,0,0,0,1,0,0,0,1,0,0,0,1,1,0,0,0,1,0,0,0,0,0,0,1,0,0,0,1,0,0,0
CUVAWetlnd299,CUVAWetlnd2021Jul23,S. Bingham,0,0,0,0,0,1,0,1,0,0,0,1,0,1,0,0,1,1,0,0,0,0,1,0,0,0,1,0,0,0,1,0,1,0,0,1,1,0,0,0,0,1,0,0,0,0,1,0,0,0
CUVAWetlnd30,CUVAWetlnd2012May24,S.Bingham, L.Biscan,0,0,0,0,1,0,0,0,1,0,0,0,1,1,0,0,1,1,0,0,0,0,0,1,0,0,1,0,1,0,0,0,1,1,0,0,1,1,0,0,0,1,0,0,0,0,0,1,1,0
CUVAWetlnd300,CUVAWetlnd2016Aug26,D. Marcum,0,0,0,0,0,0,1,1,0,0,0,1,0,0,0,0,1,1,0,0,0,0,0,1,0,0,1,0,1,0,1,1,0,0,0,1,0,0,0,0,0,1,0,0,0,0,1,0,0,0
CUVAWetlnd300,CUVAWetlnd2021Jul23,S. Bingham,0,0,0,0,0,0,1,1,0,0,0,1,0,0,0,0,1,1,0,0,0,0,1,0,0,0,1,0,1,0,0,1,0,0,0,1,0,0,0,0,0,1,0,0,0,0,1,0,0,0
CUVAWetlnd301,CUVAWetlnd2016Aug26,D. Marcum,0,0,0,0,0,0,1,1,0,0,0,1,0,0,0,0,0,1,0,0,0,0,0,1,0,0,1,0,0,0,1,1,0,0,0,1,0,0,0,0,0,0,0,0,1,0,1,0,0,0
CUVAWetlnd301,CUVAWetlnd2021Jul23,S. Bingham,0,0,0,0,0,0,1,1,0,0,0,1,0,0,0,0,1,1,0,0,0,0,1,0,0,0,1,0,0,0,1,1,0,0,0,1,0,0,0,0,0,0,0,0,1,0,1,0,0,0
CUVAWetlnd302,CUVAWetlnd2016Aug29,D. Marcum,0,0,0,0,0,0,1,1,0,0,0,0,1,0,0,0,1,1,0,0,0,0,0,1,0,0,1,0,1,0,1,1,0,0,0,1,0,0,0,0,0,0,0,0,1,0,1,0,1,0
CUVAWetlnd302,CUVAWetlnd2021Jul14,D. Marcum,0,0,0,0,0,0,1,1,0,0,0,1,0,1,0,0,1,1,0,0,0,0,1,0,0,0,1,0,1,0,1,1,0,0,0,1,0,0,0,0,0,0,0,0,1,0,1,0,0,0
CUVAWetlnd303,CUVAWetlnd2016Aug29,D. Marcum,0,0,0,0,0,0,1,0,1,0,0,1,0,1,0,0,1,1,0,0,0,0,0,1,0,0,1,0,0,1,1,1,0,0,0,1,0,0,0,0,0,0,0,0,1,0,1,0,0,0
CUVAWetlnd303,CUVAWetlnd2021Jul14,D. Marcum,0,0,0,0,0,0,1,1,0,0,0,1,0,1,0,0,0,1,0,0,0,0,1,0,0,0,1,0,0,0,1,1,0,0,0,1,0,0,0,0,0,0,0,0,1,0,1,0,0,0
CUVAWetlnd304,CUVAWetlnd2016Aug29,D. Marcum,0,0,0,0,0,0,1,1,0,0,0,1,0,0,0,0,0,1,1,0,0,0,0,1,0,0,1,0,0,1,0,1,0,0,0,1,0,0,0,0,0,0,0,0,1,0,1,0,0,0
CUVAWetlnd304,CUVAWetlnd2021Jul14,D. Marcum,0,0,0,0,0,0,1,1,0,0,0,1,0,0,0,0,0,1,0,0,0,0,1,0,0,0,1,0,0,0,1,1,0,0,0,1,0,0,0,0,0,0,0,1,0,0,1,0,0,0
CUVAWetlnd305,CUVAWetlnd2016Aug29,D. Marcum,0,0,0,0,0,0,1,1,0,0,0,1,0,0,0,0,0,1,0,0,0,0,0,1,0,1,0,0,1,0,0,1,0,0,0,1,0,0,0,0,1,0,0,0,0,0,1,0,0,0
CUVAWetlnd305,CUVAWetlnd2021Jul09,D. Marcum,0,0,0,0,0,0,1,1,0,0,0,1,1,0,0,0,0,1,0,0,0,0,1,0,0,1,0,0,1,0,0,1,0,0,0,1,0,0,0,0,0,0,0,0,1,0,1,0,0,0
CUVAWetlnd306,CUVAWetlnd2016Jun15,D. Marcum,0,0,0,0,1,0,0,1,0,0,0,1,0,1,0,0,1,1,1,0,1,0,1,1,0,0,1,0,1,0,0,1,0,0,0,1,0,0,0,0,0,1,0,0,0,0,1,0,0,0
CUVAWetlnd306,CUVAWetlnd2021Jul13,D. Marcum,0,0,0,0,1,0,0,1,0,0,0,1,0,0,0,0,1,1,1,0,0,0,1,0,0,0,1,0,1,0,0,1,0,0,0,1,0,0,0,0,0,1,0,0,0,0,1,0,0,0
CUVAWetlnd307,CUVAWetlnd2016Jun15,D. Marcum,0,0,0,0,0,0,1,1,0,0,0,0,1,1,0,0,1,1,0,0,0,0,0,1,0,0,1,0,0,0,1,1,1,0,0,0,1,0,0,0,0,0,0,0,1,0,0,1,0,0
CUVAWetlnd307,CUVAWetlnd2021Jul13,D. Marcum,0,0,0,0,0,0,1,1,0,0,0,0,1,0,0,0,0,1,0,0,0,0,1,0,0,0,1,0,0,0,1,1,0,0,0,1,0,0,0,0,0,0,0,0,1,0,1,0,1,0
CUVAWetlnd308,CUVAWetlnd2016Aug30,D. Marcum,0,0,0,0,0,0,1,0,0,1,0,1,0,0,1,0,0,1,0,0,1,0,0,0,0,0,1,0,0,1,1,0,1,0,0,0,1,0,0,0,0,0,1,0,0,0,1,0,0,0
CUVAWetlnd308,CUVAWetlnd2021Nov19,D. Marcum,0,0,0,0,0,1,0,0,1,0,0,1,0,1,0,0,0,1,0,0,0,0,1,0,0,0,1,0,0,1,0,0,1,0,0,0,1,0,0,0,0,0,1,0,0,0,0,1,0,0
CUVAWetlnd309,CUVAWetlnd2016Aug25,D. Marcum,0,0,0,1,0,0,0,0,1,0,0,0,1,1,0,0,0,1,0,0,0,0,1,0,0,0,1,0,0,1,1,1,1,0,0,0,1,0,0,0,1,0,0,0,0,0,1,0,0,0
CUVAWetlnd309,CUVAWetlnd2021Jul16,S. Bingham,0,0,0,1,0,0,0,0,1,0,0,0,1,1,0,0,1,1,0,0,0,1,1,0,0,0,1,0,1,0,1,0,0,1,0,0,0,1,0,0,0,0,1,0,0,0,0,0,1,0
CUVAWetlnd31,CUVAWetlnd2012May24,S.Bingham, L.Biscan,0,0,0,0,0,0,1,0,1,0,0,0,1,0,1,0,0,1,1,0,0,0,1,0,0,0,1,0,0,0,1,0,1,0,0,0,1,0,0,0,0,0,0,1,0,0,0,0,1,0
CUVAWetlnd310,CUVAWetlnd2016Jul08,D. Marcum,0,0,0,0,0,0,1,1,0,0,0,1,0,0,0,0,1,1,0,0,0,0,0,1,0,0,1,0,0,1,0,1,0,0,0,1,0,0,0,0,0,0,0,1,0,0,1,0,0,0
CUVAWetlnd310,CUVAWetlnd2021Jul23,S. Bingham,0,0,0,0,0,0,1,1,0,0,0,1,0,1,0,0,1,1,0,0,0,0,1,0,0,0,1,0,1,0,0,1,0,0,0,1,0,0,0,0,0,1,0,0,0,0,1,0,0,0
CUVAWetlnd311,CUVAWetlnd2016Jul18,D. Marcum,0,0,0,0,1,0,0,0,1,0,0,0,1,1,0,0,0,1,0,0,1,0,0,1,0,0,1,0,0,0,1,1,0,0,0,1,0,0,0,0,0,1,0,0,0,0,0,1,0,0
CUVAWetlnd312,CUVAWetlnd2016Aug02,D. Marcum,0,0,0,0,0,0,1,1,0,0,0,1,0,1,0,0,0,1,1,0,0,0,0,1,0,0,1,0,0,1,1,1,0,0,0,1,0,0,0,0,0,0,1,0,0,0,1,0,0,0
CUVAWetlnd312,CUVAWetlnd2021Jun23,D. Marcum,0,0,0,0,0,0,1,0,1,0,0,0,1,1,0,0,0,1,1,0,0,0,1,0,0,0,1,0,0,1,0,1,0,1,0,1,0,0,0,0,0,0,0,0,1,0,1,0,0,0
CUVAWetlnd313,CUVAWetlnd2016Aug02,D. Marcum,0,0,0,0,0,0,1,1,0,0,0,1,0,0,0,0,0,1,1,0,0,0,0,1,0,0,1,0,0,1,1,1,0,0,0,1,0,0,0,0,0,0,0,1,0,0,1,0,0,0
CUVAWetlnd313,CUVAWetlnd2021Jun23,D. Marcum,0,0,0,0,0,0,1,1,0,0,0,1,0,0,0,0,0,1,0,0,0,0,1,0,0,0,1,0,0,0,1,1,0,0,0,1,0,0,0,0,0,0,0,1,0,0,1,0,0,0
CUVAWetlnd314,CUVAWetlnd2016Aug23,D. Marcum,0,0,0,0,0,1,0,1,0,0,0,1,0,0,0,0,0,1,1,0,0,0,0,1,0,0,1,0,0,1,0,1,0,0,0,1,0,0,0,0,0,0,0,1,0,0,1,1,0,0
CUVAWetlnd314,CUVAWetlnd2021Aug05,D. Marcum,0,0,0,0,0,1,0,1,0,0,0,1,0,0,0,0,1,1,0,0,0,0,1,0,0,0,1,0,0,0,1,1,0,0,0,1,0,0,0,0,0,0,0,1,0,0,1,0,0,0
CUVAWetlnd315,CUVAWetlnd2016Aug24,D. Marcum,0,0,0,0,0,1,0,0,1,0,0,1,0,1,0,0,0,1,0,0,0,0,0,1,0,0,1,0,0,0,1,1,0,0,0,1,0,0,0,0,0,0,0,0,1,0,0,1,1,0
CUVAWetlnd315,CUVAWetlnd2021Aug05,D. Marcum,0,0,0,0,0,0,1,1,0,0,0,0,1,0,0,0,0,1,0,0,0,0,1,0,0,0,1,0,0,0,1,1,0,0,0,1,0,0,0,0,0,0,0,1,0,0,0,1,0,0
CUVAWetlnd316,CUVAWetlnd2016Aug24,D. Marcum,0,0,0,0,0,0,1,1,0,0,0,1,0,1,0,0,1,1,0,0,0,0,0,1,0,0,1,0,1,0,0,1,0,0,0,1,0,0,0,0,0,0,0,1,0,0,1,0,0,0
CUVAWetlnd316,CUVAWetlnd2021Aug05,D. Marcum,0,0,0,0,0,0,1,1,0,0,0,0,1,0,0,0,1,1,0,0,0,0,1,0,0,0,1,0,1,0,0,1,0,0,0,1,0,0,0,0,0,0,1,0,0,0,1,0,0,0
CUVAWetlnd317,CUVAWetlnd2016Aug24,D. Marcum,0,0,0,0,1,0,0,1,0,0,0,1,0,0,0,0,0,1,1,0,0,0,0,1,0,0,1,0,0,1,1,1,0,0,0,1,0,0,0,0,0,0,0,1,0,0,1,0,0,0
CUVAWetlnd317,CUVAWetlnd2021Jun23,D. Marcum,0,0,0,0,1,0,0,1,0,0,0,1,0,0,0,0,1,1,0,0,0,0,1,0,0,0,1,0,0,1,1,1,0,0,0,1,0,0,0,0,0,0,1,0,0,0,1,0,0,0
CUVAWetlnd318,CUVAWetlnd2016Aug02,D. Marcum,0,0,0,0,0,1,0,1,0,0,0,1,0,0,0,0,1,1,0,0,0,0,0,1,0,0,1,0,1,0,0,1,0,0,0,1,0,0,0,0,0,1,0,0,0,0,1,0,0,0
CUVAWetlnd318,CUVAWetlnd2021Jun23,D. Marcum,0,0,0,0,0,0,1,1,0,0,0,1,0,0,0,0,1,1,0,0,0,0,1,0,0,0,1,0,1,0,0,1,0,0,0,1,0,0,0,0,0,0,1,0,0,0,1,0,0,0
CUVAWetlnd319,CUVAWetlnd2016Aug02,D. Marcum,0,0,0,0,0,0,1,1,0,0,0,1,0,0,0,0,0,1,1,0,0,0,0,1,0,0,1,0,0,1,0,1,0,0,0,1,0,0,0,0,0,0,1,0,0,0,1,0,0,0
CUVAWetlnd319,CUVAWetlnd2021Jun23,D. Marcum,0,0,0,0,0,0,1,1,0,0,0,1,0,0,0,0,1,1,0,0,0,0,1,0,0,0,1,0,0,1,0,1,0,0,0,1,0,0,0,0,0,0,1,0,0,0,1,0,0,0
CUVAWetlnd32,CUVAWetlnd2012May29,S. Bingham, L. Biscan,0,0,0,0,1,0,0,1,0,0,0,1,0,1,0,0,1,1,1,0,0,0,1,1,0,0,1,0,0,1,0,1,0,0,0,0,1,0,0,0,0,1,1,0,0,0,0,1,1,0
CUVAWetlnd320,CUVAWetlnd2016Aug02,D. Marcum,0,0,0,0,0,0,1,1,0,0,0,1,0,0,0,0,0,1,0,0,0,0,1,0,0,0,1,0,0,0,1,1,0,0,0,0,1,0,0,0,0,0,0,1,0,0,0,1,1,0
CUVAWetlnd320,CUVAWetlnd2021Jun23,D. Marcum,0,0,0,0,0,0,1,1,0,0,0,1,0,0,0,0,0,1,0,0,0,0,1,0,0,0,1,0,0,0,1,1,0,0,0,0,1,0,0,0,0,0,0,1,0,0,0,0,1,0
CUVAWetlnd321,CUVAWetlnd2016Aug24,D. Marcum,0,0,0,0,0,1,0,1,0,0,0,1,0,0,0,0,1,1,0,0,0,0,0,1,0,0,1,0,1,1,0,1,0,0,0,1,0,0,0,0,0,1,0,0,0,0,1,0,0,0
CUVAWetlnd321,CUVAWetlnd2021Jul15,D. Marcum,0,0,0,0,0,1,0,1,0,0,0,1,0,0,0,0,1,1,0,0,0,0,1,0,0,0,1,0,1,0,0,1,0,0,0,1,0,0,0,0,1,0,0,0,0,0,1,0,0,0
CUVAWetlnd322,CUVAWetlnd2016Jun09,D. Marcum,0,0,0,0,1,0,0,1,0,0,0,1,1,0,0,0,0,1,1,0,1,0,0,1,0,0,1,0,1,0,0,1,0,0,0,1,0,0,0,0,0,1,0,0,0,0,1,0,0,0
CUVAWetlnd322,CUVAWetlnd2021Jul16,D. Marcum,0,0,0,0,1,0,0,1,0,0,0,1,0,0,0,0,0,1,1,0,0,0,1,0,0,0,1,0,0,1,0,1,0,0,0,1,0,0,0,0,0,1,0,0,0,0,1,0,0,0
CUVAWetlnd323,CUVAWetlnd2016Aug23,D. Marcum,0,0,0,0,0,0,1,1,0,0,0,1,1,0,0,0,0,1,0,0,0,0,0,1,0,0,1,0,0,0,1,1,0,0,0,1,0,0,0,0,0,0,0,1,0,0,1,0,0,0
CUVAWetlnd323,CUVAWetlnd2021Jul16,D. Marcum,0,0,0,0,0,0,1,0,1,0,0,1,0,0,0,0,0,1,0,0,0,0,1,0,0,0,1,0,0,1,1,1,0,0,0,1,0,0,1,0,0,0,0,1,0,0,1,1,0,0
CUVAWetlnd324,CUVAWetlnd2016Aug23,D. Marcum,0,0,0,0,0,0,1,1,0,0,0,1,1,0,0,0,1,1,0,0,0,0,0,1,0,0,1,0,0,1,0,1,0,0,0,1,0,0,0,0,0,1,0,0,0,0,1,0,0,0
CUVAWetlnd324,CUVAWetlnd2021Jul16,D. Marcum,0,0,0,0,0,0,1,1,0,0,0,1,0,0,0,0,1,1,0,0,0,0,1,0,0,0,1,0,0,1,0,1,0,0,0,1,0,0,0,0,0,1,0,0,0,0,1,0,0,0
CUVAWetlnd325,CUVAWetlnd2016Jun10,D. Marcum,0,0,0,0,1,0,0,1,0,0,0,1,0,0,0,0,1,1,0,0,0,0,1,1,0,0,1,0,1,0,0,1,0,0,0,1,0,1,0,0,1,0,0,0,0,0,1,0,0,0
CUVAWetlnd325,CUVAWetlnd2021Jul16,D. Marcum,0,0,0,0,1,0,0,1,0,0,0,1,0,0,0,0,1,1,0,0,0,0,1,0,0,0,1,0,1,1,0,1,0,0,0,1,0,0,0,0,0,1,0,0,0,0,1,0,0,0
CUVAWetlnd326,CUVAWetlnd2016Jul05,D. Marcum,0,0,0,1,0,0,0,0,1,0,0,1,0,1,0,0,0,1,0,0,0,0,0,0,0,0,1,0,0,0,1,1,0,0,0,1,0,0,0,0,0,0,1,0,0,0,0,1,0,0
CUVAWetlnd326,CUVAWetlnd2021Jul21,D. Marcum,0,0,0,1,0,0,0,1,0,0,0,0,1,0,0,0,0,1,0,0,0,0,1,0,0,0,1,0,0,0,1,0,1,0,0,1,1,0,0,0,0,0,0,1,0,0,1,0,1,0
CUVAWetlnd327,CUVAWetlnd2016Jul05,D. Marcum,0,0,0,0,0,0,1,1,0,0,0,1,0,1,0,0,0,1,0,0,0,0,1,0,0,0,1,0,0,0,1,1,0,1,0,0,0,1,0,0,0,0,0,1,0,0,0,0,1,0
CUVAWetlnd327,CUVAWetlnd2021Jul15,D. Marcum,0,0,0,0,0,0,1,1,0,0,0,1,1,0,0,0,0,1,0,0,0,0,1,0,0,0,1,0,0,0,1,1,0,0,0,1,1,0,0,0,0,0,1,0,0,0,0,1,1,0
CUVAWetlnd328,CUVAWetlnd2016Jul01,D. Marcum,0,0,0,0,0,0,1,1,0,0,0,0,1,1,0,0,0,1,0,0,0,0,0,0,0,0,1,0,0,0,1,1,0,0,0,0,1,1,0,0,0,0,1,0,0,0,0,0,1,0
CUVAWetlnd329,CUVAWetlnd2016Jul01,D. Marcum,0,0,0,0,1,0,0,1,0,0,0,0,1,1,0,0,0,1,0,0,0,0,0,1,0,0,1,0,0,0,1,1,0,0,0,0,1,0,0,0,0,0,1,0,0,0,0,1,1,0
CUVAWetlnd329,CUVAWetlnd2021Jul15,D. Marcum,0,0,0,0,1,0,0,1,0,0,0,1,1,0,0,0,0,1,0,0,0,0,1,0,0,0,1,0,0,0,1,1,0,0,0,1,1,0,0,0,0,0,0,1,0,0,0,1,0,0
CUVAWetlnd33,CUVAWetlnd2012Jun04,S. Bingham, L. Biscan,0,0,0,0,1,0,0,1,0,0,0,0,1,1,0,0,1,1,1,0,0,0,1,1,1,0,0,0,1,0,0,0,1,0,0,1,1,0,0,0,0,0,1,0,0,0,1,0,1,0
CUVAWetlnd330,CUVAWetlnd2016Jun07,D. Marcum,0,0,0,0,0,0,1,1,0,0,0,0,1,1,0,0,0,1,1,0,0,0,0,0,0,0,1,0,0,1,0,1,0,0,0,0,0,1,0,0,0,0,0,1,0,0,0,0,1,0
CUVAWetlnd330,CUVAWetlnd2021Jul21,D. Marcum,0,0,0,0,0,0,1,1,0,0,0,0,1,0,0,0,0,1,0,0,0,0,1,0,0,0,1,0,0,0,1,0,1,0,0,0,1,1,0,0,0,1,0,0,0,0,0,1,0,0
CUVAWetlnd331,CUVAWetlnd2016Jun08,D. Marcum,0,0,0,0,1,0,0,0,1,0,0,1,0,1,0,0,1,1,1,0,1,1,0,1,0,0,1,0,0,1,0,0,1,0,0,0,1,0,0,0,0,0,1,0,0,0,1,1,0,0
CUVAWetlnd331,CUVAWetlnd2021Oct07,D. Marcum,0,0,0,0,1,0,0,1,0,0,0,1,0,1,0,0,0,1,0,0,0,0,1,0,0,0,1,0,0,0,1,1,0,0,0,1,0,0,0,0,0,0,0,1,0,0,1,0,0,0
CUVAWetlnd332,CUVAWetlnd2016Jun08,D. Marcum,0,0,0,0,1,0,0,1,0,0,0,1,0,0,0,0,0,1,1,0,1,0,0,1,0,0,1,0,0,0,1,1,0,0,0,1,0,0,0,0,0,0,0,1,0,0,0,1,0,0
CUVAWetlnd332,CUVAWetlnd2021Jul19,S. Bingham,0,0,0,0,1,0,0,1,0,0,0,1,0,0,0,0,0,1,1,0,0,0,1,0,0,0,1,0,0,1,0,1,0,0,0,1,0,0,0,0,1,0,0,0,0,0,1,0,0,0
CUVAWetlnd333,CUVAWetlnd2016Jun08,D. Marcum,0,0,1,0,0,0,0,0,1,0,0,1,0,1,0,0,1,1,0,1,1,0,0,1,1,0,0,1,0,0,0,1,1,0,0,1,1,0,0,1,0,0,0,0,0,0,1,1,0,0
CUVAWetlnd333,CUVAWetlnd2021Oct13,S. Bingham,0,0,0,1,0,0,0,0,1,0,0,1,1,0,0,0,1,1,1,0,0,0,1,0,0,1,0,1,0,0,0,1,1,0,0,1,1,0,0,1,0,0,0,0,0,0,1,1,0,0
CUVAWetlnd334,CUVAWetlnd2016Jun08,D. Marcum,0,0,1,0,0,0,0,0,1,0,0,1,0,1,0,0,0,1,1,0,1,0,0,1,0,0,1,0,0,1,0,0,1,0,0,0,1,0,0,0,1,0,0,0,0,0,1,0,0,0
CUVAWetlnd334,CUVAWetlnd2021Oct08,S. Bingham,0,0,0,1,0,0,0,0,0,1,0,1,0,1,0,0,1,1,1,0,0,0,1,0,0,1,0,0,1,0,0,0,1,0,0,1,1,0,0,0,0,0,1,0,0,0,1,1,0,0
CUVAWetlnd335,CUVAWetlnd2016Aug30,D. Marcum,0,0,0,0,1,0,0,0,0,1,0,1,0,0,1,0,0,1,0,0,1,0,0,0,0,0,1,0,0,1,0,0,1,0,0,1,0,0,0,0,0,0,1,0,0,0,1,0,0,0
CUVAWetlnd335,CUVAWetlnd2021Nov19,D. Marcum,0,0,0,0,1,0,0,0,0,1,0,1,0,0,1,0,0,1,0,0,0,0,1,0,0,0,1,0,0,1,1,0,1,0,0,0,1,0,0,0,0,0,0,1,0,0,0,1,0,0
CUVAWetlnd336,CUVAWetlnd2016Aug03,D. Marcum,0,0,0,0,0,0,1,1,0,0,0,1,0,0,0,0,1,1,0,0,0,0,0,1,0,0,1,0,0,1,0,1,0,0,0,1,0,0,0,0,0,0,0,1,0,0,1,0,0,0
CUVAWetlnd336,CUVAWetlnd2021Nov19,D. Marcum,0,0,0,0,0,0,1,1,0,0,0,1,0,0,0,0,0,1,0,0,0,0,1,0,0,0,1,0,0,1,1,1,0,0,0,1,0,0,0,0,0,0,0,0,1,0,1,0,0,0
CUVAWetlnd337,CUVAWetlnd2016Aug03,D. Marcum,0,0,0,0,1,0,0,1,0,0,0,1,0,1,0,0,0,1,1,0,0,0,1,1,0,0,1,0,1,1,0,1,1,0,0,1,0,0,0,0,0,0,1,0,0,0,1,0,0,0
CUVAWetlnd337,CUVAWetlnd2021Jun22,D. Marcum,0,0,0,1,0,0,0,1,0,0,0,1,0,1,0,0,1,1,1,0,0,0,1,1,0,1,0,1,1,0,0,0,1,0,0,1,1,0,0,0,0,1,0,0,0,0,0,1,0,0
CUVAWetlnd338,CUVAWetlnd2016Jul16,D. Marcum,0,0,0,0,1,0,0,0,1,0,0,1,0,1,0,0,0,1,1,0,0,0,0,1,0,0,1,0,0,1,0,0,1,0,0,1,0,0,0,0,0,1,0,0,0,0,1,0,0,0
CUVAWetlnd338,CUVAWetlnd2021Jul08,D. Marcum,0,0,0,0,1,0,0,0,1,0,0,1,0,1,0,0,0,1,1,0,0,0,1,0,0,0,1,0,0,1,0,1,1,0,0,1,0,0,0,0,0,1,0,0,0,0,1,0,0,0
CUVAWetlnd339,CUVAWetlnd2016Sep01,D. Marcum,0,0,0,0,1,0,0,0,0,1,0,1,0,1,0,0,1,1,0,0,0,1,0,1,0,0,1,1,0,0,0,0,1,0,0,1,0,0,0,0,1,0,0,0,0,0,1,0,0,0
CUVAWetlnd339,CUVAWetlnd2021Jun08,D. Marcum,0,0,0,0,1,0,0,1,0,0,0,1,0,1,0,0,1,1,1,0,0,0,1,0,0,0,1,0,1,0,0,0,1,0,0,0,1,0,0,0,1,0,0,0,0,0,1,0,0,0
CUVAWetlnd34,CUVAWetlnd2012May29,S. Bingham, L. Biscan,0,0,0,0,0,1,0,1,0,0,0,1,1,0,0,0,1,1,0,0,0,0,1,0,0,0,1,0,0,0,1,0,1,1,0,0,1,0,0,0,0,0,1,1,0,0,0,1,1,0
CUVAWetlnd340,CUVAWetlnd2016Sep02,D. Marcum,0,0,0,0,0,0,1,1,0,0,0,1,0,0,0,0,0,1,1,0,0,0,0,1,0,0,1,0,0,1,0,1,0,0,0,1,0,0,0,0,0,0,0,1,0,0,1,0,0,0
CUVAWetlnd340,CUVAWetlnd2021Oct13,D. Marcum, S. Bingham,0,0,0,0,0,0,1,1,0,0,0,1,0,1,0,0,1,1,0,0,0,0,1,0,0,0,1,0,1,0,0,1,0,0,0,1,0,0,0,0,0,0,1,0,0,0,1,0,0,0
CUVAWetlnd341,CUVAWetlnd2016Sep13,D. Marcum,0,0,0,0,1,0,0,1,0,0,0,0,1,0,0,0,0,1,0,0,0,0,1,0,0,0,1,0,0,1,1,1,1,0,0,0,1,0,0,0,0,0,0,1,0,0,0,1,0,0
CUVAWetlnd341,CUVAWetlnd2021Jul02,D. Marcum,0,0,0,0,1,0,0,1,0,0,0,0,1,0,0,0,0,1,1,0,0,0,1,0,0,0,1,0,0,0,1,1,0,0,0,1,0,0,0,0,0,0,0,1,0,0,1,1,0,0
CUVAWetlnd342,CUVAWetlnd2016Aug31,D. Marcum,0,0,0,0,1,0,0,0,1,0,0,1,0,1,0,0,0,1,1,0,0,0,1,1,0,0,1,0,0,1,1,1,1,0,0,0,1,0,0,0,0,0,1,0,0,0,1,1,0,0
CUVAWetlnd342,CUVAWetlnd2021Jun22,D. Marcum,0,0,0,0,1,0,0,0,1,0,0,0,1,1,0,0,0,1,0,0,0,0,1,0,0,0,1,0,0,1,0,1,0,0,1,0,1,0,1,0,0,0,0,1,0,0,0,1,0,0
CUVAWetlnd343,CUVAWetlnd2016Jul19,D. Marcum,0,0,0,0,1,0,0,1,0,0,0,0,1,0,0,0,0,1,0,0,0,0,1,0,0,0,1,0,0,0,1,1,0,0,0,1,0,0,0,0,0,0,1,0,0,0,0,1,1,0
CUVAWetlnd343,CUVAWetlnd2021Jul27,S. Bingham,0,0,0,0,1,0,0,1,0,0,0,1,0,1,0,0,0,1,1,0,0,0,1,0,0,0,1,0,0,1,0,0,1,0,0,1,1,0,0,0,0,0,1,0,0,0,0,1,0,0
CUVAWetlnd344,CUVAWetlnd2016Jul19,D. Marcum,0,0,0,0,1,0,0,1,0,0,0,1,1,0,0,0,0,1,1,0,0,0,1,0,0,1,0,1,0,1,0,1,0,0,0,1,0,0,0,0,1,0,0,0,0,0,0,1,0,0
CUVAWetlnd344,CUVAWetlnd2021Jul27,S. Bingham,0,0,0,0,1,0,0,1,0,0,0,1,0,1,0,0,0,1,0,1,0,0,1,0,1,0,0,1,0,0,0,0,1,0,0,0,1,0,0,0,0,0,1,0,0,0,0,1,0,0
CUVAWetlnd345,CUVAWetlnd2016Jul19,D. Marcum,0,0,0,0,0,0,1,0,1,0,0,0,1,0,0,0,0,1,0,0,0,0,1,0,0,0,1,0,0,0,1,1,0,0,0,1,0,0,0,0,0,0,0,1,0,0,0,0,1,0
CUVAWetlnd345,CUVAWetlnd2021Jul27,S. Bingham,0,0,0,0,0,0,1,0,1,0,0,0,1,1,0,0,0,1,0,0,0,0,1,0,0,0,1,0,0,1,0,1,0,0,0,0,1,0,0,0,0,0,0,1,0,0,0,0,1,0
CUVAWetlnd346,CUVAWetlnd2016Aug23,D. Marcum,0,0,0,0,0,0,1,0,1,0,0,1,0,1,0,0,0,1,0,0,0,0,0,1,0,0,1,0,0,0,1,0,1,0,0,1,0,0,0,0,0,0,0,0,1,0,0,1,0,0
CUVAWetlnd346,CUVAWetlnd2021Aug03,S. Bingham,0,0,0,0,0,1,0,0,1,0,0,1,0,1,0,0,0,1,1,0,0,0,1,0,0,0,1,0,0,1,0,1,0,0,0,1,0,0,0,0,0,0,1,0,0,0,1,1,0,0
CUVAWetlnd347,CUVAWetlnd2016Sep08,D. Marcum,0,0,0,0,0,1,0,0,1,0,0,1,0,1,0,0,0,1,0,0,1,0,0,0,0,0,1,0,0,1,0,0,1,0,0,1,0,0,0,0,0,0,0,1,0,0,1,0,0,0
CUVAWetlnd347,CUVAWetlnd2021Aug05,D. Marcum,0,0,0,0,0,1,0,0,0,1,0,1,0,1,0,0,0,1,0,0,1,0,1,0,0,0,1,0,0,1,0,0,1,0,0,1,0,0,0,0,0,0,0,1,0,0,1,0,0,1
CUVAWetlnd348,CUVAWetlnd2016Jun16,D. Marcum,0,0,0,0,1,0,0,1,0,0,0,1,0,0,0,0,0,1,0,0,0,1,0,1,0,0,1,0,0,1,0,1,1,0,0,0,1,0,0,0,0,0,0,0,1,0,1,0,1,0
CUVAWetlnd348,CUVAWetlnd2021Jun22,D. Marcum,0,0,0,0,1,0,0,1,0,0,0,1,0,0,0,0,0,1,1,0,0,0,1,0,0,0,1,0,0,0,1,0,1,0,0,0,1,0,0,0,0,0,0,0,1,0,0,1,1,0
CUVAWetlnd349,CUVAWetlnd2016Jul18,D. Marcum,0,0,0,0,0,1,0,0,0,0,1,0,0,1,0,0,0,1,0,0,1,0,0,1,0,0,1,0,0,1,0,0,1,0,0,0,1,0,0,0,0,0,0,1,0,0,0,1,0,0
CUVAWetlnd349,CUVAWetlnd2021Jul15,D. Marcum,0,0,0,0,0,0,1,0,0,1,0,0,1,1,0,0,0,1,0,0,1,0,1,0,0,0,1,0,0,1,1,1,1,0,0,1,1,0,0,0,0,0,0,1,0,0,1,0,0,0
CUVAWetlnd35,CUVAWetlnd2012May24,S. Bingham, L. Biscan,0,0,0,0,0,1,0,1,0,0,0,0,1,0,0,0,0,1,1,0,0,0,0,1,0,0,1,0,0,1,0,1,0,0,0,1,0,0,0,0,0,0,0,1,0,0,0,0,1,0
CUVAWetlnd350,CUVAWetlnd2016Sep01,D. Marcum,0,0,0,0,1,0,0,0,1,0,0,1,0,0,1,0,0,1,1,0,1,1,0,1,0,0,1,0,0,1,0,1,0,0,0,1,0,0,0,0,0,0,1,0,0,0,1,0,0,0
CUVAWetlnd350,CUVAWetlnd2021Jul15,D. Marcum,0,0,0,1,0,0,0,0,1,0,0,1,0,1,0,0,0,1,1,0,1,0,1,0,1,0,0,0,1,0,0,1,1,0,0,1,1,0,0,0,0,0,1,0,0,0,1,0,0,0
CUVAWetlnd351,CUVAWetlnd2016Sep01,D. Marcum,0,0,0,0,1,0,0,0,0,1,0,1,0,1,0,0,0,1,1,0,1,1,0,1,0,0,1,0,0,1,0,0,1,0,0,0,1,0,0,0,0,0,1,0,0,0,1,0,0,0
CUVAWetlnd351,CUVAWetlnd2021Jul15,D. Marcum,0,0,0,0,1,0,0,0,1,0,0,1,0,1,0,0,0,1,1,0,1,0,1,0,0,0,1,0,1,0,0,0,1,0,0,0,1,0,0,0,0,0,1,0,0,0,0,1,0,0
CUVAWetlnd352,CUVAWetlnd2016Sep01,D. Marcum,0,0,0,0,0,1,0,0,0,1,0,1,0,0,1,0,0,1,0,0,1,1,0,1,0,0,1,0,0,1,0,1,0,0,0,1,0,0,0,0,0,0,1,0,0,0,1,0,0,0
CUVAWetlnd352,CUVAWetlnd2021Jul15,D. Marcum,0,0,0,0,0,1,0,0,0,1,0,1,0,0,1,0,0,1,0,0,1,0,1,0,0,0,1,0,0,1,0,1,1,0,0,1,1,0,0,0,0,0,1,0,0,0,1,0,0,0
CUVAWetlnd353,CUVAWetlnd2016Sep13,D. Marcum,0,0,0,0,0,1,0,0,1,0,0,1,1,0,0,0,0,1,1,0,1,0,1,1,0,1,0,1,0,0,0,0,1,0,0,0,1,0,0,0,0,0,0,1,0,0,1,0,0,0
CUVAWetlnd353,CUVAWetlnd2021Jul15,D. Marcum,0,0,0,0,0,1,0,0,1,0,0,1,0,1,0,0,0,1,0,0,1,0,1,0,0,1,0,1,0,0,0,0,1,0,0,0,1,0,0,0,0,0,1,0,0,0,0,1,0,0
CUVAWetlnd354,CUVAWetlnd2016Sep02,D. Marcum,0,0,0,0,0,1,0,0,1,0,0,1,0,1,0,0,0,1,0,0,0,1,0,0,0,0,1,0,0,0,1,0,1,0,0,0,1,0,0,0,0,0,0,0,1,0,0,0,1,0
CUVAWetlnd354,CUVAWetlnd2021Aug05,S. Bingham,0,0,0,0,0,1,0,0,1,0,0,1,0,1,0,0,0,1,1,0,0,0,1,0,0,0,1,0,0,1,0,0,1,0,0,0,1,0,0,0,0,1,0,0,0,0,0,1,0,0
CUVAWetlnd355,CUVAWetlnd2016Aug23,D. Marcum,0,0,0,0,0,0,1,0,1,0,0,1,1,0,0,0,1,1,0,0,0,0,1,0,0,1,0,1,0,0,0,0,1,0,0,0,1,0,0,0,0,0,0,1,0,0,0,1,0,0
CUVAWetlnd355,CUVAWetlnd2021Aug05,S. Bingham,0,0,0,0,0,0,1,1,0,0,0,1,0,1,0,0,1,1,1,0,0,0,1,0,0,0,1,0,1,0,0,0,1,0,0,0,1,0,0,0,0,0,0,1,0,0,0,1,0,0
CUVAWetlnd356,CUVAWetlnd2016Sep02,D. Marcum,0,0,0,1,0,0,0,0,1,0,0,0,1,1,0,0,0,1,1,0,1,1,0,1,0,1,0,0,1,0,0,1,0,0,0,1,0,0,0,0,0,1,0,0,0,0,1,1,0,0
CUVAWetlnd356,CUVAWetlnd2021Jul22,S. Bingham,0,0,0,1,0,0,0,0,1,0,0,1,0,1,0,0,1,1,1,0,1,0,1,0,1,0,0,1,0,0,0,1,1,0,0,0,1,0,0,0,1,0,0,0,0,0,1,0,1,0
CUVAWetlnd357,CUVAWetlnd2016Jul29,D. Marcum,0,0,0,1,0,0,0,0,0,1,0,1,0,1,0,0,0,1,1,0,1,1,0,1,1,0,0,1,0,0,0,0,1,0,0,1,0,0,0,0,0,1,0,0,0,0,1,0,1,0
CUVAWetlnd357,CUVAWetlnd2021Jul14,D. Marcum,0,0,0,1,0,0,0,0,1,0,0,1,0,1,0,0,1,1,1,0,1,1,1,1,0,1,0,1,0,0,0,1,1,0,0,0,1,0,0,0,0,0,1,0,0,0,1,0,0,0
CUVAWetlnd358,CUVAWetlnd2016Jun16,D. Marcum,0,0,0,0,0,1,0,1,0,0,0,1,1,0,0,0,0,1,0,0,0,1,0,1,0,0,1,0,0,0,1,0,1,0,0,0,0,1,0,0,0,0,0,0,0,1,0,0,1,0
CUVAWetlnd358,CUVAWetlnd2021Aug05,D. Marcum,0,0,0,0,0,0,1,1,0,0,0,1,0,0,0,0,0,1,0,0,0,0,1,0,0,0,1,0,0,0,1,1,0,0,0,1,0,0,0,0,0,0,0,1,0,0,0,1,0,0
CUVAWetlnd36,CUVAWetlnd2012May24,S. Bingham, L. Biscan,0,0,0,0,0,1,0,1,0,0,0,0,1,1,0,0,1,1,0,0,0,0,1,0,0,0,1,0,0,0,1,0,1,0,0,0,1,0,0,0,0,0,0,1,0,0,0,1,1,0
CUVAWetlnd360,CUVAWetlnd2016Jun16,D. Marcum,0,0,0,0,0,1,0,1,0,0,0,1,0,0,0,0,1,1,0,0,0,0,1,1,0,0,1,0,1,0,0,1,0,0,0,1,0,0,0,0,0,0,0,1,0,0,1,0,0,0
CUVAWetlnd360,CUVAWetlnd2021Jun22,D. Marcum,0,0,0,0,0,1,0,1,0,0,0,1,0,0,0,0,1,1,1,0,0,0,1,0,0,0,1,0,1,1,0,1,0,0,0,1,0,0,0,0,0,1,0,0,0,0,1,0,0,0
CUVAWetlnd361,CUVAWetlnd2016Jun16,D. Marcum,0,0,0,0,0,0,1,1,0,0,0,1,0,0,0,0,0,1,0,0,0,0,1,1,0,0,1,0,1,0,1,0,1,0,0,0,1,0,0,0,0,0,0,0,1,0,0,1,0,0
CUVAWetlnd361,CUVAWetlnd2021Jun22,D. Marcum,0,0,0,0,0,0,1,1,0,0,0,1,0,0,0,0,1,1,0,0,0,0,1,0,0,0,1,0,0,1,0,0,1,0,0,0,1,0,0,0,0,0,1,0,0,0,1,0,0,0
CUVAWetlnd362,CUVAWetlnd2016Jun16,D. Marcum,0,0,0,0,0,1,0,1,0,0,0,1,0,0,0,0,1,1,0,0,0,0,0,1,0,0,1,0,1,1,0,1,0,0,0,1,0,0,0,0,0,0,0,1,0,0,1,0,0,0
CUVAWetlnd362,CUVAWetlnd2021Jun22,D. Marcum,0,0,0,0,0,1,0,1,0,0,0,1,0,0,0,0,1,1,0,0,0,0,1,0,0,0,1,0,1,0,1,1,1,0,0,0,1,0,0,0,0,0,0,1,0,0,1,0,0,0
CUVAWetlnd363,CUVAWetlnd2016Jul07,D. Marcum,0,0,0,0,1,0,0,1,0,0,0,1,1,0,0,0,1,1,0,0,0,0,1,0,0,0,1,0,1,0,1,1,0,0,0,1,0,0,0,0,0,0,0,1,0,0,1,0,0,0
CUVAWetlnd363,CUVAWetlnd2021Oct13,D. Marcum,0,0,0,0,1,0,0,1,0,0,0,0,1,0,0,0,1,1,0,0,0,0,1,0,0,0,1,0,1,0,1,1,0,0,0,1,0,0,0,0,0,0,0,1,0,0,0,1,0,0
CUVAWetlnd365,CUVAWetlnd2016Jun22,D. Marcum,0,0,0,1,0,0,0,0,0,1,0,0,0,1,0,0,1,1,1,0,1,1,1,1,0,0,1,0,1,1,0,0,1,0,0,1,0,0,0,0,0,0,0,1,0,0,1,0,0,0
CUVAWetlnd365,CUVAWetlnd2021Sep08,D. Marcum,0,0,0,1,0,0,0,0,0,1,0,1,0,1,0,0,0,1,1,0,1,0,1,0,0,1,0,0,1,1,0,0,1,0,0,1,0,0,0,0,0,1,0,0,0,0,1,1,0,0
CUVAWetlnd366,CUVAWetlnd2016Jun24,D. Marcum,0,1,0,0,0,0,0,0,0,1,0,0,0,1,0,0,0,1,1,0,1,0,0,1,0,1,0,1,0,1,0,0,1,0,0,1,1,0,0,0,0,0,0,1,0,0,1,0,0,0
CUVAWetlnd366,CUVAWetlnd2021Sep08,D. Marcum,0,0,1,0,0,0,0,0,0,0,1,0,1,1,0,0,0,1,1,0,1,0,1,0,0,1,0,0,0,1,0,0,1,0,0,1,0,0,0,0,0,0,0,0,1,0,0,0,1,0
CUVAWetlnd367,CUVAWetlnd2016Jun24,D. Marcum,0,0,0,1,0,0,0,0,1,0,0,0,1,1,0,0,0,1,0,0,1,0,1,0,0,0,1,0,0,0,1,1,0,0,0,0,0,1,0,0,0,0,0,1,0,0,0,1,1,0
CUVAWetlnd367,CUVAWetlnd2021Oct01,D, Marcum,0,0,0,1,0,0,0,1,0,0,0,1,1,0,0,0,0,1,0,0,0,0,1,0,0,0,1,0,0,0,1,1,0,0,0,1,0,0,0,0,0,0,0,1,0,0,0,1,0,0
CUVAWetlnd368,CUVAWetlnd2016Jun22,D. Marcum,0,0,0,0,0,0,1,1,0,0,0,1,0,0,0,0,0,1,0,0,0,0,0,1,0,0,1,0,0,1,0,1,0,0,0,1,0,0,0,0,0,0,1,0,0,0,1,0,0,0
CUVAWetlnd368,CUVAWetlnd2021Jul22,D. Marcum,0,0,0,0,0,1,0,1,0,0,0,1,0,0,0,0,1,1,0,0,0,0,1,0,0,0,1,0,0,0,1,1,0,0,0,1,0,0,0,0,0,0,1,0,0,0,1,0,0,0
CUVAWetlnd369,CUVAWetlnd2016Jun22,D. Marcum,0,0,0,0,1,0,0,1,0,0,0,1,0,0,0,0,1,1,0,0,0,0,1,1,0,0,1,0,1,0,1,1,1,0,0,1,1,0,0,0,0,0,1,0,0,0,1,0,1,0
CUVAWetlnd369,CUVAWetlnd2021Jul22,D. Marcum,0,0,0,0,1,0,0,1,0,0,0,1,0,0,0,0,0,1,0,0,0,0,1,0,0,1,0,0,1,0,0,1,0,0,0,1,0,0,0,0,0,0,1,0,0,0,1,0,0,0
CUVAWetlnd37,CUVAWetlnd2012Jun04,S. Bingham, L. Biscan,0,0,0,0,1,0,0,1,0,0,0,0,1,1,0,0,0,1,1,0,0,0,0,1,0,0,1,0,0,1,0,1,0,0,0,1,0,0,0,0,0,1,1,0,0,0,0,1,1,0
CUVAWetlnd37,CUVAWetlnd2016Jun21,D. Marcum,0,0,0,0,1,0,0,1,0,0,0,1,1,0,0,0,0,1,1,0,0,0,0,1,0,0,1,0,0,1,0,1,0,0,0,1,0,0,0,0,0,0,1,0,0,0,1,0,0,0
CUVAWetlnd37,CUVAWetlnd2021Sep30,D. Marcum,0,0,0,0,1,0,0,1,0,0,0,1,0,0,0,0,0,1,0,0,0,0,1,0,0,0,1,0,0,1,1,1,0,0,0,1,0,0,0,0,0,0,0,1,0,0,1,1,0,0
CUVAWetlnd370,CUVAWetlnd2016Jun22,D. Marcum,0,0,0,0,0,0,1,1,0,0,0,1,0,0,0,0,1,1,0,0,0,0,1,0,0,0,1,0,1,0,1,1,0,0,0,1,0,0,0,0,0,0,1,0,0,0,1,0,0,0
CUVAWetlnd370,CUVAWetlnd2021Jul22,D. Marcum,0,0,0,0,0,0,1,1,0,0,0,1,0,0,0,0,0,1,0,0,0,0,1,0,0,0,1,0,0,0,1,1,0,0,0,1,0,0,0,0,0,0,0,0,1,0,1,0,0,0
CUVAWetlnd371,CUVAWetlnd2016Jun22,D. Marcum,0,0,0,0,0,1,0,1,0,0,0,1,0,0,0,0,0,1,0,0,0,0,0,0,0,0,1,0,0,0,1,1,0,0,0,1,0,0,0,0,0,0,0,0,1,0,1,0,0,0
CUVAWetlnd371,CUVAWetlnd2021Jul22,D. Marcum,0,0,0,0,0,1,0,1,0,0,0,1,0,0,0,0,0,1,0,0,0,0,1,0,0,0,1,0,0,0,1,1,0,0,0,1,0,0,0,0,0,0,0,0,1,0,1,0,0,0
CUVAWetlnd372,CUVAWetlnd2016Jun22,D. Marcum,0,0,0,0,0,1,0,1,0,0,0,0,1,0,0,0,1,1,0,0,0,0,0,0,0,0,1,0,1,0,1,1,0,0,0,1,0,0,0,0,0,0,0,1,0,0,1,0,0,0
CUVAWetlnd372,CUVAWetlnd2021Oct07,D. Marcum,0,0,0,0,0,1,0,1,0,0,0,1,1,0,0,0,1,1,0,0,0,0,1,0,0,0,1,0,1,0,1,1,0,0,0,1,0,0,0,0,0,0,1,0,0,0,1,0,0,0
CUVAWetlnd373,CUVAWetlnd2016Jun27,D. Marcum,0,0,1,0,0,0,0,0,1,0,0,1,1,0,0,0,1,1,1,0,0,0,1,1,0,0,1,0,1,0,0,1,1,0,0,0,1,0,0,0,0,1,0,0,0,0,1,1,0,0
CUVAWetlnd373,CUVAWetlnd2021Sep08,D. Marcum,0,0,1,0,0,0,0,1,0,0,0,1,1,0,0,0,0,1,1,0,0,0,1,0,0,0,1,0,0,1,1,1,0,0,0,1,0,0,0,0,0,0,1,0,0,0,0,1,0,0
CUVAWetlnd374,CUVAWetlnd2016Jul25,D. Marcum,0,0,0,0,0,0,1,1,0,0,0,1,0,0,0,0,0,1,0,0,0,0,0,1,0,0,1,0,0,0,1,1,0,0,0,1,0,0,0,0,0,0,0,1,0,0,1,0,0,0
CUVAWetlnd374,CUVAWetlnd2021Jul30,S. Bingham,0,0,0,0,0,0,1,1,0,0,0,1,0,1,0,0,0,1,0,0,0,0,1,0,0,0,1,0,1,0,0,1,0,0,0,1,0,0,0,0,0,0,0,0,1,0,1,0,0,0
CUVAWetlnd375,CUVAWetlnd2016Jul19,D. Marcum,0,0,0,0,1,0,0,0,1,0,0,1,0,1,0,0,0,1,0,0,0,0,1,0,0,0,1,0,0,0,1,1,0,0,0,1,0,0,0,0,0,0,1,0,0,0,0,1,1,0
CUVAWetlnd376,CUVAWetlnd2016Jul18,D. Marcum,0,0,0,1,0,0,0,0,1,0,0,0,1,0,0,0,0,1,0,0,0,0,1,0,0,0,1,0,1,0,1,1,0,0,0,1,0,0,0,0,0,0,1,0,0,0,0,0,1,0
CUVAWetlnd376,CUVAWetlnd2021Jul27,S. Bingham,0,0,1,0,0,0,0,0,1,0,0,0,1,1,0,0,0,1,0,0,0,0,1,0,0,0,1,0,0,1,0,0,1,1,0,0,1,0,0,0,0,0,1,0,0,0,0,0,1,0
CUVAWetlnd377,CUVAWetlnd2016Jul25,D. Marcum,0,0,0,0,0,0,1,1,0,0,0,1,0,1,0,0,0,1,0,0,0,1,0,0,0,0,1,0,0,0,1,1,0,0,0,1,0,0,0,0,0,0,0,1,0,0,1,0,0,0
CUVAWetlnd377,CUVAWetlnd2021Jun07,D. Marcum,0,0,0,0,0,0,1,1,0,0,0,1,0,1,0,0,0,1,1,0,0,0,1,0,0,0,1,0,0,0,1,1,0,1,0,1,0,0,0,0,0,0,0,1,0,0,1,0,0,0
CUVAWetlnd378,CUVAWetlnd2016Jul25,D. Marcum,0,0,0,0,0,1,0,1,0,0,0,1,0,1,0,0,0,1,0,0,0,1,0,0,0,0,1,0,0,1,0,1,0,0,0,1,0,0,0,0,0,0,0,1,0,0,1,0,0,0
CUVAWetlnd378,CUVAWetlnd2021Jun07,D. Marcum,0,0,0,0,0,1,0,1,0,0,0,1,1,0,0,0,1,1,1,0,0,0,1,0,0,0,1,0,0,0,1,1,0,1,0,1,0,0,0,0,0,0,0,0,1,0,1,0,1,0
CUVAWetlnd379,CUVAWetlnd2016Jul06,D. Marcum,0,0,0,0,0,0,1,0,1,0,0,1,0,1,0,0,0,1,1,0,0,0,0,1,0,0,1,0,0,1,0,0,1,0,0,1,0,0,0,0,0,0,0,1,0,0,1,1,0,0
CUVAWetlnd379,CUVAWetlnd2021Oct13,D. Marcum, S. Bingham,0,0,0,0,0,0,1,0,1,0,0,1,0,1,0,0,0,1,0,0,0,0,1,0,0,0,1,0,0,1,0,1,0,0,0,1,0,0,0,0,0,0,1,0,0,0,1,0,0,0
CUVAWetlnd38,CUVAWetlnd2012May02,S. Bingham, D. Marcum,0,0,0,0,1,0,0,1,0,0,0,1,1,0,0,0,0,1,1,0,0,0,1,1,0,0,1,0,0,1,0,1,0,0,0,1,0,0,0,0,1,0,0,0,0,0,1,1,0,0
CUVAWetlnd380,CUVAWetlnd2016Sep07,D. Marcum,0,0,0,0,0,1,0,1,0,0,0,1,0,1,0,0,0,1,1,0,0,0,0,0,0,0,1,0,1,0,0,0,0,1,1,0,1,0,1,0,0,0,0,0,0,1,0,0,1,1
CUVAWetlnd380,CUVAWetlnd2021Oct07,D. Marcum,0,0,0,0,1,0,0,1,0,0,0,1,0,0,0,0,0,1,0,1,0,0,1,0,0,0,1,0,1,0,0,0,1,0,0,1,0,0,0,0,0,0,0,0,1,0,1,0,0,0
CUVAWetlnd381,CUVAWetlnd2016Sep07,D. Marcum,0,0,0,0,0,0,1,0,0,1,0,0,0,1,0,0,0,1,1,0,0,1,0,1,0,0,1,0,0,1,0,0,1,0,0,1,0,0,0,0,0,0,0,1,0,0,1,0,0,0
CUVAWetlnd381,CUVAWetlnd2021Sep02,D. Marcum,0,0,0,0,0,0,1,0,1,0,0,1,1,0,0,0,0,1,0,0,0,0,1,0,0,0,1,0,0,0,1,1,0,0,0,1,0,0,0,0,0,0,0,1,0,0,1,0,0,0
CUVAWetlnd382,CUVAWetlnd2016Jul25,D. Marcum,0,0,0,0,0,0,1,1,0,0,0,1,0,0,0,0,0,1,0,0,0,0,1,0,0,1,0,1,0,0,0,1,0,0,0,1,0,0,0,0,0,0,0,1,0,0,1,0,0,0
CUVAWetlnd382,CUVAWetlnd2021Jun07,D. Marcum,0,0,0,0,0,0,1,1,0,0,0,1,0,0,0,0,0,1,0,0,0,0,1,0,0,0,1,0,0,1,0,1,0,0,0,1,0,0,0,0,0,0,0,0,0,1,1,0,0,0
CUVAWetlnd383,CUVAWetlnd2016Jul25,D. Marcum,0,0,0,0,0,0,1,1,0,0,0,1,0,0,0,0,0,1,0,0,0,0,1,0,0,0,1,0,0,0,1,0,1,0,0,1,0,0,0,0,0,0,1,0,0,0,0,1,0,0
CUVAWetlnd383,CUVAWetlnd2021Jun07,D. Marcum,0,0,0,0,0,0,1,1,0,0,0,1,1,0,0,0,0,1,0,0,0,0,1,0,0,0,1,0,0,1,1,1,0,0,0,0,1,0,0,0,0,0,0,1,0,0,0,1,1,0
CUVAWetlnd384,CUVAWetlnd2016Aug23,D. Marcum,0,0,0,0,0,0,1,0,1,0,0,0,1,1,0,0,0,1,0,0,0,0,0,1,0,0,1,0,0,0,1,1,0,0,0,1,0,0,0,0,0,0,0,1,0,0,0,0,1,0
CUVAWetlnd384,CUVAWetlnd2021Aug03,S. Bingham,0,0,0,0,0,0,1,0,1,0,0,0,1,1,0,0,0,1,0,0,0,0,1,0,0,0,1,0,0,0,1,0,1,0,0,0,1,0,0,0,0,0,1,0,0,0,0,1,1,0
CUVAWetlnd385,CUVAWetlnd2016Sep13,D. Marcum,0,0,0,0,0,1,0,1,0,0,0,1,0,1,0,0,0,1,1,0,0,0,0,1,0,0,1,0,0,1,1,0,0,1,0,0,1,1,0,0,0,0,0,0,1,0,0,1,0,0
CUVAWetlnd385,CUVAWetlnd2021Aug03,S. Bingham,0,0,0,0,0,1,0,1,0,0,0,0,1,1,0,0,0,1,1,0,0,0,1,0,0,0,1,0,1,0,0,0,0,1,0,1,1,0,0,0,0,1,0,0,0,0,1,1,0,0
CUVAWetlnd386,CUVAWetlnd2016Jul19,D. Marcum,0,0,0,0,0,1,0,1,0,0,0,0,1,0,0,0,0,1,0,0,0,0,1,0,0,0,1,0,0,1,1,1,0,0,0,1,0,0,0,0,0,0,0,1,0,0,0,1,1,0
CUVAWetlnd386,CUVAWetlnd2021Aug06,S. Bingham,0,0,0,0,0,1,0,1,0,0,0,1,0,0,1,0,0,1,1,0,0,0,1,0,0,0,1,0,0,1,0,0,1,0,0,1,1,0,0,0,0,0,0,1,0,0,0,1,1,0
CUVAWetlnd387,CUVAWetlnd2016Aug24,D. Marcum,0,0,0,0,0,0,1,1,0,0,0,1,0,0,1,0,0,1,0,0,0,0,0,0,0,0,1,0,0,0,1,1,0,0,0,1,0,0,0,0,0,0,0,1,0,0,1,0,0,0
CUVAWetlnd388,CUVAWetlnd2016Sep08,D. Marcum,0,0,0,0,1,0,0,0,1,0,0,1,0,1,0,0,0,1,1,0,1,0,0,1,0,0,1,0,0,1,0,1,0,0,0,1,0,0,0,0,0,0,0,1,0,0,1,0,1,0
CUVAWetlnd388,CUVAWetlnd2021Sep03,D. Marcum,0,0,0,0,1,0,0,1,0,0,0,1,0,1,0,0,0,1,1,0,1,0,1,0,0,1,0,0,1,0,0,1,0,0,0,1,0,0,0,0,0,1,0,0,0,0,1,0,0,1
CUVAWetlnd389,CUVAWetlnd2016Jun30,D. Marcum,0,0,0,1,0,0,0,0,0,1,0,0,1,1,0,0,0,1,0,0,1,0,0,0,0,0,1,0,0,1,1,0,1,0,0,0,1,1,0,0,0,0,0,0,1,0,0,1,1,0
CUVAWetlnd389,CUVAWetlnd2021Jul07,D. Marcum,0,0,0,1,0,0,0,1,0,0,0,0,1,0,0,0,0,1,0,0,0,0,1,0,0,0,1,0,0,0,1,0,0,0,1,1,0,0,0,0,0,0,0,1,0,0,0,0,1,0
CUVAWetlnd39,CUVAWetlnd2012Apr09,S. Bingham, D. Marcum,0,0,0,1,0,0,0,0,1,0,0,0,1,1,0,0,1,1,1,0,0,0,1,1,0,0,1,0,0,1,0,0,1,1,0,0,1,1,0,0,0,0,1,0,0,0,0,0,1,0
CUVAWetlnd390,CUVAWetlnd2016Jun29,D. Marcum,0,0,0,1,0,0,0,0,0,1,0,0,1,1,0,0,0,1,1,0,1,0,1,0,0,0,1,1,0,0,1,0,1,0,0,0,1,0,0,0,0,1,0,0,0,0,0,1,1,0
CUVAWetlnd390,CUVAWetlnd2021Jun24,D. Marcum,0,0,0,1,0,0,0,0,1,0,0,0,0,1,0,0,0,1,0,0,0,0,1,0,0,1,0,0,1,0,1,0,0,0,1,0,1,0,0,0,0,0,0,1,0,0,0,0,1,0
CUVAWetlnd391,CUVAWetlnd2016Jun27,D. Marcum,0,0,0,0,0,0,1,1,0,0,0,1,0,0,0,0,1,1,0,0,0,0,0,1,0,0,1,1,0,0,0,1,0,0,0,1,0,1,0,0,0,0,0,0,0,1,1,0,1,0
CUVAWetlnd391,CUVAWetlnd2021Sep03,D. Marcum,0,0,0,0,0,0,1,1,0,0,0,1,0,0,0,0,1,1,0,0,0,0,1,0,0,0,1,0,1,0,0,1,0,0,0,1,0,0,1,0,0,0,1,0,0,0,1,0,0,0
CUVAWetlnd392,CUVAWetlnd2016Sep20,D. Marcum,0,0,0,0,0,1,0,1,0,0,0,1,0,0,0,0,0,1,0,0,0,0,1,0,0,0,1,0,0,0,1,1,0,0,0,1,0,0,0,0,0,1,0,0,0,0,1,0,0,0
CUVAWetlnd392,CUVAWetlnd2021Sep30,S. Bingham,0,0,0,0,0,1,0,1,0,0,0,1,0,0,0,0,0,1,0,0,0,0,1,0,0,0,1,0,0,0,1,1,0,0,0,0,1,0,0,0,0,0,0,1,0,0,0,1,0,0
CUVAWetlnd393,CUVAWetlnd2016Jul08,D. Marcum,0,0,0,0,0,1,0,0,1,0,0,0,1,1,0,0,0,1,0,0,0,0,0,0,0,0,1,0,0,0,1,1,0,0,0,0,0,1,1,0,0,0,1,0,0,0,0,1,1,0
CUVAWetlnd393,CUVAWetlnd2021Oct07,S. Bingham,0,0,0,0,1,0,0,1,0,0,0,1,0,1,0,0,0,1,0,0,0,0,1,0,0,0,1,0,0,0,1,0,0,1,0,0,0,1,0,0,0,0,0,1,0,0,0,0,1,0
CUVAWetlnd394,CUVAWetlnd2016Jul08,D. Marcum,0,0,0,0,0,0,1,1,0,0,0,1,0,1,0,0,0,1,0,0,0,0,0,0,0,0,1,0,0,0,1,1,0,0,0,0,1,0,0,0,0,0,0,1,0,0,0,1,0,0
CUVAWetlnd394,CUVAWetlnd2021Oct07,S. Bingham,0,0,0,0,0,1,0,1,0,0,0,1,0,1,0,0,0,1,0,0,0,0,1,0,0,0,1,0,0,0,1,0,1,0,0,0,1,0,0,0,0,0,0,1,0,0,0,1,0,0
CUVAWetlnd395,CUVAWetlnd2016Jul07,D. Marcum,0,0,0,0,0,1,0,0,0,1,0,1,0,1,0,0,0,1,1,0,0,0,0,0,0,0,1,0,1,0,1,0,1,0,0,1,0,0,0,0,0,0,0,1,0,0,0,0,1,0
CUVAWetlnd395,CUVAWetlnd2021Sep02,D. Marcum,0,0,0,0,0,0,1,0,0,1,0,1,0,1,0,0,1,1,0,0,0,0,1,0,0,0,1,0,0,1,0,0,1,0,1,1,0,0,0,0,0,0,1,0,0,0,0,1,0,0
CUVAWetlnd396,CUVAWetlnd2016Jul12,D. Marcum,0,0,0,0,1,0,0,1,0,0,0,1,0,1,0,0,1,1,0,0,0,0,0,1,0,0,1,1,0,0,0,1,0,0,0,1,0,0,0,0,0,1,0,0,0,0,1,0,0,0
CUVAWetlnd396,CUVAWetlnd2021Sep30,S. Bingham,0,0,0,0,0,1,0,1,0,0,0,1,0,1,0,0,1,1,0,0,0,0,1,0,0,0,1,1,0,0,0,1,0,0,0,1,0,0,0,0,0,1,0,0,0,0,1,0,0,0
CUVAWetlnd397,CUVAWetlnd2016Aug31,D. Marcum,0,0,0,0,0,0,1,1,0,0,0,1,0,0,0,0,0,1,0,0,0,0,0,1,0,0,1,0,0,1,1,1,0,0,0,1,0,0,0,0,0,0,1,0,0,0,1,0,0,0
CUVAWetlnd397,CUVAWetlnd2021Jul06,D. Marcum,0,0,0,0,0,0,1,1,0,0,0,1,0,0,0,0,1,1,0,0,0,0,1,0,0,0,1,0,0,0,1,1,0,0,0,1,0,0,0,0,0,1,0,0,0,0,1,0,0,0
CUVAWetlnd398,CUVAWetlnd2016Jul11,D. Marcum,0,0,0,0,1,0,0,0,0,1,0,1,0,1,0,0,0,1,1,0,1,0,1,1,0,1,0,1,1,0,0,0,1,0,0,0,1,0,0,0,0,1,0,0,0,0,0,1,0,0
CUVAWetlnd398,CUVAWetlnd2021Jul30,D. Marcum,0,0,0,0,1,0,0,0,1,0,0,1,1,0,0,0,0,1,1,0,1,0,1,0,1,0,0,1,0,0,0,0,1,0,0,0,1,0,0,0,0,1,0,0,0,0,0,1,0,0
CUVAWetlnd399,CUVAWetlnd2016Jun27,D. Marcum,0,0,1,0,0,0,0,0,1,0,0,1,1,0,0,0,0,1,1,0,1,0,0,1,0,1,0,0,1,1,0,1,1,0,0,1,0,0,0,0,0,0,0,1,0,0,1,0,0,0
CUVAWetlnd399,CUVAWetlnd2021Jul30,D. Marcum,0,0,1,0,0,0,0,0,1,0,0,1,0,1,0,0,0,1,1,0,1,0,1,0,0,1,0,0,1,1,0,1,0,0,0,1,1,0,0,0,0,0,0,1,0,0,1,1,0,0
CUVAWetlnd4,CUVAWetlnd2016Feb01,D. Marcum,0,0,1,0,0,0,0,0,1,0,0,1,0,1,0,0,0,1,0,1,1,0,1,1,1,0,0,1,0,0,0,0,1,0,0,0,1,0,0,0,0,1,0,0,0,0,0,1,0,0
CUVAWetlnd4,CUVAWetlnd2021Sep08,D. Marcum,0,0,1,0,0,0,0,1,0,0,0,0,1,0,0,0,0,1,0,1,0,0,1,0,1,0,0,1,0,0,0,1,0,0,0,1,0,0,0,0,0,1,0,0,0,0,0,1,0,0
CUVAWetlnd40,CUVAWetlnd2012Mar26,S. Bingham, D. Marcum,0,0,0,0,1,0,0,0,1,0,0,0,1,1,0,0,0,1,1,0,0,1,1,0,0,1,0,0,0,1,0,0,1,0,1,0,1,0,0,0,0,0,1,1,0,0,0,0,1,0
CUVAWetlnd400,CUVAWetlnd2016Aug31,D. Marcum,0,0,0,0,0,1,0,1,0,0,0,1,0,0,0,0,1,1,0,0,0,0,0,1,0,0,1,0,1,0,0,1,0,0,0,1,0,0,0,0,1,0,0,0,0,0,1,0,0,0
CUVAWetlnd400,CUVAWetlnd2021Jul08,D. Marcum,0,0,0,0,0,1,0,1,0,0,0,1,0,0,0,0,1,1,0,0,0,0,1,0,0,0,1,0,1,0,0,1,0,0,0,1,0,0,0,0,0,1,0,0,0,0,1,0,0,0
CUVAWetlnd401,CUVAWetlnd2016Sep06,D. Marcum,0,0,0,0,0,0,1,1,0,0,0,1,0,1,0,0,0,1,1,0,0,0,0,1,0,0,1,0,0,1,1,1,0,0,0,1,0,0,0,0,0,0,0,0,1,0,1,0,0,0
CUVAWetlnd401,CUVAWetlnd2021Jul21,D. Marcum,0,0,0,0,0,0,1,1,0,0,0,1,0,1,0,0,0,1,0,0,0,0,1,0,0,0,1,0,0,1,0,1,0,0,0,1,0,0,0,0,0,0,0,0,0,1,1,0,0,0
CUVAWetlnd402,CUVAWetlnd2016Sep13,D. Marcum,0,0,0,0,0,0,1,1,0,0,0,1,0,1,0,0,0,1,0,0,0,0,1,0,0,0,1,0,0,0,1,1,0,0,0,1,0,0,0,0,0,0,0,1,0,0,1,0,0,0
CUVAWetlnd402,CUVAWetlnd2021Jul21,D. Marcum,0,0,0,0,0,0,1,1,0,0,0,1,0,1,0,0,0,1,0,0,0,0,1,0,0,0,1,0,0,0,1,1,0,0,0,0,1,0,0,0,0,0,0,0,1,0,1,0,1,0
CUVAWetlnd403,CUVAWetlnd2016Sep06,D. Marcum,0,0,0,0,0,1,0,0,0,0,1,1,0,0,0,0,0,1,0,0,0,0,0,1,0,0,1,0,0,0,1,0,1,0,0,0,0,1,0,0,0,0,0,0,0,1,0,0,0,1
CUVAWetlnd403,CUVAWetlnd2021Jul21,D. Marcum,0,0,0,0,1,0,0,1,0,0,0,1,0,1,0,0,1,1,1,0,0,0,1,0,0,0,1,1,0,0,0,0,1,0,0,0,0,0,1,0,0,0,1,0,0,0,0,0,1,1
CUVAWetlnd404,CUVAWetlnd2016Sep06,D. Marcum,0,0,0,0,0,0,1,1,0,0,0,1,0,0,0,0,0,1,0,0,0,0,0,1,0,0,1,0,0,0,1,1,0,0,0,1,0,0,0,0,0,0,1,0,0,0,1,0,0,0
CUVAWetlnd404,CUVAWetlnd2021Oct08, D. Marcum, S. Knapp,0,0,0,0,1,0,0,1,0,0,0,1,0,0,0,0,1,1,0,0,0,0,1,0,0,0,1,0,0,1,0,1,0,0,0,1,0,0,0,0,0,1,0,0,0,0,1,0,0,0
CUVAWetlnd405,CUVAWetlnd2016Jul14,D. Marcum,0,0,0,0,1,0,0,0,1,0,0,0,1,0,0,0,0,1,0,0,0,0,1,0,0,0,1,0,0,0,1,1,0,0,0,1,0,0,0,0,0,1,0,0,0,0,0,1,0,0
CUVAWetlnd405,CUVAWetlnd2021Jun30,D. Marcum,0,0,0,1,0,0,0,0,1,0,0,0,1,1,0,0,0,1,0,0,0,0,1,0,0,0,1,0,0,1,1,1,0,0,0,0,1,0,0,0,0,1,0,0,0,0,1,1,0,0
CUVAWetlnd406,CUVAWetlnd2016Jul14,D. Marcum,0,0,0,1,0,0,0,0,1,0,0,0,1,1,0,0,0,1,1,0,0,0,1,1,0,0,1,0,0,1,1,1,0,0,0,1,0,0,0,0,0,1,0,0,0,0,0,1,0,0
CUVAWetlnd406,CUVAWetlnd2021Jun30,D. Marcum,0,0,0,1,0,0,0,0,1,0,0,0,1,1,0,0,0,1,0,0,0,0,1,0,0,0,1,0,0,1,1,1,0,0,0,1,0,0,0,0,0,1,0,0,0,0,1,1,0,0
CUVAWetlnd407,CUVAWetlnd2016Jul14,D. Marcum,0,0,0,0,1,0,0,0,1,0,0,1,1,0,0,0,0,1,0,0,0,0,1,0,0,0,1,0,0,0,1,1,0,0,0,1,0,0,0,0,0,0,0,1,0,0,0,1,0,0
CUVAWetlnd407,CUVAWetlnd2021Oct05,D. Marcum,0,0,0,0,1,0,0,1,0,0,0,1,1,0,0,0,0,1,0,0,0,0,1,0,0,0,1,0,0,0,1,1,0,0,0,0,1,0,0,0,0,1,0,0,0,0,1,1,0,0
CUVAWetlnd408,CUVAWetlnd2016MarD.,D. Marcum,0,0,0,1,0,0,0,0,1,0,0,0,1,0,0,0,0,1,1,0,0,0,1,0,0,0,1,0,1,0,1,0,1,0,0,0,1,1,0,0,0,0,1,0,0,0,0,1,0,0
CUVAWetlnd408,CUVAWetlnd2021Jul01,D. Marcum,0,0,0,1,0,0,0,1,0,0,0,1,0,1,0,0,1,1,0,0,0,0,1,0,0,0,1,0,1,1,0,0,1,0,0,0,1,0,0,0,0,1,0,0,0,0,0,1,0,0
CUVAWetlnd409,CUVAWetlnd2016Jul05,D. Marcum,0,0,0,0,0,1,0,1,0,0,0,1,1,0,0,0,1,1,0,0,0,1,0,0,0,0,1,1,0,0,0,1,0,0,0,1,0,0,0,0,1,0,0,0,0,0,1,0,0,0
CUVAWetlnd409,CUVAWetlnd2021Jul21,D. Marcum,0,0,0,0,0,1,0,1,0,0,0,1,1,0,0,0,1,1,0,0,0,0,1,0,0,0,1,0,1,0,1,1,0,0,0,1,0,0,0,0,1,0,0,0,0,0,0,1,0,0
CUVAWetlnd41,CUVAWetlnd2012Apr09,S. Bingham, D. Marcum,0,0,0,0,1,0,0,0,1,0,0,0,1,1,0,0,1,1,1,0,0,0,1,1,0,0,1,0,0,1,0,0,1,0,0,0,1,0,0,0,0,0,1,1,0,0,0,0,1,0
CUVAWetlnd410,CUVAWetlnd2016Jul01,D. Marcum,0,0,0,0,0,0,1,0,1,0,0,1,0,1,0,0,0,1,1,0,0,1,0,1,0,0,1,0,0,1,0,1,1,0,0,1,0,0,0,0,0,0,0,0,1,0,1,0,0,0
CUVAWetlnd410,CUVAWetlnd2021Jul20,D. Marcum,0,0,0,0,0,0,1,0,1,0,0,1,0,1,0,0,1,1,0,0,0,0,1,0,0,0,1,0,0,0,1,1,0,0,0,1,0,0,0,0,0,0,0,0,0,1,1,0,0,0
CUVAWetlnd411,CUVAWetlnd2016Jul01,D. Marcum,0,0,0,0,0,0,1,1,0,0,0,1,0,0,0,0,1,1,0,0,0,0,0,1,0,0,1,0,0,1,0,1,0,0,0,1,0,0,0,0,0,0,0,1,0,0,1,0,0,0
CUVAWetlnd411,CUVAWetlnd2021Jul21,D. Marcum,0,0,0,0,0,0,1,1,0,0,0,1,0,0,0,0,1,1,0,0,0,0,1,0,0,0,1,0,0,1,1,1,0,0,0,1,0,0,0,0,0,0,1,0,0,0,1,0,0,0
CUVAWetlnd412,CUVAWetlnd2016Jul08,D. Marcum,0,0,0,0,0,0,1,0,0,1,0,1,0,1,0,0,1,1,0,0,0,1,0,1,0,0,1,0,1,1,0,0,1,0,0,1,0,0,0,0,0,0,0,1,0,0,1,0,0,0
CUVAWetlnd412,CUVAWetlnd2021Sep02,D. Marcum,0,0,0,0,0,0,1,0,0,1,0,1,0,1,0,0,0,1,0,0,0,0,1,0,0,0,1,0,0,1,1,0,1,0,0,1,0,0,0,0,0,0,0,1,0,0,1,0,0,0
CUVAWetlnd413,CUVAWetlnd2016Jul08,D. Marcum,0,0,0,0,1,0,0,1,0,0,0,1,1,0,0,0,0,1,1,0,0,0,1,0,0,0,1,0,0,1,1,1,0,0,0,1,0,0,0,0,0,0,1,0,0,0,1,1,0,0
CUVAWetlnd413,CUVAWetlnd2021Oct13,D. Marcum,0,0,0,1,0,0,0,1,0,0,0,0,1,0,0,0,0,1,0,0,0,0,1,0,0,0,1,0,0,0,1,0,1,0,0,1,0,0,0,0,0,0,0,1,0,0,1,0,1,0
CUVAWetlnd414,CUVAWetlnd2016Jul07,D. Marcum,0,0,0,0,0,1,0,1,0,0,0,0,1,0,0,0,0,1,1,0,0,0,0,1,0,0,1,0,0,1,1,1,0,0,0,1,0,0,0,0,0,0,0,1,0,0,1,0,1,0
CUVAWetlnd414,CUVAWetlnd2021Sep09,D. Marcum,0,0,0,0,0,1,0,1,0,0,0,1,1,0,0,0,0,1,0,0,0,0,1,0,0,0,1,0,0,0,1,1,0,0,0,1,0,0,0,0,0,0,0,1,0,0,0,1,0,0
CUVAWetlnd415,CUVAWetlnd2016Jul07,D. Marcum,0,0,0,0,0,1,0,1,0,0,0,0,1,0,0,0,0,1,0,0,0,0,0,1,0,0,1,0,0,0,1,1,0,0,0,1,0,0,0,0,0,0,0,1,0,0,1,0,1,0
CUVAWetlnd415,CUVAWetlnd2021Sep09,D. Marcum,0,0,0,0,0,1,0,1,0,0,0,1,0,0,0,0,0,1,0,0,0,0,1,0,0,0,1,0,0,0,1,1,0,0,0,1,0,0,0,0,0,0,0,0,1,0,1,1,0,0
CUVAWetlnd416,CUVAWetlnd2016Jul07,D. Marcum,0,0,0,0,0,1,0,0,0,0,1,0,1,1,0,0,0,1,1,0,0,0,0,1,0,0,1,0,0,1,0,0,1,0,0,0,1,1,0,0,0,0,0,1,0,0,0,0,1,0
CUVAWetlnd416,CUVAWetlnd2021Sep09,D. Marcum,0,0,0,0,0,1,0,0,1,0,0,0,1,0,0,0,0,1,0,0,0,0,1,0,0,0,1,0,0,0,1,0,1,0,0,1,0,0,0,0,0,0,1,0,0,0,0,0,1,1
CUVAWetlnd417,CUVAWetlnd2016Jun29,D. Marcum,0,0,0,0,1,0,0,1,0,0,0,0,1,0,0,0,0,1,0,0,0,0,0,1,0,0,1,0,0,0,1,1,0,0,0,1,0,0,0,0,0,0,0,0,1,0,1,0,0,0
CUVAWetlnd417,CUVAWetlnd2021Sep30,D. Marcum,0,0,0,0,1,0,0,1,0,0,0,0,1,0,0,0,0,1,0,0,0,0,1,0,0,0,1,0,0,0,1,1,0,0,0,0,1,0,0,0,0,0,0,0,1,0,0,1,1,0
CUVAWetlnd418,CUVAWetlnd2016Jun27,D. Marcum,0,0,0,0,1,0,0,0,0,1,0,0,1,1,0,0,0,1,1,0,0,0,0,1,0,1,0,0,1,0,0,0,1,0,0,0,1,0,0,0,0,0,0,0,1,0,0,1,0,0
CUVAWetlnd418,CUVAWetlnd2021Sep30,D. Marcum,0,0,0,0,1,0,0,1,0,0,0,0,1,0,0,0,0,1,1,0,0,0,1,0,0,0,1,0,0,0,1,1,0,0,0,1,0,0,0,0,0,0,0,1,0,0,0,1,0,0
CUVAWetlnd419,CUVAWetlnd2016Jul21,D. Marcum,0,0,0,0,1,0,0,0,1,0,0,1,0,1,0,0,1,1,0,0,0,0,1,0,0,0,1,0,1,0,0,0,0,0,1,0,1,0,0,0,0,0,1,0,0,0,1,1,0,0
CUVAWetlnd419,CUVAWetlnd2021Jun11,D. Marcum,0,0,0,0,1,0,0,1,0,0,0,1,0,1,0,0,1,1,0,0,0,0,1,0,0,0,1,0,1,0,0,1,0,1,0,0,1,0,0,0,1,0,0,0,0,0,0,1,0,0
CUVAWetlnd42,CUVAWetlnd2012Mar28,S. Bingham, D. Marcum,0,0,0,0,1,0,0,0,1,0,0,0,1,1,0,0,1,1,1,0,0,1,1,1,0,0,1,0,1,0,0,0,1,0,0,0,1,0,0,0,0,0,1,0,0,0,0,1,0,0
CUVAWetlnd420,CUVAWetlnd2016Jul21,D. Marcum,0,0,0,0,0,1,0,1,0,0,0,1,0,1,0,0,0,1,1,0,0,0,0,1,0,0,1,0,0,1,1,1,0,0,0,1,0,0,0,0,0,0,0,1,0,0,1,0,0,0
CUVAWetlnd420,CUVAWetlnd2021Jun11,D. Marcum,0,0,0,0,0,1,0,1,0,0,0,1,0,0,1,0,1,1,1,0,0,0,1,0,0,0,1,0,1,0,0,1,0,0,0,1,0,0,0,0,0,0,0,1,0,0,1,0,0,0
CUVAWetlnd421,CUVAWetlnd2016Jul21,D. Marcum,0,0,0,0,0,1,0,1,0,0,0,1,0,1,0,0,1,1,0,0,0,0,0,1,0,0,1,0,1,0,0,1,0,0,0,1,0,0,0,0,0,0,1,0,0,0,1,0,0,0
CUVAWetlnd421,CUVAWetlnd2021Jun08,D. Marcum,0,0,0,0,0,1,0,1,0,0,0,1,0,1,0,0,1,1,0,0,0,0,1,0,0,0,1,0,0,0,1,1,0,0,0,1,0,0,0,0,0,0,1,0,0,0,1,0,0,0
CUVAWetlnd422,CUVAWetlnd2016Jul27,D. Marcum,0,0,0,0,0,0,1,0,0,1,0,0,1,1,0,0,0,1,0,0,0,1,0,1,0,0,1,0,0,0,1,0,1,0,0,1,0,0,0,0,0,0,0,1,0,0,1,0,0,0
CUVAWetlnd422,CUVAWetlnd2021Jun30,S. Bingham,0,0,0,0,0,0,1,0,1,0,0,1,0,1,0,0,0,1,1,0,1,1,1,0,0,0,1,0,0,1,0,1,0,0,0,0,1,0,0,0,0,0,0,1,0,0,0,1,0,0
CUVAWetlnd423,CUVAWetlnd2016Jul27,D. Marcum,0,0,0,0,0,0,1,0,1,0,0,1,0,0,1,0,0,1,0,0,0,1,0,1,0,0,1,0,0,1,1,0,1,0,0,1,0,0,0,0,0,0,1,0,0,0,1,0,0,0
CUVAWetlnd423,CUVAWetlnd2021Jun30,S. Bingham,0,0,0,0,0,1,0,0,1,0,0,1,0,0,1,0,0,1,0,0,0,1,1,0,0,0,1,0,0,1,0,0,1,0,0,1,0,1,0,0,0,0,1,1,0,0,1,0,1,0
CUVAWetlnd424,CUVAWetlnd2016Sep12,D. Marcum,0,0,0,0,1,0,0,0,0,1,0,1,0,1,0,0,0,1,0,0,0,0,1,1,0,0,1,0,0,0,1,1,0,0,0,0,0,1,0,0,0,0,0,1,0,0,1,0,0,1
CUVAWetlnd424,CUVAWetlnd2021Jun30,S. Bingham,0,0,0,0,0,1,0,0,1,0,0,1,0,1,0,0,1,1,0,0,0,0,1,0,0,0,1,0,1,0,0,1,0,0,0,1,1,0,0,0,0,1,0,0,0,0,1,0,1,0
CUVAWetlnd425,CUVAWetlnd2016Jul27,D. Marcum,0,0,0,0,0,0,1,1,0,0,0,1,0,1,0,0,0,1,0,0,0,0,0,1,0,0,1,0,0,0,1,1,0,0,0,1,0,0,0,0,0,0,1,0,0,0,1,0,0,0
CUVAWetlnd425,CUVAWetlnd2021Jun30,S. Bingham,0,0,0,0,0,0,1,1,0,0,0,1,0,1,0,0,0,1,1,0,0,0,1,0,0,0,1,0,0,1,0,1,0,0,0,1,0,0,0,0,0,0,0,1,0,0,0,1,0,0
CUVAWetlnd426,CUVAWetlnd2016Jul27,D. Marcum,0,0,0,0,0,0,1,1,0,0,0,1,0,0,1,0,0,1,0,0,0,0,1,0,0,0,1,0,0,1,0,1,0,0,0,1,0,0,0,0,0,0,0,1,0,0,1,0,0,0
CUVAWetlnd426,CUVAWetlnd2021Jun30,S. Bingham,0,0,0,0,0,1,0,1,0,0,0,1,0,1,0,0,1,1,0,0,0,0,1,0,0,0,1,0,0,0,1,1,0,0,0,1,0,0,0,0,0,0,0,1,0,0,0,1,0,0
CUVAWetlnd427,CUVAWetlnd2016Jul27,D. Marcum,0,0,0,0,0,0,1,1,0,0,0,1,0,1,0,0,0,1,0,0,0,0,1,0,0,0,1,0,0,1,0,1,0,0,0,1,0,0,0,0,0,0,0,1,0,0,1,0,0,0
CUVAWetlnd427,CUVAWetlnd2021Jun30,S. Bingham,0,0,0,0,0,0,1,0,1,0,0,1,0,1,0,0,0,1,0,0,0,0,1,0,0,0,1,0,0,1,0,1,0,0,0,1,0,0,0,0,0,0,0,1,0,0,1,1,0,0
CUVAWetlnd428,CUVAWetlnd2016Jul20,D. Marcum,0,0,0,0,0,0,1,1,0,0,0,1,0,1,0,0,1,1,0,0,0,0,0,1,0,1,0,1,0,0,0,1,0,0,0,1,0,0,0,0,0,0,1,0,0,0,1,0,0,0
CUVAWetlnd428,CUVAWetlnd2021Sep17,S. Bingham,0,0,0,0,0,0,1,1,0,0,0,1,0,0,0,0,1,1,0,0,1,0,1,0,0,0,1,0,1,0,0,1,0,0,0,1,0,0,0,0,0,0,1,0,0,0,1,0,0,0
CUVAWetlnd429,CUVAWetlnd2016Jul20,D. Marcum,0,0,0,0,0,0,1,1,0,0,0,1,0,1,0,0,0,1,1,0,0,0,0,1,0,0,1,0,0,1,1,1,0,0,0,1,0,0,0,0,0,0,0,1,0,0,1,0,0,0
CUVAWetlnd429,CUVAWetlnd2021Sep17,S. Bingham,0,0,0,0,0,0,1,1,0,0,0,1,0,1,0,0,1,1,0,0,0,0,1,0,0,0,1,0,0,0,1,1,0,0,0,1,0,0,0,0,0,0,0,0,1,0,1,0,0,0
CUVAWetlnd43,CUVAWetlnd2012Mar28,S. Bingham, D. Marcum,0,0,0,1,0,0,0,0,1,0,0,0,1,0,0,0,1,1,1,0,0,1,1,1,0,0,1,0,0,1,0,0,1,0,1,0,1,1,0,0,0,0,1,1,0,0,0,0,1,0
CUVAWetlnd430,CUVAWetlnd2016Jul28,D. Marcum,0,0,0,0,0,1,0,0,0,1,0,0,1,0,1,0,0,1,0,1,0,0,0,0,1,0,0,1,0,0,0,1,0,0,0,1,0,0,0,0,0,0,0,1,0,0,1,0,0,0
CUVAWetlnd430,CUVAWetlnd2021Sep24,S. Bingham,0,0,0,0,0,1,0,0,0,0,1,0,1,1,0,0,0,1,0,0,0,0,0,0,1,0,0,1,0,0,0,0,1,0,0,0,1,0,0,0,0,0,0,1,0,0,0,1,0,0
CUVAWetlnd431,CUVAWetlnd2016Jun14,D. Marcum,0,1,0,0,0,0,0,0,0,1,0,0,1,0,1,0,0,1,1,1,1,0,1,1,0,0,0,1,0,1,0,0,1,0,0,1,0,0,0,0,1,0,0,0,0,0,1,0,0,0
CUVAWetlnd431,CUVAWetlnd2021Oct06,D. Marcum,0,1,0,0,0,0,0,0,1,0,0,1,0,1,0,0,0,1,0,1,1,0,1,0,1,0,0,1,0,0,0,0,1,0,0,1,0,0,0,0,0,0,1,0,0,0,0,1,0,0
CUVAWetlnd432,CUVAWetlnd2016Jul12,D. Marcum,0,0,0,0,0,0,1,0,1,0,0,1,0,1,0,0,0,1,0,0,0,1,0,0,0,0,1,0,0,0,1,1,0,0,0,1,0,0,0,0,0,0,0,0,1,0,1,0,0,0
CUVAWetlnd432,CUVAWetlnd2021Nov24,D. Marcum,0,0,0,0,0,0,1,1,0,0,0,0,1,0,0,0,0,1,0,0,0,0,1,0,0,0,1,0,0,0,1,1,0,0,0,1,0,0,0,0,0,0,0,1,0,0,1,0,0,0
CUVAWetlnd433,CUVAWetlnd2016Sep12,D. Marcum,0,0,0,0,0,0,1,1,0,0,0,1,0,0,0,0,0,1,1,0,1,0,0,1,0,0,1,0,0,1,0,1,0,0,0,1,0,0,0,0,0,0,0,1,0,0,1,0,0,0
CUVAWetlnd433,CUVAWetlnd2021Aug02,D. Marcum,0,0,0,0,0,0,1,1,0,0,0,1,0,1,0,0,0,1,1,0,1,0,1,0,0,0,1,0,0,1,0,1,0,0,0,1,0,0,0,0,0,0,0,0,0,1,1,0,0,0
CUVAWetlnd434,CUVAWetlnd2016Jul12,D. Marcum,0,0,0,0,1,0,0,0,1,0,0,1,1,0,0,0,0,1,1,0,1,0,0,1,0,0,1,0,1,1,0,1,0,0,0,1,0,0,0,0,0,0,0,1,0,0,1,0,0,0
CUVAWetlnd434,CUVAWetlnd2021Aug02,D. Marcum,0,0,0,1,0,0,0,0,1,0,0,1,0,1,0,0,0,1,1,0,1,0,1,0,1,0,0,0,0,1,0,1,1,0,0,1,1,0,0,0,0,0,1,0,0,0,1,0,0,0
CUVAWetlnd435,CUVAWetlnd2016Jul12,D. Marcum,0,0,0,0,0,1,0,0,1,0,0,1,0,1,0,0,0,1,1,0,1,0,0,1,0,0,1,0,1,1,0,0,1,0,0,1,0,0,0,0,0,0,0,0,1,0,0,1,0,0
CUVAWetlnd435,CUVAWetlnd2021Sep08,D. Marcum,0,0,0,0,0,1,0,0,1,0,0,1,0,1,0,0,0,1,1,0,1,0,1,0,0,0,1,0,1,1,0,0,1,0,0,1,0,0,0,0,0,0,0,1,0,0,1,0,0,0
CUVAWetlnd436,CUVAWetlnd2016Jul11,D. Marcum,0,0,0,1,0,0,0,1,0,0,0,1,0,0,0,0,0,1,1,0,1,0,0,1,0,0,1,0,1,0,0,1,0,0,0,1,0,0,0,0,0,0,1,0,0,0,1,0,0,0
CUVAWetlnd436,CUVAWetlnd2021Aug02,S. Bingham,0,0,0,1,0,0,0,1,0,0,0,1,0,1,0,0,0,1,1,0,1,0,1,0,0,0,1,0,0,1,0,1,0,0,0,1,0,0,0,0,0,1,0,0,0,0,1,0,0,0
CUVAWetlnd437,CUVAWetlnd2016Jun17,D. Marcum,0,0,0,0,1,0,0,0,0,1,0,1,0,1,0,0,0,1,0,1,1,0,0,1,0,1,0,1,0,0,0,0,1,0,0,0,1,0,0,0,1,0,0,0,0,0,0,1,0,0
CUVAWetlnd437,CUVAWetlnd2021Jul30,D. Marcum,0,0,0,0,1,0,0,0,1,0,0,1,0,1,0,0,0,1,1,0,1,0,1,0,0,1,0,1,0,0,0,0,1,0,0,0,1,0,0,0,0,0,1,0,0,0,1,0,0,0
CUVAWetlnd438,CUVAWetlnd2016Jun17,D. Marcum,0,0,0,0,1,0,0,0,1,0,0,1,0,1,0,0,0,1,0,1,1,0,0,1,0,1,0,1,0,0,0,0,1,0,0,0,1,0,0,0,0,1,0,0,0,0,0,1,0,0
CUVAWetlnd438,CUVAWetlnd2021Jul30,D. Marcum,0,0,0,0,1,0,0,0,1,0,0,1,0,1,0,0,0,1,1,0,1,0,1,0,0,1,0,0,1,0,0,0,1,0,0,0,1,0,0,0,0,0,0,1,0,0,0,1,0,0
CUVAWetlnd439,CUVAWetlnd2016Jun30,D. Marcum,0,0,0,0,0,1,0,0,1,0,0,1,1,0,0,0,0,1,1,0,0,0,0,1,0,0,1,0,0,1,0,1,0,0,0,1,0,0,0,0,0,0,1,0,0,0,1,0,0,0
CUVAWetlnd439,CUVAWetlnd2021Sep02,D. Marcum,0,0,0,0,0,1,0,1,0,0,0,0,1,0,0,0,0,1,0,0,0,0,1,0,0,0,1,0,0,1,1,1,0,0,0,1,0,0,0,0,0,0,0,1,0,0,1,0,0,0
CUVAWetlnd440,CUVAWetlnd2016Jun20,D. Marcum,0,0,0,0,1,0,0,0,1,0,0,1,1,0,0,0,1,1,0,0,0,0,1,0,0,0,1,0,1,0,1,1,0,0,0,0,1,0,0,0,0,0,0,1,0,0,0,1,0,0
CUVAWetlnd440,CUVAWetlnd2021Jul21,D. Marcum,0,0,0,0,1,0,0,1,0,0,0,0,1,0,0,0,1,1,0,0,0,0,1,0,0,0,1,0,0,0,1,1,1,0,0,1,0,0,0,0,0,0,0,0,1,0,0,1,0,0
CUVAWetlnd441,CUVAWetlnd2016Jun30,D. Marcum,0,0,0,0,0,0,1,0,1,0,0,0,1,0,0,0,0,1,0,0,0,0,0,0,0,0,1,0,0,0,1,1,0,0,0,1,0,0,0,0,0,0,0,1,0,0,1,0,0,0
CUVAWetlnd441,CUVAWetlnd2021Sep03,D. Marcum,0,0,0,0,0,0,1,1,0,0,0,1,0,0,0,0,0,1,0,0,0,0,1,0,0,0,1,0,0,0,1,1,0,0,0,1,0,0,0,0,0,0,0,0,1,0,0,1,0,0
CUVAWetlnd442,CUVAWetlnd2016Jun30,D. Marcum,0,0,0,0,0,1,0,1,0,0,0,1,0,0,0,0,0,1,1,0,0,0,0,1,0,0,1,0,0,1,0,1,0,0,0,1,0,0,0,0,0,0,1,0,0,0,1,0,0,0
CUVAWetlnd442,CUVAWetlnd2021Sep03,D. Marcum,0,0,0,0,0,0,1,1,0,0,0,1,0,0,0,0,0,1,1,0,0,0,1,0,0,0,1,0,0,1,0,1,0,0,0,1,0,0,0,0,0,0,1,0,0,0,1,0,0,0
CUVAWetlnd443,CUVAWetlnd2016Sep12,D. Marcum,0,0,0,0,0,0,1,0,1,0,0,1,0,1,0,0,1,1,1,0,1,0,0,1,0,0,1,1,0,0,0,1,1,0,0,0,1,0,0,0,0,0,1,0,0,0,1,0,0,0
CUVAWetlnd443,CUVAWetlnd2021Sep03,D. Marcum,0,0,0,0,0,0,1,1,0,0,0,1,1,0,0,0,0,1,0,0,0,0,1,0,0,0,1,0,1,0,0,1,0,0,0,1,0,0,0,0,0,0,0,1,0,0,1,0,0,0
CUVAWetlnd444,CUVAWetlnd2016Sep06,D. Marcum,0,0,0,0,0,1,0,1,0,0,0,0,1,1,0,0,0,1,0,0,0,0,1,0,0,0,1,0,0,0,1,1,0,0,0,1,0,0,0,0,0,0,0,1,0,0,0,1,0,0
CUVAWetlnd444,CUVAWetlnd2021Nov24,D. Marcum,0,0,0,0,0,1,0,1,0,0,0,1,0,1,0,0,0,1,0,0,0,0,1,0,0,0,1,0,0,0,1,1,0,0,0,1,0,0,0,0,0,0,0,1,0,0,1,0,0,0
CUVAWetlnd445,CUVAWetlnd2016Jul11,D. Marcum,0,0,0,0,0,0,1,1,0,0,0,0,1,0,0,0,0,1,0,0,0,0,0,0,0,0,1,0,0,0,1,1,0,0,0,1,0,0,0,0,0,0,0,1,0,0,0,1,1,0
CUVAWetlnd445,CUVAWetlnd2021Jul30,D. Marcum,0,0,0,0,0,0,1,0,1,0,0,1,1,0,0,0,0,1,0,0,0,0,1,0,0,0,1,0,0,0,1,1,0,0,0,1,0,0,0,0,0,0,0,0,1,0,1,0,0,0
CUVAWetlnd446,CUVAWetlnd2016Jun13,D. Marcum,0,0,0,0,1,0,0,0,1,0,0,1,0,1,0,0,0,1,1,0,0,1,0,1,0,0,1,0,0,1,1,0,1,0,0,1,0,0,0,0,0,0,1,0,0,0,1,0,0,0
CUVAWetlnd446,CUVAWetlnd2021Oct06,D. Marcum,0,0,0,0,1,0,0,0,1,0,0,1,0,1,0,0,0,1,0,0,0,0,1,0,0,0,1,0,0,1,1,1,0,0,0,1,0,0,0,0,0,0,0,1,0,0,1,0,0,0
CUVAWetlnd447,CUVAWetlnd2016Jun13,D. Marcum,0,0,1,0,0,0,0,0,1,0,0,1,0,1,0,0,0,1,1,0,0,0,1,0,0,0,1,0,0,1,0,0,1,0,0,0,1,0,0,0,0,1,0,0,0,0,0,1,0,0
CUVAWetlnd447,CUVAWetlnd2021Oct05,D. Marcum,0,0,1,0,0,0,0,1,0,0,0,1,0,0,0,0,0,1,0,0,0,0,1,0,0,0,1,0,0,1,0,0,1,0,0,0,1,0,0,0,0,1,0,0,0,0,0,1,0,0
CUVAWetlnd448,CUVAWetlnd2016Jun20,D. Marcum,0,0,0,0,1,0,0,0,1,0,0,1,0,1,0,0,1,1,0,0,0,0,0,0,0,1,0,1,0,0,0,1,0,0,0,1,0,0,0,1,0,0,0,0,0,0,1,0,1,0
CUVAWetlnd448,CUVAWetlnd2021Oct01,D, Marcum,0,0,0,0,1,0,0,1,0,0,0,1,0,0,0,0,0,1,0,0,0,0,1,0,0,0,1,0,1,0,0,1,0,0,0,1,0,0,0,0,1,0,0,0,0,0,1,0,0,0
CUVAWetlnd449,CUVAWetlnd2016Jun20,D. Marcum,0,0,0,0,1,0,0,0,0,1,0,1,0,1,0,0,1,1,0,0,0,0,0,0,0,1,0,1,0,0,0,0,1,0,0,1,0,0,0,1,0,0,0,0,0,0,1,0,0,0
CUVAWetlnd449,CUVAWetlnd2021Jul28,D. Marcum,0,0,0,0,1,0,0,0,1,0,0,1,0,1,0,0,1,1,0,0,0,0,1,0,0,1,0,1,1,0,0,1,0,0,0,1,0,0,0,0,1,0,0,0,0,0,1,0,0,0
CUVAWetlnd45,CUVAWetlnd2012Apr10,S. Bingham, D. Marcum,0,0,0,0,0,0,1,0,1,0,0,1,1,0,0,0,1,1,0,0,0,0,0,1,0,0,1,0,1,0,0,0,1,1,0,0,1,0,0,0,0,0,0,0,0,1,0,0,1,0
CUVAWetlnd450,CUVAWetlnd2016Jun21,D. Marcum,0,0,0,0,0,0,1,0,1,0,0,1,0,1,0,0,1,1,0,0,0,0,0,1,0,0,1,0,0,1,1,0,1,0,0,1,0,1,0,0,0,0,0,1,0,0,1,0,0,0
CUVAWetlnd450,CUVAWetlnd2021Sep30,D. Marcum,0,0,0,0,0,1,0,0,1,0,0,1,0,0,0,0,0,1,1,0,0,0,1,0,0,0,1,0,0,1,0,1,0,0,0,1,0,0,0,0,0,0,0,1,0,0,1,1,0,0
CUVAWetlnd451,CUVAWetlnd2016Jun21,D. Marcum,0,0,0,0,0,1,0,1,0,0,0,1,0,0,0,0,1,1,0,0,0,0,1,1,0,0,1,0,1,1,0,1,0,0,0,1,0,0,0,0,0,0,1,0,0,0,1,0,0,0
CUVAWetlnd451,CUVAWetlnd2021Jul22,D. Marcum,0,0,0,0,0,1,0,1,0,0,0,1,0,0,0,0,0,1,0,0,0,0,1,0,0,0,1,0,0,0,1,1,0,0,0,1,0,0,0,0,0,0,0,1,0,0,1,0,0,0
CUVAWetlnd452,CUVAWetlnd2016Jun28,D. Marcum,0,0,0,0,1,0,0,1,0,0,0,1,0,0,0,0,0,1,0,0,1,0,0,0,0,0,1,0,0,0,1,1,0,0,0,1,0,0,0,0,0,0,0,1,0,0,0,1,0,0
CUVAWetlnd452,CUVAWetlnd2021Jul22,D. Marcum,0,0,0,1,0,0,0,1,0,0,0,1,1,0,0,0,0,1,0,0,1,0,1,0,0,1,0,0,1,0,1,0,1,0,0,0,1,0,0,0,0,0,0,1,0,0,0,1,0,0
CUVAWetlnd454,CUVAWetlnd2016Jun21,D. Marcum,0,0,0,0,1,0,0,0,1,0,0,1,0,1,0,0,1,1,0,0,0,0,0,1,0,0,1,0,1,0,0,1,0,0,0,1,0,0,0,0,0,1,0,0,0,0,1,0,0,0
CUVAWetlnd454,CUVAWetlnd2021Oct01,D, Marcum,0,0,0,0,1,0,0,1,0,0,0,1,1,0,0,0,1,1,0,0,0,0,1,0,0,0,1,0,1,0,0,1,0,0,0,1,0,0,0,0,0,0,0,1,0,0,1,1,0,0
CUVAWetlnd455,CUVAWetlnd2016Jun20,D. Marcum,0,0,0,0,0,1,0,0,1,0,0,1,0,1,0,0,1,1,0,0,0,0,1,1,0,0,1,1,1,0,0,1,0,0,0,1,0,0,0,0,0,1,0,0,0,0,1,0,0,0
CUVAWetlnd455,CUVAWetlnd2021Jul28,D. Marcum,0,0,0,0,0,1,0,1,0,0,0,1,0,0,0,0,1,1,0,0,0,0,1,0,0,0,1,0,0,1,0,1,0,0,0,1,0,0,0,0,0,1,0,0,0,0,1,0,0,0
CUVAWetlnd456,CUVAWetlnd2016Jun21,D. Marcum,0,0,0,0,0,1,0,1,0,0,0,1,0,1,0,0,0,1,1,0,0,0,0,1,0,0,1,0,0,1,0,1,0,0,0,1,0,0,0,0,0,0,0,0,1,0,1,0,0,0
CUVAWetlnd456,CUVAWetlnd2021Jul28,D. Marcum,0,0,0,0,0,0,1,1,0,0,0,1,0,0,0,0,0,1,1,0,0,0,1,0,0,0,1,0,0,1,1,1,0,0,0,1,0,0,0,0,0,0,0,1,0,0,1,0,0,0
CUVAWetlnd457,CUVAWetlnd2016Jun20,D. Marcum,0,0,0,0,1,0,0,0,1,0,0,1,0,1,0,0,0,1,1,0,0,0,1,1,0,0,1,0,0,1,1,0,1,0,0,0,1,0,0,0,0,0,0,1,0,0,0,1,0,0
CUVAWetlnd457,CUVAWetlnd2021Oct01,D, Marcum,0,0,0,0,0,1,0,0,1,0,0,1,0,1,0,0,0,1,0,0,0,0,1,0,0,0,1,0,0,1,0,1,0,0,0,1,0,0,0,0,0,0,0,1,0,0,1,0,0,0
CUVAWetlnd458,CUVAWetlnd2016Jun14,D. Marcum,0,0,0,0,0,1,0,1,0,0,0,1,1,0,0,0,0,1,1,0,0,0,0,0,0,0,1,0,0,1,1,0,1,0,0,0,1,0,0,0,0,0,0,0,1,0,0,1,1,0
CUVAWetlnd458,CUVAWetlnd2021Oct04,D. Marcum,0,0,0,0,0,1,0,1,0,0,0,1,0,0,0,0,0,1,0,0,0,0,1,0,0,0,1,0,0,0,1,1,0,0,0,0,1,0,0,0,0,0,0,1,0,0,0,1,0,0
CUVAWetlnd459,CUVAWetlnd2016Sep16,D. Marcum,0,0,0,0,0,0,1,1,0,0,0,1,1,0,0,0,1,1,0,0,0,1,0,0,0,0,1,0,1,0,0,1,0,0,0,1,0,0,0,0,0,1,0,0,0,0,1,0,0,0
CUVAWetlnd459,CUVAWetlnd2021Oct04,D. Marcum,0,0,0,0,0,0,1,1,0,0,0,1,0,1,0,0,1,1,0,0,0,0,1,0,0,0,1,0,1,0,1,1,0,0,0,1,0,0,0,0,0,0,0,1,0,0,1,0,0,0
CUVAWetlnd46,CUVAWetlnd2013May09,S. Bingham, D. Marcum,0,0,0,0,1,0,0,1,0,0,0,0,1,1,0,0,0,1,0,0,0,0,1,0,0,1,0,1,0,0,0,0,1,0,0,0,1,0,0,0,0,0,0,1,0,0,0,1,1,0
CUVAWetlnd460,CUVAWetlnd2016Jun13,D. Marcum,0,0,0,0,0,1,0,0,1,0,0,1,0,0,1,0,1,1,0,0,0,0,0,0,0,0,1,0,0,1,0,1,1,0,0,1,0,0,0,0,0,0,0,1,0,0,1,0,0,0
CUVAWetlnd460,CUVAWetlnd2021Aug30,D. Marcum,0,0,0,0,0,0,1,0,1,0,0,0,1,1,0,0,0,1,0,0,0,0,1,0,0,1,0,0,1,1,0,1,0,0,0,1,0,0,0,0,0,0,0,1,0,0,0,0,1,0
CUVAWetlnd461,CUVAWetlnd2016Jun13,D. Marcum,0,0,0,0,1,0,0,0,1,0,0,1,0,0,1,0,1,1,0,0,1,0,0,0,0,0,1,0,1,0,0,0,1,0,0,0,1,0,0,0,0,0,0,1,0,0,0,1,0,0
CUVAWetlnd461,CUVAWetlnd2021Aug30,D. Marcum,0,0,0,0,1,0,0,0,1,0,0,1,0,1,0,0,1,1,0,0,0,0,1,0,0,0,1,0,0,1,0,0,1,0,0,0,1,0,0,0,0,0,0,1,0,0,0,1,0,0
CUVAWetlnd462,CUVAWetlnd2016Jun07,D. Marcum,0,0,0,1,0,0,0,1,0,0,0,0,1,0,0,0,0,1,1,0,1,0,0,1,0,0,1,0,0,1,0,1,0,0,0,0,1,0,0,0,0,0,1,0,0,0,1,0,1,0
CUVAWetlnd462,CUVAWetlnd2021Oct04,D. Marcum,0,0,0,1,0,0,0,1,0,0,0,1,1,0,0,0,0,1,1,0,1,0,1,0,0,0,1,0,0,1,0,1,0,0,0,1,0,0,0,0,0,1,0,0,0,0,1,0,0,0
CUVAWetlnd463,CUVAWetlnd2016Jun07,D. Marcum,0,0,0,0,0,1,0,1,0,0,0,1,0,1,0,0,1,1,0,0,0,0,1,1,0,0,1,0,0,0,1,1,0,0,0,1,0,0,0,0,0,1,0,0,0,0,1,0,0,0
CUVAWetlnd463,CUVAWetlnd2021Oct04,D. Marcum,0,0,0,0,0,0,1,1,0,0,0,1,0,0,0,0,1,1,0,0,0,0,1,0,0,0,1,0,0,1,0,1,0,0,0,1,0,0,0,0,0,0,1,0,0,0,1,0,0,0
CUVAWetlnd464,CUVAWetlnd2016Sep07,D. Marcum,0,0,0,0,0,1,0,0,1,0,0,0,1,1,0,0,0,1,0,0,0,0,0,1,0,0,1,0,0,1,1,1,0,0,0,1,0,0,0,0,0,0,0,0,1,0,0,1,1,0
CUVAWetlnd464,CUVAWetlnd2021Oct01,D, Marcum,0,0,0,0,0,1,0,1,0,0,0,0,1,0,0,0,0,1,0,0,0,0,1,0,0,0,1,0,0,1,1,1,0,0,0,1,0,0,0,0,0,0,0,1,1,0,0,1,0,0
CUVAWetlnd465,CUVAWetlnd2016Jun07,D. Marcum,0,0,0,0,0,0,1,1,0,0,0,1,1,0,0,0,1,1,0,0,0,0,1,0,0,0,1,0,1,0,0,1,0,0,0,1,0,0,0,0,0,1,0,0,0,0,1,0,0,0
CUVAWetlnd465,CUVAWetlnd2021Oct04,D. Marcum,0,0,0,0,0,0,1,1,0,0,0,1,0,0,0,0,1,1,0,0,0,0,1,0,0,0,1,0,0,0,1,1,0,0,0,1,0,0,0,0,0,0,1,0,0,0,1,0,0,0
CUVAWetlnd466,CUVAWetlnd2016Jun20,D. Marcum,0,0,0,0,0,1,0,1,0,0,0,1,0,1,0,0,1,1,0,0,0,0,0,1,0,0,1,0,1,0,1,1,0,0,0,1,0,0,0,0,0,1,0,0,0,0,1,0,0,0
CUVAWetlnd466,CUVAWetlnd2021Aug31,D. Marcum,0,0,0,0,0,1,0,1,0,0,0,1,0,1,0,0,0,1,0,0,0,0,1,0,0,0,1,0,0,1,1,1,0,0,0,1,0,0,0,0,0,0,1,0,0,0,1,0,0,0
CUVAWetlnd467,CUVAWetlnd2016Jun28,D. Marcum,0,0,0,0,0,0,1,1,0,0,0,1,0,1,0,0,0,1,0,0,0,0,1,0,0,0,1,0,0,1,0,1,0,0,0,1,0,0,0,0,0,0,0,1,0,0,1,0,0,0
CUVAWetlnd467,CUVAWetlnd2021Aug31,D. Marcum,0,0,0,0,0,0,1,1,0,0,0,1,0,1,0,0,0,1,0,0,0,0,1,0,0,1,0,0,1,0,0,1,0,0,0,1,0,0,0,0,0,0,0,1,0,0,1,0,0,0
CUVAWetlnd468,CUVAWetlnd2016Jun20,D. Marcum,0,0,0,0,0,1,0,1,0,0,0,1,0,0,0,0,0,1,0,0,1,0,0,1,0,0,1,0,0,1,0,1,0,0,0,1,0,0,0,0,0,0,0,1,0,0,1,0,0,0
CUVAWetlnd468,CUVAWetlnd2021Aug31,D. Marcum,0,0,0,0,0,1,0,1,0,0,0,1,0,0,0,0,0,1,0,0,1,0,1,0,0,0,1,0,0,1,1,1,0,0,0,1,0,0,0,0,0,0,1,0,0,0,1,0,0,0
CUVAWetlnd469,CUVAWetlnd2016Jun06,D. Marcum,0,0,0,0,0,1,0,1,0,0,0,0,1,0,0,0,1,1,0,0,0,0,1,0,0,0,1,0,1,0,0,1,1,0,0,0,1,0,0,0,0,1,0,0,0,0,0,1,1,0
CUVAWetlnd469,CUVAWetlnd2021Jun28,D. Marcum,0,0,0,0,1,0,0,0,1,0,0,0,1,1,0,0,1,1,0,0,0,0,1,0,0,0,1,0,1,0,1,1,0,0,0,1,0,0,1,0,0,0,1,0,0,0,0,1,0,0
CUVAWetlnd47,CUVAWetlnd2012May16,S. Bingham, L. Biscan,0,0,0,0,1,0,0,0,1,0,0,0,1,1,0,0,1,1,0,0,0,0,1,0,0,0,1,0,0,0,1,0,0,1,0,0,1,0,0,0,0,0,0,1,0,0,0,0,1,0
CUVAWetlnd470,CUVAWetlnd2016Jun13,D. Marcum,0,0,0,0,0,0,1,0,1,0,0,0,1,1,0,0,0,1,1,0,1,0,1,1,0,0,1,0,0,0,0,0,1,0,0,1,0,0,0,0,0,0,0,0,0,1,1,0,0,0
CUVAWetlnd470,CUVAWetlnd2021Aug30,D. Marcum,0,0,0,0,0,1,0,0,1,0,0,0,1,1,0,0,0,1,0,0,1,0,1,0,0,1,0,0,0,1,0,0,1,0,0,0,1,0,0,0,0,0,0,1,0,0,0,1,0,0
CUVAWetlnd471,CUVAWetlnd2016Jun06,D. Marcum,0,0,0,0,0,1,0,0,1,0,0,1,0,1,0,0,1,1,0,0,0,1,0,0,0,0,1,0,0,0,1,0,1,0,0,1,0,0,0,0,0,0,0,0,1,0,1,0,0,0
CUVAWetlnd471,CUVAWetlnd2021Jun10,D. Marcum,0,0,0,0,0,1,0,0,1,0,0,1,0,1,0,0,1,1,0,0,0,0,1,0,0,0,1,0,1,0,0,0,1,1,0,0,1,0,0,0,0,0,0,0,0,1,1,0,0,0
CUVAWetlnd472,CUVAWetlnd2016Jun06,D. Marcum,0,0,0,0,0,1,0,1,0,0,0,0,1,0,0,0,0,1,0,0,0,0,1,0,0,1,0,1,0,0,0,0,1,0,0,0,1,0,0,0,0,0,1,0,0,0,0,1,0,0
CUVAWetlnd472,CUVAWetlnd2021Jun28,D. Marcum,0,0,0,0,0,1,0,0,1,0,0,0,1,1,0,0,0,1,0,0,0,0,1,0,1,0,0,1,0,0,0,0,1,0,0,0,1,0,0,0,0,0,0,0,1,0,0,0,1,0
CUVAWetlnd473,CUVAWetlnd2016Sep07,D. Marcum,0,0,0,0,1,0,0,0,1,0,0,1,1,0,0,0,0,1,1,0,1,0,0,1,0,1,0,0,0,1,0,1,0,0,0,1,0,0,0,0,0,0,0,1,0,0,1,0,0,0
CUVAWetlnd473,CUVAWetlnd2021Aug30,D. Marcum,0,0,0,0,1,0,0,0,1,0,0,1,0,1,0,0,0,1,1,0,1,0,1,0,0,0,1,0,1,1,0,1,0,0,0,1,0,0,0,0,0,0,0,0,1,0,1,0,0,0
CUVAWetlnd474,CUVAWetlnd2016Sep07,D. Marcum,0,0,0,0,1,0,0,0,1,0,0,0,1,1,0,0,0,1,0,0,0,0,1,0,0,0,1,0,0,1,0,0,0,1,0,0,0,1,0,0,0,0,0,0,0,1,0,0,0,1
CUVAWetlnd474,CUVAWetlnd2021Jun10,D. Marcum,0,0,0,1,0,0,0,0,1,0,0,0,1,1,0,0,0,1,0,0,0,0,1,0,0,0,1,0,0,1,1,0,1,0,0,0,1,0,0,0,0,0,0,1,0,0,0,0,1,0
CUVAWetlnd475,CUVAWetlnd2016Jun06,D. Marcum,0,0,0,1,0,0,0,0,1,0,0,0,1,1,0,0,0,1,1,0,1,0,0,0,0,1,0,1,1,0,0,0,0,1,0,0,1,1,0,0,0,1,0,0,0,0,0,1,1,0
CUVAWetlnd475,CUVAWetlnd2021Jun10,D. Marcum,0,0,0,1,0,0,0,0,1,0,0,0,1,0,1,0,0,1,0,0,0,0,1,0,1,0,0,1,0,0,0,0,1,0,0,0,1,0,0,0,0,0,0,0,1,0,0,1,1,0
CUVAWetlnd476,CUVAWetlnd2016Jul18,D. Marcum,0,0,0,0,0,0,1,1,0,0,0,1,0,0,0,0,1,1,0,0,0,0,1,0,0,0,1,1,0,0,0,1,1,0,0,1,0,0,0,0,0,0,0,0,0,1,1,0,0,0
CUVAWetlnd476,CUVAWetlnd2021Jul27,S. Bingham,0,0,0,0,0,0,1,1,0,0,0,1,0,1,0,0,1,1,0,0,0,0,1,0,0,0,1,0,1,0,0,1,0,0,0,1,0,0,0,0,0,0,0,1,0,0,1,0,0,0
CUVAWetlnd477,CUVAWetlnd2016Jul18,D. Marcum,0,0,0,0,0,0,1,1,0,0,0,1,0,1,0,0,1,1,0,0,0,0,1,0,0,0,1,1,0,0,0,1,0,0,0,1,0,0,0,0,0,1,0,0,0,0,1,0,0,0
CUVAWetlnd477,CUVAWetlnd2021Jul27,S. Bingham,0,0,0,0,0,0,1,1,0,0,0,1,0,1,0,0,1,1,0,0,0,0,1,0,0,0,1,0,1,0,0,1,0,0,0,1,0,0,0,0,0,1,0,0,0,0,1,0,0,0
CUVAWetlnd478,CUVAWetlnd2016Jul25,D. Marcum,0,0,0,0,0,1,0,0,1,0,0,1,0,1,0,0,0,1,1,0,0,0,0,1,0,1,0,0,1,1,0,0,1,1,0,0,1,0,0,0,0,0,0,0,1,0,0,1,1,0
CUVAWetlnd478,CUVAWetlnd2021Jun07,D. Marcum,0,0,0,0,1,0,0,1,0,0,0,1,0,1,0,0,0,1,1,0,0,0,1,0,0,0,1,0,0,1,0,0,1,0,0,1,0,0,0,0,0,0,1,0,0,0,1,0,1,0
CUVAWetlnd479,CUVAWetlnd2016Jun06,D. Marcum,0,0,0,0,0,1,0,0,0,1,0,0,0,1,0,0,0,1,1,0,1,0,0,1,0,0,1,0,0,1,0,1,0,0,0,1,0,1,0,0,0,0,1,0,0,0,1,0,0,1
CUVAWetlnd479,CUVAWetlnd2021Jun07,D. Marcum,0,0,0,0,0,1,0,0,1,0,0,1,0,1,0,0,0,1,1,0,0,0,1,0,0,0,1,0,1,0,0,0,1,0,0,1,0,0,0,0,0,0,1,0,0,0,1,0,0,0
CUVAWetlnd48,CUVAWetlnd2012May16,S. Bingham, L. Biscan,0,0,0,0,0,1,0,0,1,0,0,0,1,1,0,0,0,1,0,0,0,1,1,0,0,0,1,0,0,0,1,0,1,0,0,0,1,0,0,0,0,0,0,1,0,0,0,0,1,0
CUVAWetlnd480,CUVAWetlnd2016Jul26,D. Marcum,0,0,0,0,1,0,0,1,0,0,0,1,0,0,0,0,0,1,0,0,0,0,1,0,0,0,1,0,0,1,1,1,0,0,0,1,0,0,0,0,0,0,1,0,0,0,0,1,1,0
CUVAWetlnd480,CUVAWetlnd2021Sep24,S. Bingham,0,0,0,0,1,0,0,1,0,0,0,1,0,1,0,0,0,1,0,0,0,0,1,0,0,0,1,0,0,1,0,1,1,0,0,1,1,0,0,0,0,0,1,0,0,0,0,1,1,0
CUVAWetlnd481,CUVAWetlnd2016Aug30,D. Marcum,0,0,0,0,0,1,0,0,0,1,0,1,0,1,0,0,0,1,1,0,0,0,0,1,0,0,1,0,0,1,0,0,1,0,0,0,1,0,0,0,0,0,0,1,0,0,1,0,0,0
CUVAWetlnd481,CUVAWetlnd2021Sep17,S. Bingham,0,0,0,0,0,1,0,0,1,0,0,1,0,1,0,0,0,1,1,0,0,0,1,0,0,0,1,0,0,1,0,0,1,0,0,0,1,0,0,0,0,0,1,0,0,0,0,1,0,0
CUVAWetlnd482,CUVAWetlnd2016Jul20,D. Marcum,0,0,0,0,0,0,1,1,0,0,0,1,1,0,0,0,0,1,0,0,0,0,0,1,0,0,1,0,0,0,1,1,0,0,0,1,0,0,0,0,0,0,0,0,1,0,1,0,0,0
CUVAWetlnd482,CUVAWetlnd2021Oct06,S. Bingham,0,0,0,0,0,0,1,1,0,0,0,1,0,1,0,0,0,1,1,0,1,0,1,0,0,0,1,0,0,1,0,1,0,0,0,1,0,0,0,0,0,0,1,0,0,0,1,0,0,0
CUVAWetlnd483,CUVAWetlnd2016Jun15,D. Marcum,0,0,0,0,1,0,0,1,0,0,0,1,0,1,0,0,1,1,0,0,0,1,0,1,0,0,1,0,0,1,0,1,0,0,0,1,0,0,0,0,0,1,0,0,0,0,1,0,0,0
CUVAWetlnd483,CUVAWetlnd2021Jul09,D. Marcum,0,0,0,0,1,0,0,1,0,0,0,1,0,0,0,0,1,1,0,0,0,0,1,0,0,0,1,0,1,0,0,1,0,0,0,1,0,0,0,0,1,0,0,0,0,0,1,0,0,0
CUVAWetlnd484,CUVAWetlnd2016Aug30,D. Marcum,0,0,0,0,0,1,0,0,0,1,0,0,0,1,0,0,0,1,0,0,0,0,0,0,0,0,1,0,0,0,1,0,1,0,0,1,0,1,0,0,0,0,0,0,1,0,0,1,1,0
CUVAWetlnd484,CUVAWetlnd2021Oct07,S. Bingham,0,0,0,0,1,0,0,0,0,0,1,0,0,1,0,0,1,1,0,0,0,0,0,0,0,0,1,0,1,0,0,0,1,1,0,0,1,0,1,0,0,0,0,1,0,0,0,1,0,1
CUVAWetlnd485,CUVAWetlnd2016Jun10,D. Marcum,0,0,0,0,0,0,1,1,0,0,0,1,1,0,0,0,0,1,1,0,1,0,0,1,0,0,1,0,0,1,0,1,0,0,0,1,0,0,0,0,0,1,0,0,0,0,1,1,0,0
CUVAWetlnd485,CUVAWetlnd2021Jul16,D. Marcum,0,0,0,0,0,1,0,1,0,0,0,1,1,0,0,0,0,1,1,0,0,0,1,0,0,0,1,0,0,1,0,1,1,0,0,0,1,0,0,0,0,1,0,0,0,0,1,1,0,0
CUVAWetlnd486,CUVAWetlnd2016Sep01,D. Marcum,0,0,0,0,1,0,0,0,0,0,1,1,0,1,0,0,0,1,1,0,1,1,0,1,0,1,0,1,0,0,0,0,1,0,0,0,1,0,0,0,0,1,0,0,0,0,1,0,0,0
CUVAWetlnd486,CUVAWetlnd2021Jul16,S. Bingham,0,0,0,0,1,0,0,0,0,1,0,1,0,1,0,0,1,1,1,0,0,1,1,0,0,0,1,0,1,0,0,0,1,0,0,0,1,0,0,0,0,0,1,0,0,0,0,1,1,0
CUVAWetlnd487,CUVAWetlnd2016Jun27,D. Marcum,0,0,0,0,1,0,0,0,1,0,0,0,1,0,0,0,0,1,0,0,1,0,0,1,0,0,1,0,0,1,0,0,1,0,0,0,1,0,0,0,0,0,0,1,0,0,0,1,0,0
CUVAWetlnd487,CUVAWetlnd2021Jul30,D. Marcum,0,0,0,0,1,0,0,0,1,0,0,1,0,1,0,0,0,1,1,0,0,0,1,0,0,1,0,0,1,0,0,0,1,0,0,0,1,0,0,0,0,0,0,1,0,0,0,1,0,0
CUVAWetlnd488,CUVAWetlnd2016Jul07,D. Marcum,0,0,0,1,0,0,0,0,1,0,0,0,1,0,0,0,0,1,1,0,0,0,1,1,0,0,1,0,0,1,0,1,0,0,0,1,0,0,0,0,0,1,0,0,0,0,0,1,1,0
CUVAWetlnd488,CUVAWetlnd2021Oct08, D. Marcum, S. Knapp,0,0,0,0,1,0,0,1,0,0,0,0,1,0,0,0,0,1,0,0,0,0,1,0,0,0,1,0,0,0,1,1,0,0,0,1,0,0,0,0,0,1,0,0,0,0,0,1,0,0
CUVAWetlnd489,CUVAWetlnd2016Sep14,D. Marcum,0,0,1,0,0,0,0,0,1,0,0,1,0,1,0,0,0,1,1,0,1,1,0,1,0,0,1,0,0,1,0,1,0,0,0,1,0,0,0,0,0,0,1,0,0,0,1,0,0,0
CUVAWetlnd489,CUVAWetlnd2021Jul09,S. Bingham,0,0,1,0,0,0,0,0,1,0,0,0,1,1,0,0,0,1,0,0,1,0,0,1,0,0,1,0,0,1,0,0,1,0,0,0,1,0,0,0,0,0,0,1,0,0,1,0,1,0
CUVAWetlnd49,CUVAWetlnd2012May16,S. Bingham, L. Biscan,0,0,0,0,0,0,1,1,0,0,0,1,1,0,0,0,1,1,1,0,0,0,1,1,0,0,1,0,1,0,0,1,0,0,0,1,0,0,0,0,0,0,1,0,0,0,1,0,0,0
CUVAWetlnd490,CUVAWetlnd2016Jul21,D. Marcum,0,0,0,0,0,0,1,1,0,0,0,0,0,1,0,0,0,1,0,0,0,0,0,0,0,0,1,0,0,0,1,0,1,0,0,0,0,1,0,0,0,0,0,1,0,0,0,0,1,0
CUVAWetlnd490,CUVAWetlnd2021Sep29,S. Bingham,0,0,0,0,0,0,1,0,1,0,0,1,0,1,0,0,0,1,0,0,0,0,1,0,0,0,1,0,0,1,0,0,1,0,0,0,1,0,0,0,0,0,0,1,0,0,0,1,0,0
CUVAWetlnd491,CUVAWetlnd2016Jul28,D. Marcum,0,0,0,1,0,0,0,0,1,0,0,1,0,0,1,0,0,1,1,0,0,0,1,0,0,1,0,1,0,1,0,1,1,0,0,1,1,0,0,1,0,0,0,0,0,0,1,0,0,0
CUVAWetlnd491,CUVAWetlnd2021Sep23,S. Bingham,0,0,1,0,0,0,0,0,1,0,0,1,0,1,0,0,1,1,1,0,0,1,1,0,0,0,1,0,1,0,0,0,1,0,0,1,1,0,0,0,0,1,0,0,0,0,1,1,0,0
CUVAWetlnd492,CUVAWetlnd2016Jun24,D. Marcum,0,0,0,0,0,0,1,0,1,0,0,0,1,1,0,0,0,1,0,0,0,0,0,0,0,0,1,1,1,0,0,1,0,0,0,1,0,0,0,0,0,0,0,1,0,0,1,0,0,0
CUVAWetlnd492,CUVAWetlnd2021Jul22,D. Marcum,0,0,0,0,0,0,1,1,0,0,0,0,1,0,0,0,0,1,0,0,0,0,1,0,0,1,0,1,0,0,0,0,1,0,0,0,1,0,0,0,0,0,1,0,0,0,0,1,0,0
CUVAWetlnd493,CUVAWetlnd2016Jun24,D. Marcum,0,0,0,0,0,0,1,0,1,0,0,0,1,1,0,0,0,1,0,0,0,0,0,0,0,0,1,0,0,0,1,1,0,0,0,0,0,1,0,0,0,0,0,0,1,0,0,0,1,0
CUVAWetlnd493,CUVAWetlnd2021Jul22,D. Marcum,0,0,0,0,0,1,0,1,0,0,0,0,1,0,0,0,0,1,0,0,0,0,1,0,0,0,1,0,0,0,1,1,0,0,0,0,1,0,0,0,0,0,0,1,0,0,0,1,0,0
CUVAWetlnd494,CUVAWetlnd2016Jun15,D. Marcum,0,0,0,0,1,0,0,0,1,0,0,0,1,1,0,0,0,1,0,0,0,0,1,0,0,0,1,0,0,1,1,0,1,1,0,0,1,1,0,0,0,0,0,0,1,0,0,1,0,1
CUVAWetlnd494,CUVAWetlnd2021Jun21,D. Marcum,0,0,0,1,0,0,0,1,0,0,0,0,0,1,0,0,0,1,0,0,0,1,0,0,0,0,1,0,0,1,1,0,1,0,1,0,1,0,0,0,0,0,0,1,0,0,0,0,1,0
CUVAWetlnd495,CUVAWetlnd2016Aug23,D. Marcum,0,0,0,0,0,0,1,0,0,1,0,0,0,1,0,0,0,1,0,0,0,0,0,1,0,0,1,0,0,0,1,0,1,0,0,1,0,0,0,0,0,0,0,0,1,0,1,1,0,0
CUVAWetlnd495,CUVAWetlnd2021Jul19,S. Bingham,0,0,0,0,0,0,1,0,1,0,0,0,1,1,0,0,0,1,0,0,0,0,1,0,0,0,1,0,0,0,1,1,0,0,0,0,1,0,0,0,0,0,0,0,1,0,0,0,1,0
CUVAWetlnd496,CUVAWetlnd2016Jul25,D. Marcum,0,0,0,0,0,0,1,0,1,0,0,0,1,1,0,0,0,1,0,0,0,1,0,0,0,0,1,0,0,0,1,1,0,0,0,1,0,0,0,0,0,0,0,0,1,0,0,0,1,0
CUVAWetlnd496,CUVAWetlnd2021Aug03,S. Bingham,0,0,0,0,0,0,1,0,1,0,0,0,1,1,0,0,0,1,0,0,0,0,0,1,0,0,1,0,0,0,1,0,0,1,0,0,1,1,0,0,0,0,0,1,0,0,0,0,1,0
CUVAWetlnd497,CUVAWetlnd2016Jun28,D. Marcum,0,0,0,0,1,0,0,1,0,0,0,0,1,1,0,0,0,1,0,0,0,0,1,0,0,0,1,0,0,1,0,0,0,1,0,0,0,1,0,0,0,0,0,1,0,0,0,0,1,0
CUVAWetlnd497,CUVAWetlnd2021Oct04,D. Marcum,0,0,0,1,0,0,0,0,1,0,0,1,0,1,0,0,0,1,0,0,0,0,1,0,0,0,1,0,0,1,1,0,1,1,0,0,1,0,0,0,0,0,1,0,0,0,0,0,1,0
CUVAWetlnd498,CUVAWetlnd2016Jun30,D. Marcum,0,0,0,0,0,0,1,0,0,1,0,0,1,1,0,0,0,1,1,0,0,0,0,0,0,0,1,0,0,1,0,1,0,0,0,1,0,0,0,0,0,0,0,1,0,0,1,0,0,0
CUVAWetlnd498,CUVAWetlnd2021Jul07,D. Marcum,0,0,0,0,0,1,0,0,1,0,0,0,0,1,0,0,0,1,1,0,0,0,1,0,0,0,1,0,1,0,0,0,1,0,0,1,0,0,0,0,0,0,0,1,0,0,1,0,1,0
CUVAWetlnd499,CUVAWetlnd2016Jul28,D. Marcum,0,0,0,0,0,0,1,1,0,0,0,0,0,1,0,0,0,1,0,0,0,0,0,0,0,0,1,0,0,0,1,0,1,1,0,0,0,1,0,0,0,0,0,0,1,0,0,0,1,0
CUVAWetlnd499,CUVAWetlnd2021Jul23,D. Marcum,0,0,0,0,0,0,1,0,1,0,0,0,1,0,0,0,0,1,0,0,0,0,1,0,0,0,1,0,0,1,1,0,1,0,0,0,1,0,0,0,0,0,0,1,0,0,0,1,0,0
CUVAWetlnd50,CUVAWetlnd2012May16,S. Bingham, L. Biscan,0,0,0,0,1,0,0,1,0,0,0,1,0,1,0,0,1,1,1,0,1,0,1,1,0,0,1,0,1,0,0,1,0,0,0,1,0,0,0,0,1,0,0,0,0,0,1,0,0,0
CUVAWetlnd500,CUVAWetlnd2016Jul28,D. Marcum,0,0,0,0,0,0,1,1,0,0,0,0,0,1,0,0,0,1,0,0,0,0,0,0,0,0,1,0,0,0,1,0,1,1,0,0,0,1,0,0,0,0,0,0,1,0,0,0,1,0
CUVAWetlnd500,CUVAWetlnd2021Jul23,D. Marcum,0,0,0,0,0,0,1,1,0,0,0,0,1,0,0,0,0,1,0,0,0,0,1,0,0,0,1,0,0,0,1,0,1,0,0,0,1,0,0,0,0,0,0,1,0,0,0,1,0,0
CUVAWetlnd501,CUVAWetlnd2016Jul28,D. Marcum,0,0,0,0,0,0,1,1,0,0,0,1,0,1,0,0,0,1,0,0,0,0,0,0,0,0,1,0,0,1,0,0,1,1,0,0,0,1,0,0,0,0,0,1,0,0,0,0,1,0
CUVAWetlnd501,CUVAWetlnd2021Jul23,D. Marcum,0,0,0,0,0,1,0,1,0,0,0,0,1,0,0,0,0,1,0,0,0,0,1,0,0,0,1,0,0,1,1,0,1,0,0,0,1,0,0,0,0,0,0,1,0,0,0,1,0,0
CUVAWetlnd502,CUVAWetlnd2016Jul28,D. Marcum,0,0,0,0,0,1,0,1,0,0,0,0,0,1,0,0,0,1,0,0,0,0,0,0,0,0,1,0,0,1,1,0,1,1,0,0,0,1,0,0,0,0,0,0,1,0,0,0,1,0
CUVAWetlnd502,CUVAWetlnd2021Jul23,D. Marcum,0,0,0,0,0,1,0,1,0,0,0,0,1,0,0,0,0,1,0,0,0,0,1,0,0,0,1,0,0,1,0,0,1,0,0,0,1,0,0,0,0,0,1,0,0,0,0,1,0,0
CUVAWetlnd503,CUVAWetlnd2016Jul28,D. Marcum,0,0,0,0,0,1,0,1,0,0,0,1,0,1,0,0,0,1,0,0,0,0,0,0,0,0,1,0,0,1,0,0,1,1,0,0,0,1,0,0,0,0,0,1,0,0,0,0,1,0
CUVAWetlnd503,CUVAWetlnd2021Jul23,D. Marcum,0,0,0,0,1,0,0,1,0,0,0,0,1,0,0,0,0,1,0,0,0,0,1,0,0,0,1,0,0,1,0,0,1,0,0,0,1,0,0,0,0,0,1,0,0,0,0,1,0,0
CUVAWetlnd504,CUVAWetlnd2016Jul28,D. Marcum,0,0,0,0,0,1,0,1,0,0,0,0,1,1,0,0,0,1,0,0,0,0,0,0,0,0,1,0,0,0,1,0,1,1,0,0,0,1,0,0,0,0,0,0,0,1,0,0,1,0
CUVAWetlnd504,CUVAWetlnd2021Jul23,D. Marcum,0,0,0,0,1,0,0,1,0,0,0,0,1,0,0,0,0,1,0,0,0,0,1,0,0,0,1,0,0,1,1,0,1,0,0,0,1,0,0,0,0,0,0,1,0,0,0,1,0,0
CUVAWetlnd505,CUVAWetlnd2016Jul19,D. Marcum,0,0,0,0,1,0,0,0,1,0,0,1,1,0,0,0,0,1,0,0,0,0,1,0,0,0,1,0,0,1,1,1,1,0,0,0,0,1,0,0,0,0,1,0,0,0,0,1,1,0
CUVAWetlnd505,CUVAWetlnd2021Aug06,S. Bingham,0,0,0,1,0,0,0,0,1,0,0,1,0,0,1,0,0,1,1,0,0,0,1,0,0,0,1,0,0,1,0,0,1,0,0,0,1,0,0,0,0,0,1,0,0,0,0,1,1,0
CUVAWetlnd506,CUVAWetlnd2016Jul01,D. Marcum,0,0,0,0,0,1,0,0,1,0,0,1,0,1,0,0,0,1,1,0,0,0,0,1,0,0,1,0,0,1,0,1,0,0,0,1,0,0,0,0,0,0,1,0,0,0,1,0,0,0
CUVAWetlnd506,CUVAWetlnd2021Jul21,D. Marcum,0,0,0,0,0,1,0,1,0,0,0,0,1,0,0,0,0,1,1,0,0,0,1,0,0,0,1,0,1,0,0,1,1,0,0,0,1,0,0,0,0,0,0,1,0,0,1,0,1,0
CUVAWetlnd507,CUVAWetlnd2016Jul12,D. Marcum,0,0,0,0,0,1,0,1,0,0,0,1,1,0,0,0,0,1,0,0,0,0,0,1,0,0,1,0,0,1,1,0,1,0,0,0,1,0,0,0,0,0,0,1,0,0,0,1,0,0
CUVAWetlnd507,CUVAWetlnd2021Oct07,D. Marcum,0,0,0,0,0,0,1,1,0,0,0,1,0,0,0,0,0,1,0,0,0,0,1,0,0,0,1,0,0,0,1,1,0,0,0,1,1,0,0,0,0,0,0,1,0,0,0,1,0,0
CUVAWetlnd508,CUVAWetlnd2016Jun15,D. Marcum,0,0,0,0,1,0,0,0,0,1,0,0,1,1,0,0,0,1,0,0,0,1,0,0,0,0,1,0,0,1,0,0,1,0,0,0,1,1,0,0,0,0,1,0,0,0,0,1,1,0
CUVAWetlnd509,CUVAWetlnd2016Jul25,D. Marcum,0,0,0,0,0,1,0,0,1,0,0,0,1,0,0,0,0,1,1,0,0,0,1,0,1,0,0,1,0,1,0,0,1,0,0,1,0,0,0,0,0,0,1,0,0,0,0,1,1,0
CUVAWetlnd509,CUVAWetlnd2021Aug03,S. Bingham,0,0,0,0,0,1,0,1,0,0,0,0,1,1,0,0,1,1,0,1,0,0,1,0,0,1,0,1,0,0,0,0,1,0,0,0,1,0,0,0,0,0,1,0,0,0,0,1,0,0
CUVAWetlnd51,CUVAWetlnd2012May15,S. Bingham, L. Biscan,0,0,0,0,1,0,0,0,1,0,0,0,1,1,0,0,1,1,0,0,0,1,1,0,0,0,1,1,0,0,0,0,1,0,0,1,1,0,0,0,1,0,0,0,0,0,1,1,0,0
CUVAWetlnd510,CUVAWetlnd2016Sep23,D. Marcum,0,0,0,0,0,0,1,0,1,0,0,1,1,0,0,0,0,1,0,0,0,0,0,0,0,0,1,0,0,0,1,1,0,0,0,1,0,1,0,0,0,0,0,1,0,0,0,1,0,0
CUVAWetlnd510,CUVAWetlnd2021Jul19,S. Bingham,0,0,0,0,0,0,1,0,1,0,0,0,1,0,0,0,0,1,0,0,0,0,1,0,0,0,1,0,0,0,1,0,1,0,0,1,1,0,0,0,0,0,1,0,0,0,0,1,0,0
CUVAWetlnd511,CUVAWetlnd2016Aug30,D. Marcum,0,0,0,0,0,1,0,0,1,0,0,1,0,1,0,0,0,1,1,0,0,0,0,1,0,0,1,0,0,1,0,1,0,0,0,1,0,0,0,0,0,0,1,0,0,0,1,0,0,0
CUVAWetlnd511,CUVAWetlnd2021Jul22,S. Bingham,0,0,0,0,0,1,0,0,1,0,0,0,1,1,0,0,1,1,1,0,0,0,1,0,0,0,1,0,1,0,0,0,1,0,0,1,1,0,0,0,0,0,1,0,0,0,1,1,0,0
CUVAWetlnd512,CUVAWetlnd2016Jul26,D. Marcum,0,0,0,0,0,0,1,1,0,0,0,0,1,0,0,0,0,1,0,0,0,0,1,0,0,0,1,0,0,0,1,1,0,0,0,1,0,0,0,0,0,0,0,1,0,0,0,0,1,0
CUVAWetlnd512,CUVAWetlnd2021Sep24,S. Bingham,0,0,0,0,0,0,1,1,0,0,0,1,0,1,0,0,0,1,1,0,0,0,1,0,0,0,1,0,0,1,0,0,1,0,0,0,1,0,0,0,0,0,0,1,0,0,0,0,1,0
CUVAWetlnd513,CUVAWetlnd2016Jul26,D. Marcum,0,0,0,0,0,1,0,1,0,0,0,0,1,0,0,0,0,1,0,0,0,0,1,0,0,0,1,0,0,0,1,1,0,0,0,1,0,0,0,0,0,0,0,0,1,0,0,0,1,0
CUVAWetlnd513,CUVAWetlnd2021Sep24,S. Bingham,0,0,0,0,0,1,0,1,0,0,0,1,0,1,0,0,0,1,0,0,0,0,1,0,0,0,1,0,0,0,1,0,1,0,0,1,1,0,0,0,0,0,0,0,1,0,0,1,1,0
CUVAWetlnd514,CUVAWetlnd2016Jul26,D. Marcum,0,0,0,0,1,0,0,1,0,0,0,1,0,0,0,0,1,1,0,0,0,0,1,0,0,0,1,1,0,1,0,0,1,0,0,0,1,0,0,0,0,1,0,0,0,0,1,1,0,0
CUVAWetlnd514,CUVAWetlnd2021Sep24,S. Bingham,0,0,0,0,1,0,0,1,0,0,0,1,0,1,0,0,0,1,1,0,0,0,1,0,0,0,1,0,1,0,0,0,1,0,0,0,1,0,0,0,0,0,1,0,0,0,0,1,0,0
CUVAWetlnd515,CUVAWetlnd2016Jun07,D. Marcum,0,0,0,0,1,0,0,1,0,0,0,1,0,1,0,0,0,1,1,0,1,0,0,1,0,0,1,0,0,1,0,1,0,0,0,1,0,0,0,0,0,1,0,0,0,0,1,0,0,0
CUVAWetlnd515,CUVAWetlnd2021Aug05,D. Marcum,0,0,0,0,1,0,0,1,0,0,0,1,1,0,0,0,0,1,1,0,1,0,1,0,0,0,1,0,1,1,0,1,0,0,0,1,0,0,0,0,0,0,1,0,0,0,1,0,0,0
CUVAWetlnd516,CUVAWetlnd2016Sep08,D. Marcum,1,0,0,0,0,0,0,0,1,0,0,1,0,1,0,0,0,1,0,1,1,1,0,1,0,1,0,1,0,1,0,0,1,0,0,1,0,0,0,0,0,0,1,0,0,0,1,0,1,0
CUVAWetlnd516,CUVAWetlnd2021Aug04,D. Marcum,0,0,1,0,0,0,0,1,0,0,0,1,1,0,0,0,0,1,0,1,1,0,1,0,1,0,0,0,1,0,0,1,1,0,0,0,1,0,0,0,0,1,0,0,0,0,1,1,0,0
CUVAWetlnd517,CUVAWetlnd2016Jun08,D. Marcum,0,0,0,0,1,0,0,1,0,0,0,0,1,1,0,0,0,1,1,0,1,1,0,1,0,0,1,0,1,0,0,1,0,0,0,0,1,0,0,0,0,1,0,0,0,0,0,1,1,0
CUVAWetlnd517,CUVAWetlnd2021Aug04,D. Marcum,0,0,0,1,0,0,0,1,0,0,0,1,1,0,0,0,0,1,1,0,1,0,1,0,1,0,0,1,0,0,0,1,0,1,0,0,1,0,0,0,0,0,0,1,0,0,1,0,0,1
CUVAWetlnd518,CUVAWetlnd2016Jun28,D. Marcum,0,0,0,0,1,0,0,0,0,1,0,0,1,0,0,0,0,1,1,0,1,0,0,1,0,0,1,0,0,1,0,1,0,0,0,1,0,1,0,0,0,0,1,0,0,0,1,0,1,0
CUVAWetlnd518,CUVAWetlnd2021Aug30,D. Marcum,0,0,0,0,1,0,0,1,0,0,0,0,1,0,0,0,0,1,0,0,1,0,1,0,0,0,1,0,0,1,1,1,0,0,0,0,1,1,0,0,0,0,0,0,1,0,0,1,1,0
CUVAWetlnd519,CUVAWetlnd2016Jul08,D. Marcum,0,0,0,0,1,0,0,1,0,0,0,0,1,0,0,0,0,1,0,1,0,0,0,0,1,0,0,1,0,0,0,0,1,0,0,0,1,0,0,0,0,0,0,0,0,1,0,1,1,0
CUVAWetlnd519,CUVAWetlnd2021Sep02,D. Marcum,0,0,0,0,1,0,0,1,0,0,0,0,1,0,0,0,0,1,0,0,0,0,1,0,1,0,0,0,1,0,1,0,1,0,1,0,1,0,0,0,0,0,0,0,1,0,0,1,0,0
CUVAWetlnd52,CUVAWetlnd2012May16,S. Bingham, L. Biscan,0,0,0,0,1,0,0,1,0,0,0,0,1,1,0,0,0,1,0,0,0,0,0,0,1,0,0,1,0,0,0,0,0,1,0,0,1,0,0,0,0,0,0,0,1,0,0,0,1,0
CUVAWetlnd520,CUVAWetlnd2016Jul21,D. Marcum,0,0,0,0,1,0,0,0,1,0,0,0,1,0,0,0,0,1,0,0,0,0,0,0,0,0,1,0,0,1,1,0,1,0,0,0,0,1,0,0,0,0,0,0,1,0,0,0,1,0
CUVAWetlnd520,CUVAWetlnd2021Sep02,D. Marcum,0,0,0,0,1,0,0,1,0,0,0,0,1,1,0,0,0,1,0,0,0,0,1,0,0,1,0,0,0,1,0,0,1,0,0,0,1,0,0,0,0,0,0,0,1,0,0,1,1,0
CUVAWetlnd521,CUVAWetlnd2016Jul12,D. Marcum,0,0,0,0,1,0,0,0,1,0,0,0,1,1,0,0,0,1,1,0,1,0,0,1,0,0,1,0,0,1,0,1,0,0,0,1,0,0,0,0,0,0,0,0,1,0,1,0,0,0
CUVAWetlnd522,CUVAWetlnd2016Jul11,D. Marcum,0,0,0,0,0,1,0,1,0,0,0,1,1,0,0,0,0,1,1,0,1,0,0,1,0,0,1,0,0,1,0,1,0,0,0,1,0,0,0,0,0,0,0,0,1,0,1,0,0,0
CUVAWetlnd522,CUVAWetlnd2021Aug02,S. Bingham,0,0,0,0,1,0,0,1,0,0,0,1,1,0,0,0,0,1,1,0,1,0,1,0,0,0,1,0,0,1,0,1,0,0,0,1,0,0,0,0,0,0,0,1,0,0,1,0,0,0
CUVAWetlnd523,CUVAWetlnd2016Jul11,D. Marcum,0,0,0,0,0,1,0,1,0,0,0,1,0,0,0,0,0,1,1,0,1,0,0,1,0,0,1,0,0,1,0,1,0,0,0,1,0,0,0,0,0,0,0,0,1,0,1,0,0,0
CUVAWetlnd523,CUVAWetlnd2021Aug02,S. Bingham,0,0,0,0,0,0,1,1,0,0,0,1,0,1,0,0,0,1,1,0,1,0,1,0,0,0,1,0,1,0,0,1,0,0,0,1,0,0,0,0,0,0,0,0,1,0,1,0,0,0
CUVAWetlnd524,CUVAWetlnd2016Jul12,D. Marcum,0,0,0,0,0,1,0,1,0,0,0,1,1,0,0,0,0,1,1,0,1,0,0,1,0,0,1,0,0,1,0,1,0,0,0,1,0,0,0,0,0,0,0,0,0,1,1,0,0,0
CUVAWetlnd524,CUVAWetlnd2021Aug02,S. Bingham,0,0,0,0,0,0,1,1,0,0,0,1,0,1,0,0,1,1,0,0,1,0,1,0,0,0,1,0,0,1,0,1,0,0,0,1,0,0,0,0,0,0,1,0,0,0,1,0,0,0
CUVAWetlnd525,CUVAWetlnd2016Jul11,D. Marcum,0,0,0,0,1,0,0,1,0,0,0,1,1,0,0,0,0,1,1,0,1,0,0,1,0,0,1,0,1,0,0,1,0,0,0,1,0,0,0,0,0,0,0,1,0,0,1,0,0,0
CUVAWetlnd525,CUVAWetlnd2021Aug02,D. Marcum,0,0,0,0,0,1,0,0,1,0,0,1,0,1,0,0,0,1,1,0,1,0,1,0,0,1,0,0,1,0,0,1,0,0,0,1,0,0,0,0,0,0,0,1,0,0,1,0,0,1
CUVAWetlnd526,CUVAWetlnd2016Jul11,D. Marcum,0,0,0,0,0,0,1,1,0,0,0,1,1,0,0,0,0,1,1,0,1,0,0,1,0,0,1,0,0,1,0,1,0,0,0,1,0,0,0,0,0,0,0,0,1,0,1,0,0,0
CUVAWetlnd526,CUVAWetlnd2021Aug02,D. Marcum,0,0,0,0,0,1,0,1,0,0,0,1,0,1,0,0,0,1,1,0,1,0,1,0,0,0,1,0,0,1,0,1,0,0,0,1,0,0,0,0,0,0,0,1,0,0,1,0,0,0
CUVAWetlnd527,CUVAWetlnd2021Oct01,D, Marcum,0,0,0,0,1,0,0,1,0,0,0,0,1,0,0,0,0,1,1,0,1,0,1,0,0,0,1,0,0,1,0,1,0,0,0,1,0,0,0,0,0,0,0,0,1,0,1,0,0,0
CUVAWetlnd528,CUVAWetlnd2016Aug29,D. Marcum,0,0,0,0,0,0,1,1,0,0,0,1,0,0,0,0,0,1,0,0,0,0,1,0,0,0,1,0,0,0,1,1,0,0,0,1,0,0,0,0,0,0,0,0,1,0,0,1,0,0
CUVAWetlnd528,CUVAWetlnd2021Jul13,D. Marcum,0,0,0,0,0,0,1,1,0,0,0,1,0,0,0,0,0,1,0,0,0,0,1,0,0,0,1,0,0,0,1,1,0,0,0,1,0,0,0,0,0,0,0,1,0,0,1,0,0,0
CUVAWetlnd529,CUVAWetlnd2016Aug29,D. Marcum,0,0,0,0,0,0,1,1,0,0,0,1,0,0,0,0,1,1,0,0,0,0,1,0,0,0,1,0,1,0,1,1,0,0,0,1,0,0,0,0,0,0,1,0,0,0,1,0,0,0
CUVAWetlnd529,CUVAWetlnd2021Jul14,D. Marcum,0,0,0,0,0,0,1,1,0,0,0,1,0,0,0,0,1,1,0,0,0,0,1,0,0,0,1,0,0,0,1,1,0,0,0,1,0,0,0,0,0,1,0,0,0,0,1,0,0,0
CUVAWetlnd53,CUVAWetlnd2011Jun28,S.Bingham,0,0,0,0,1,0,0,0,1,0,0,1,0,1,0,0,1,1,0,0,0,0,0,1,0,0,1,0,0,0,1,1,1,0,0,1,0,1,0,0,1,1,0,0,0,0,1,0,1,0
CUVAWetlnd530,CUVAWetlnd2016Aug29,D. Marcum,0,0,0,0,0,0,1,1,0,0,0,1,0,0,0,0,0,1,0,0,0,0,1,0,0,0,1,0,0,0,1,1,0,0,0,1,0,0,0,0,0,0,0,1,0,0,0,1,0,0
CUVAWetlnd530,CUVAWetlnd2021Jul13,D. Marcum,0,0,0,0,0,0,1,1,0,0,0,1,0,0,0,0,0,1,0,0,0,0,1,0,0,0,1,0,0,0,1,1,0,0,0,1,0,0,0,0,0,0,0,1,0,0,1,0,0,0
CUVAWetlnd531,CUVAWetlnd2016Aug29,D. Marcum,0,0,0,0,0,1,0,1,0,0,0,0,1,0,0,0,0,1,0,0,0,0,0,0,0,0,1,0,0,0,1,1,0,0,0,0,1,1,0,0,0,0,0,1,0,0,0,0,1,0
CUVAWetlnd531,CUVAWetlnd2021Jul13,D. Marcum,0,0,0,0,1,0,0,0,1,0,0,0,1,0,0,0,0,1,0,0,0,0,1,0,0,0,1,0,0,0,1,1,0,0,0,1,0,1,0,0,0,0,1,0,0,0,1,1,0,0
CUVAWetlnd532,CUVAWetlnd2016Aug29,D. Marcum,0,0,0,0,0,1,0,1,0,0,0,1,0,0,0,0,0,1,1,0,0,0,1,1,0,0,1,0,0,1,0,1,0,0,0,1,0,0,0,0,0,0,1,0,0,0,1,0,0,0
CUVAWetlnd532,CUVAWetlnd2021Jul09,D. Marcum,0,0,0,0,0,1,0,1,0,0,0,1,1,0,0,0,1,1,0,0,0,0,1,0,0,0,1,0,0,0,1,1,0,0,0,1,0,0,0,0,0,0,0,1,0,0,1,0,0,0
CUVAWetlnd533,CUVAWetlnd2016Jul20,D. Marcum,0,0,0,0,1,0,0,0,1,0,0,1,0,1,0,0,1,1,0,0,0,0,1,0,0,1,0,1,0,0,0,1,1,0,0,1,0,0,0,0,1,0,0,0,0,0,1,0,0,0
CUVAWetlnd533,CUVAWetlnd2021Sep17,S. Bingham,0,0,0,0,1,0,0,1,0,0,0,1,0,1,0,0,1,1,0,0,0,1,1,0,0,0,1,1,0,0,0,1,1,0,0,1,0,0,0,0,1,0,0,0,0,0,1,0,0,0
CUVAWetlnd534,CUVAWetlnd2016Jul20,D. Marcum,0,0,0,0,0,1,0,1,0,0,0,1,0,1,0,0,0,1,0,0,0,0,1,0,0,0,1,0,1,1,0,1,0,0,0,1,0,0,0,0,0,1,0,0,0,0,1,0,0,0
CUVAWetlnd534,CUVAWetlnd2021Sep17,S. Bingham,0,0,0,0,0,1,0,1,0,0,0,1,0,1,0,0,1,1,0,0,0,0,1,0,0,0,1,0,1,0,0,1,0,0,0,1,0,0,0,0,0,1,0,0,0,0,1,0,0,0
CUVAWetlnd535,CUVAWetlnd2016Aug31,D. Marcum,0,0,0,0,0,0,1,1,0,0,0,1,0,0,1,0,0,1,0,0,0,0,1,0,0,0,1,0,0,0,1,1,0,0,0,1,0,0,0,0,0,0,0,1,0,0,1,0,0,0
CUVAWetlnd535,CUVAWetlnd2021Sep24,S. Bingham,0,0,0,0,0,0,1,1,0,0,0,1,0,1,0,0,1,1,0,0,0,0,1,0,0,0,1,0,0,0,1,1,0,0,0,1,0,0,0,0,0,0,1,0,0,0,1,0,0,0
CUVAWetlnd536,CUVAWetlnd2016Jul29,D. Marcum,0,1,0,0,0,0,0,0,1,0,0,1,0,1,0,0,0,1,1,0,1,0,0,1,0,0,1,0,0,0,1,1,0,0,0,1,0,0,1,0,0,0,1,0,0,0,1,0,0,1
CUVAWetlnd537,CUVAWetlnd2016Aug23,D. Marcum,0,0,0,0,0,0,1,0,1,0,0,1,1,0,0,0,0,1,0,0,0,0,0,1,0,0,1,0,0,0,1,0,1,0,0,0,1,0,0,0,0,0,0,0,1,0,0,1,0,0
CUVAWetlnd537,CUVAWetlnd2021Aug05,S. Bingham,0,0,0,0,0,0,1,0,1,0,0,1,0,1,0,0,0,1,0,0,0,0,1,0,0,0,1,0,0,0,1,0,1,0,0,0,1,0,0,0,0,0,0,1,0,0,0,1,1,0
CUVAWetlnd538,CUVAWetlnd2016Aug23,D. Marcum,0,0,0,0,0,0,1,0,1,0,0,1,0,1,0,0,1,1,0,0,0,0,1,0,0,0,1,0,1,0,0,1,0,0,0,1,0,0,0,0,0,0,0,1,0,0,1,1,0,0
CUVAWetlnd538,CUVAWetlnd2021Aug05,S. Bingham,0,0,0,0,0,0,1,0,1,0,0,1,0,1,0,0,1,1,0,0,0,0,1,0,0,0,1,0,1,0,0,0,1,0,0,1,1,0,0,0,0,0,1,0,0,0,1,1,0,0
CUVAWetlnd539,CUVAWetlnd2016Sep08,D. Marcum,0,0,0,0,1,0,0,0,1,0,0,1,0,1,0,0,0,1,1,0,1,0,0,1,0,0,1,0,0,1,0,0,1,0,0,0,1,0,0,0,0,0,0,1,0,0,0,1,0,0
CUVAWetlnd54,CUVAWetlnd2012Mar19,S. Bingham,0,0,0,0,1,0,0,0,1,0,0,0,1,1,0,0,0,1,1,0,0,0,1,0,0,0,1,0,0,1,0,1,0,0,0,0,1,0,0,0,0,0,1,0,0,0,0,1,1,0
CUVAWetlnd540,CUVAWetlnd2016Aug30,D. Marcum,0,0,0,0,0,0,1,1,0,0,0,1,0,0,0,0,0,1,0,0,0,0,0,1,0,0,1,0,0,0,1,1,0,0,0,1,0,0,0,0,0,0,0,1,0,0,1,0,0,0
CUVAWetlnd540,CUVAWetlnd2021Jul12,S. Bingham,0,0,0,0,0,0,1,1,0,0,0,1,0,1,0,0,0,1,0,0,0,0,1,0,0,0,1,0,1,0,0,1,0,0,0,1,0,0,0,0,0,0,0,1,0,0,1,0,0,0
CUVAWetlnd541,CUVAWetlnd2016Aug30,D. Marcum,0,0,0,0,0,0,1,1,0,0,0,1,0,1,0,0,1,1,0,0,0,0,0,1,0,0,1,0,1,0,1,1,0,0,0,1,0,0,0,0,0,0,0,0,1,0,1,0,0,0
CUVAWetlnd541,CUVAWetlnd2021Jul12,S. Bingham,0,0,0,0,0,0,1,1,0,0,0,1,0,1,0,0,0,1,0,0,0,0,1,0,0,0,1,0,1,0,0,1,0,0,0,1,0,0,0,0,0,0,1,0,0,0,1,0,0,0
CUVAWetlnd542,CUVAWetlnd2016Aug30,D. Marcum,0,0,0,0,0,0,1,1,0,0,0,1,0,0,0,0,1,1,0,0,0,0,0,1,0,0,1,0,1,0,1,0,1,0,0,1,0,0,0,0,0,0,0,1,0,0,1,0,0,0
CUVAWetlnd542,CUVAWetlnd2021Jul12,S. Bingham,0,0,0,0,0,0,1,1,0,0,0,1,0,1,0,0,1,1,0,0,0,0,1,0,0,0,1,0,1,0,0,0,1,0,0,0,1,0,0,0,0,0,0,1,0,0,0,1,0,0
CUVAWetlnd543,CUVAWetlnd2016Jul01,D. Marcum,0,0,0,0,1,0,0,0,1,0,0,0,0,1,0,0,0,1,0,1,0,0,1,0,0,1,0,1,0,0,0,0,1,0,0,0,0,1,0,0,0,1,0,0,0,0,0,1,1,0
CUVAWetlnd543,CUVAWetlnd2021Jul15,D. Marcum,0,0,0,0,1,0,0,1,0,0,0,1,1,0,0,0,0,1,0,0,0,0,1,0,0,1,0,1,0,0,0,0,1,0,0,0,1,0,0,0,1,0,0,0,0,0,0,1,0,0
CUVAWetlnd544,CUVAWetlnd2016Jul01,D. Marcum,0,0,0,0,1,0,0,1,0,0,0,0,0,1,0,0,0,1,1,0,0,0,1,0,0,0,1,0,0,1,0,0,1,1,0,0,0,1,0,0,0,0,1,0,0,0,0,1,1,0
CUVAWetlnd544,CUVAWetlnd2021Jul15,D. Marcum,0,0,0,0,1,0,0,1,0,0,0,1,1,0,0,0,0,1,0,0,0,0,1,0,0,0,1,0,1,0,0,0,1,0,0,0,1,0,0,0,0,1,0,0,0,0,0,1,0,0
CUVAWetlnd545,CUVAWetlnd2016Jul05,D. Marcum,0,0,0,0,0,1,0,0,1,0,0,1,0,1,0,0,0,1,0,0,0,0,1,0,0,0,1,0,0,1,0,0,1,1,0,0,0,1,0,0,0,1,0,0,0,0,0,1,1,0
CUVAWetlnd545,CUVAWetlnd2021Jul15,D. Marcum,0,0,0,0,0,1,0,1,0,0,0,1,1,0,0,0,0,1,0,0,0,0,1,0,0,1,0,0,1,0,0,0,1,0,0,0,1,0,0,0,0,0,1,0,0,0,0,1,0,0
CUVAWetlnd546,CUVAWetlnd2016Jun16,D. Marcum,0,0,0,0,0,0,1,1,0,0,0,1,0,0,0,0,1,1,0,0,0,0,0,1,0,0,1,0,1,0,1,1,0,0,0,1,0,0,0,0,0,0,1,0,0,0,1,0,0,0
CUVAWetlnd546,CUVAWetlnd2021Jun22,D. Marcum,0,0,0,0,0,0,1,1,0,0,0,1,0,0,0,0,1,1,0,0,0,0,1,0,0,0,1,0,0,0,1,1,0,0,0,1,0,0,0,0,0,0,1,0,0,0,1,1,0,0
CUVAWetlnd55,CUVAWetlnd2012Mar19,S.Bingham,0,0,0,0,0,1,0,0,1,0,0,0,1,1,0,0,0,1,1,0,0,0,0,1,0,0,1,0,0,1,0,1,0,0,0,1,0,0,0,0,0,1,1,0,0,0,1,0,0,0
CUVAWetlnd56,CUVAWetlnd2012Mar21,S.Bingham,0,0,0,0,1,0,0,1,0,0,0,1,1,0,0,0,1,1,0,0,0,0,1,1,0,0,1,0,1,0,0,1,0,0,0,1,0,0,0,1,0,0,0,0,0,0,1,0,0,0
CUVAWetlnd57,CUVAWetlnd2012Mar19,S.Bingham,0,0,0,0,1,0,0,1,0,0,0,1,1,0,0,0,1,1,1,0,1,0,1,1,0,0,1,0,0,1,0,1,0,0,0,0,1,0,0,0,0,1,0,0,0,0,0,1,1,0
CUVAWetlnd58,CUVAWetlnd2012Mar26,S. Bingham, D. Marcum,0,0,0,0,1,0,0,1,0,0,0,0,1,0,0,0,1,1,0,0,0,0,1,0,0,0,1,0,1,0,0,0,0,1,0,0,0,1,0,0,0,0,0,1,0,0,0,0,1,0
CUVAWetlnd59,CUVAWetlnd2012Mar21,S. Bingham,0,0,0,1,0,0,0,0,1,0,0,1,0,1,0,0,0,1,1,0,0,1,1,0,0,0,1,0,0,0,0,0,1,0,0,0,0,1,0,0,0,0,1,1,0,0,0,0,1,0
CUVAWetlnd6,CUVAWetlnd2012Mar15,S.Bingham,0,0,0,0,1,0,0,0,1,0,0,0,1,1,0,0,0,1,0,0,0,1,0,0,0,0,1,0,0,1,0,0,0,1,0,0,0,1,0,0,0,0,0,1,0,0,0,0,1,0
CUVAWetlnd60,CUVAWetlnd2012Apr23,S. Bingham, D. Marcum,0,0,0,1,0,0,0,0,1,0,0,1,0,0,1,0,1,1,1,0,1,1,0,1,0,0,1,1,0,0,0,0,1,1,0,0,1,0,0,0,0,1,1,0,0,0,0,1,1,0
CUVAWetlnd61,CUVAWetlnd2013Jul30,S.Bingham, D.Marcum,0,0,0,0,0,1,0,0,1,0,0,0,1,1,0,0,0,1,1,0,1,1,0,1,0,0,1,0,1,0,0,0,1,0,0,0,1,0,0,0,0,1,0,0,0,0,0,1,0,0
CUVAWetlnd62,CUVAWetlnd2012Apr16,S.Bingham, D.Marcum,0,0,0,0,1,0,0,0,1,0,0,0,1,1,0,0,1,1,1,0,1,0,0,1,0,1,0,0,1,0,0,0,1,0,0,0,1,0,1,0,0,0,0,0,1,0,0,1,1,0
CUVAWetlnd63,CUVAWetlnd2012Apr25,S. Bingham, D. Marcum,0,0,1,0,1,0,0,0,0,1,0,0,1,0,1,0,0,1,1,0,1,1,0,1,0,1,0,0,1,0,0,0,1,1,0,0,1,1,0,0,0,1,1,0,0,0,0,1,1,0
CUVAWetlnd64,CUVAWetlnd2012Apr30,S. Bingham, D. Marcum,0,0,0,1,1,0,0,0,1,0,0,0,1,0,1,0,1,1,1,0,1,1,1,0,1,0,0,1,0,0,0,0,0,1,0,0,1,1,0,0,0,0,1,0,0,0,0,0,1,0
CUVAWetlnd65,CUVAWetlnd2012Apr24,S. Bingham, D. Marcum,0,0,0,0,1,0,0,1,0,0,0,1,1,0,0,0,0,1,0,1,1,1,0,1,0,0,1,0,0,1,0,1,0,0,0,1,0,0,0,0,0,0,0,1,0,0,1,0,0,0
CUVAWetlnd66,CUVAWetlnd2012Apr24,S. Bingham, D. Marcum,0,0,0,0,1,0,0,0,1,0,0,0,1,0,0,0,0,1,0,0,1,0,0,1,0,0,1,0,0,1,0,0,1,0,0,0,1,0,0,0,0,0,0,0,0,1,0,1,0,0
CUVAWetlnd66,CUVAWetlnd2016Jun17,D. Marcum,0,0,0,0,1,0,0,0,1,0,0,1,0,1,0,0,0,1,1,0,1,0,0,1,0,0,1,0,0,1,1,1,0,0,0,1,0,0,0,0,0,0,0,0,1,0,1,0,0,0
CUVAWetlnd67,CUVAWetlnd2012Apr10,S.Bingham, D.Marcum,0,0,0,0,1,0,0,0,0,0,1,0,1,1,0,0,0,1,0,0,0,1,0,0,0,0,1,0,0,1,0,0,0,1,0,0,0,1,1,0,0,0,0,0,0,1,0,0,1,1
CUVAWetlnd7,CUVAWetlnd2012Jun04,S.Bingham,0,0,0,0,0,0,1,1,0,0,0,1,0,0,1,0,1,1,0,0,0,1,0,1,0,0,1,0,1,0,0,1,0,0,0,1,0,0,0,0,0,0,1,0,0,0,1,1,0,0
CUVAWetlnd71,CUVAWetlnd2012Jun04,S.Bingham, L.Biscan,0,0,0,0,0,0,1,1,0,0,0,0,1,0,0,0,0,1,1,0,0,0,0,1,0,0,1,0,0,1,0,1,0,0,0,1,1,0,0,0,0,0,0,0,1,0,0,0,1,0
CUVAWetlnd72,CUVAWetlnd2012Jun06,S.Bingham, L.Biscan,0,0,0,0,1,0,0,0,1,0,0,1,0,1,0,0,0,1,1,0,0,1,0,1,0,0,1,0,1,0,0,0,1,0,1,1,1,0,0,0,0,1,0,0,0,0,1,0,1,0
CUVAWetlnd73,CUVAWetlnd2012Jun05,S.Bingham, L.Biscan,0,0,0,0,0,0,1,1,0,0,0,0,1,0,0,0,0,1,1,0,0,0,0,1,0,0,1,0,1,0,0,0,0,1,0,0,1,0,0,0,0,0,0,1,0,0,0,1,1,0
CUVAWetlnd8,CUVAWetlnd2012Mar12,S.Bingham, L.Biscan,0,0,0,0,1,0,0,0,1,0,0,1,0,1,0,0,1,1,1,0,0,1,1,1,0,0,1,0,1,0,0,0,1,0,0,0,1,0,0,0,0,0,1,0,0,0,0,0,1,0
CUVAWetlnd9,CUVAWetlnd2012Mar12,S.Bingham, L.Biscan,0,0,0,1,0,0,0,0,1,0,0,1,0,1,0,0,1,1,1,0,0,1,1,1,0,0,1,0,1,0,0,0,1,0,0,0,1,0,0,0,0,1,0,0,0,0,0,1,1,0
