TaxonCode,TSN,ToleranceValue,Phylum,Class,Order,Family,Subfamily,Genus,FunctionalFeedingGroupCode,Description
AESHBO,101645,6.30,Arthropoda,Insecta,Odonata,Aeshnidae,,Boyeria,Pr,Predators
AMELAM,100996,2.10,Arthropoda,Insecta,Ephemeroptera,Ameletidae,,Ameletus,Sc,Scrapers
AMELAM,100996,2.10,Arthropoda,Insecta,Ephemeroptera,Ameletidae,,Ameletus,C,Collectors
AMNIAM,70747,4.80,Mollusca,Gastropoda,Littorinimorpha,Amnicolidae,,Amnicola,Sc,Scrapers
ASELCA,92686,8.00,Arthropoda,Malacostraca,Isopoda,Asellidae,,Caecidotea,C,Collectors
ASELLI,92666,7.70,Arthropoda,Malacostraca,Isopoda,Asellidae,,Lirceus,C,Collectors
ATHEAT,130929,2.10,Arthropoda,Insecta,Diptera,Athericidae,,Atherix,Pr,Predators
BAET,100775,4.00,Arthropoda,Insecta,Ephemeroptera,Baetidae,,,C,Collectors
BAETAC,100801,3.60,Arthropoda,Insecta,Ephemeroptera,Baetidae,,Acentrella,C,Collectors
BAETAN,-999,6.30,Arthropoda,Insecta,Ephemeroptera,Baetidae,,Anafroptilum,C,Collectors
BAETAN,-999,6.30,Arthropoda,Insecta,Ephemeroptera,Baetidae,,Anafroptilum,Sc,Scrapers
BAETAP,568546,3.70,Arthropoda,Insecta,Ephemeroptera,Baetidae,,Acerpenna,C,Collectors
BAETBA,100800,2.80,Arthropoda,Insecta,Ephemeroptera,Baetidae,,Baetis,C,Collectors
BAETCA,100903,5.60,Arthropoda,Insecta,Ephemeroptera,Baetidae,,Callibaetis,C,Collectors
BAETFA,568551,6.00,Arthropoda,Insecta,Ephemeroptera,Baetidae,,Fallceon,Pr,Predators
BAETHE,100794,3.60,Arthropoda,Insecta,Ephemeroptera,Baetidae,,Heterocloeon,Sc,Scrapers
BAETIS,776928,,Arthropoda,Insecta,Ephemeroptera,Baetidae,,Iswaeon,C,Collectors
BAETLA,568552,4.40,Arthropoda,Insecta,Ephemeroptera,Baetidae,,Labiobaetis,Pr,Predators
BAETPA,100899,8.70,Arthropoda,Insecta,Ephemeroptera,Baetidae,,Paracloeodes,Sc,Scrapers
BAETPL,568553,4.00,Arthropoda,Insecta,Ephemeroptera,Baetidae,,Plauditus,C,Collectors
BAETPR,206622,7.70,Arthropoda,Insecta,Ephemeroptera,Baetidae,,Procloeon,C,Collectors
BATCBA,101494,1.40,Arthropoda,Insecta,Ephemeroptera,Baetiscidae,,Baetisca,Sc,Scrapers
BATCBA,101494,1.40,Arthropoda,Insecta,Ephemeroptera,Baetiscidae,,Baetisca,C,Collectors
BIVAL,79118,8.00,Mollusca,Bivalvia,,,,,F,Filterers
BRACHBR,116906,1.10,Arthropoda,Insecta,Trichoptera,Brachycentridae,,Brachycentrus,F,Filterers
BRACHMI,116958,0.00,Arthropoda,Insecta,Trichoptera,Brachycentridae,,Micrasema,Sh,Shredders
BRAN,69169,6.00,Annelida,Clitellata,Branchiobdellida,Branchiobdellidae,,,C,Collectors
CAENCA,101478,7.60,Arthropoda,Insecta,Ephemeroptera,Caenidae,,Caenis,C,Collectors
CAENCA,101478,7.60,Arthropoda,Insecta,Ephemeroptera,Caenidae,,Caenis,Sc,Scrapers
CALOCA,102052,8.30,Arthropoda,Insecta,Odonata,Calopterygidae,,Calopteryx,Pr,Predators
CALOHE,102048,6.20,Arthropoda,Insecta,Odonata,Calopterygidae,,Hetaerina,Pr,Predators
CAMBFA,1133539,2.70,Arthropoda,Malacostraca,Decapoda,Cambaridae,,Faxonius,C,Collectors
CAPNAL,102644,2.80,Arthropoda,Insecta,Plecoptera,Capniidae,,Allocapnia,Sh,Shredders
CAPNPA,102804,0.20,Arthropoda,Insecta,Plecoptera,Capniidae,,Paracapnia,Sh,Shredders
CERA,127338,6.00,Arthropoda,Insecta,Diptera,Ceratopogonidae,Ceratopogoninae ,,Sc,Scrapers
CERA,127338,6.00,Arthropoda,Insecta,Diptera,Ceratopogonidae,Ceratopogoninae ,,C,Collectors
CERA,127338,6.00,Arthropoda,Insecta,Diptera,Ceratopogonidae,Ceratopogoninae ,,Pr,Predators
CERAAT,127113,6.80,Arthropoda,Insecta,Diptera,Ceratopogonidae,Forcipomyiinae,Atrichopogon,C,Collectors
CERADA,127278,6.00,Arthropoda,Insecta,Diptera,Ceratopogonidae,Ceratopogoninae,Dasyhelea,Sc,Scrapers
CERADA,127278,6.00,Arthropoda,Insecta,Diptera,Ceratopogonidae,Ceratopogoninae,Dasyhelea,C,Collectors
CERAFO,127112,6.00,Arthropoda,Insecta,Diptera,Ceratopogonidae,Forcipomyiinae,,C,Collectors
CHLO,103202,1.00,Arthropoda,Insecta,Plecoptera,Chloroperlidae,,,C,Collectors
CHLO,103202,1.00,Arthropoda,Insecta,Plecoptera,Chloroperlidae,,,Pr,Predators
CHLOAL,103203,1.40,Arthropoda,Insecta,Plecoptera,Chloroperlidae,,Alloperla,Pr,Predators
CHLOHA,103260,1.30,Arthropoda,Insecta,Plecoptera,Chloroperlidae,,Haploperla,Pr,Predators
CHLOHA,103260,1.30,Arthropoda,Insecta,Plecoptera,Chloroperlidae,,Haploperla,C,Collectors
CLAD,83832,8.00,Arthropoda,Branchiopoda,Diplostraca,"Cladocera",,,F,Filterers
CLAD,83832,8.00,Arthropoda,Branchiopoda,Diplostraca,"Cladocera",,,C,Collectors
COEN,102077,6.10,Arthropoda,Insecta,Odonata,Coenagrionidae,,,Pr,Predators
COENAR,102139,5.10,Arthropoda,Insecta,Odonata,Coenagrionidae,,Argia,Pr,Predators
COENEN,102102,9.00,Arthropoda,Insecta,Odonata,Coenagrionidae,,Enallagma,Pr,Predators
COENIS,102078,9.40,Arthropoda,Insecta,Odonata,Coenagrionidae,,Ischnura,Pr,Predators
CORI,103364,9.00,Arthropoda,Insecta,Hemiptera,Corixidae,,,He,Herbivores
CORI,103364,9.00,Arthropoda,Insecta,Hemiptera,Corixidae,,,Pr,Predators
CORIPA,103491,5.00,Arthropoda,Insecta,Hemiptera,Corixidae,,Palmacorixa,Pr,Predators
CORISI,103369,9.00,Arthropoda,Insecta,Hemiptera,Corixidae,,Sigara,Pr,Predators
CORITR,103423,5.00,Arthropoda,Insecta,Hemiptera,Corixidae,,Trichocorixa,Pr,Predators
CORYCH,115024,4.00,Arthropoda,Insecta,Megaloptera,Corydalidae,,Chauliodes,Pr,Predators
CORYCO,115033,5.60,Arthropoda,Insecta,Megaloptera,Corydalidae,,Corydalus,Pr,Predators
CORYNI,115028,5.80,Arthropoda,Insecta,Megaloptera,Corydalidae,,Nigronia,Pr,Predators
CRAM,693963,5.00,Arthropoda,Insecta,Lepidoptera,Crambidae,,,He,Herbivores
CRAM,693963,5.00,Arthropoda,Insecta,Lepidoptera,Crambidae,,,Sh,Shredders
CRAMPA,117714,5.00,Arthropoda,Insecta,Lepidoptera,Crambidae,,Parapoynx,He,Herbivores
CRAMPA,117714,5.00,Arthropoda,Insecta,Lepidoptera,Crambidae,,Parapoynx,Sh,Shredders
CRAMPE,117682,2.70,Arthropoda,Insecta,Lepidoptera,Crambidae,,Petrophila,He,Herbivores
CRAMPE,117682,2.70,Arthropoda,Insecta,Lepidoptera,Crambidae,,Petrophila,Sh,Shredders
CRANBS,-999,,Arthropoda,Malacostraca,Amphipoda,Crangonyctidae,,(Stygobromus/Bactrurus),C,Collectors
CRANCR,95081,8.00,Arthropoda,Malacostraca,Amphipoda,Crangonyctidae,,Crangonyx,C,Collectors
CRANST,93861,,Arthropoda,Malacostraca,Amphipoda,Crangonyctidae,,Stygobromus,C,Collectors
CULICU,126455,10.00,Arthropoda,Insecta,Diptera,Culicidae,,Culex,F,Filterers
CYRECO,81385,6.30,Mollusca,Bivalvia,Venerida,Cyrenidae,,Corbicula,F,Filterers
DIXIDE,125854,2.00,Arthropoda,Insecta,Diptera,Dixidae,,Dixella,C,Collectors
DIXIDI,125810,2.80,Arthropoda,Insecta,Diptera,Dixidae,,Dixa,Pr,Predators
DIXIDI,125810,2.80,Arthropoda,Insecta,Diptera,Dixidae,,Dixa,C,Collectors
DOLI,136824,4.00,Arthropoda,Insecta,Diptera,Dolichopodidae,,,Pr,Predators
DRYOHE,114006,5.40,Arthropoda,Insecta,Coleoptera,Dryopidae,,Helichus,C,Collectors
DRYOHE,114006,5.40,Arthropoda,Insecta,Coleoptera,Dryopidae,,Helichus,Sh,Shredders
DUGEGI,1037592,5.50,Platyhelminthes,Rhabditophora,Tricladida,Dugesiidae,,Girardia,C,Collectors
DUGEGI,1037592,5.50,Platyhelminthes,Rhabditophora,Tricladida,Dugesiidae,,Girardia,Pr,Predators
DYTIA,728216,,Arthropoda,Insecta,Coleoptera,Dytiscidae,Agabinae,"Agabini",Pr,Predators
DYTIAG,111966,5.00,Arthropoda,Insecta,Coleoptera,Dytiscidae,,Agabus,Pr,Predators
DYTIHG,112200,,Arthropoda,Insecta,Coleoptera,Dytiscidae,,Hygrotus,Pr,Predators
DYTIIO,728239,,Arthropoda,Insecta,Coleoptera,Dytiscidae,,Ilybiosoma,Pr,Predators
ELMI,114093,4.00,Arthropoda,Insecta,Coleoptera,Elmidae,,,C,Collectors
ELMI,114093,4.00,Arthropoda,Insecta,Coleoptera,Elmidae,,,Sh,Shredders
ELMI,114093,4.00,Arthropoda,Insecta,Coleoptera,Elmidae,,,Sc,Scrapers
ELMIAN,114193,6.40,Arthropoda,Insecta,Coleoptera,Elmidae,,Ancyronyx,C,Collectors
ELMIAN,114193,6.40,Arthropoda,Insecta,Coleoptera,Elmidae,,Ancyronyx,Sc,Scrapers
ELMIDU,114126,6.40,Arthropoda,Insecta,Coleoptera,Elmidae,,Dubiraphia,C,Collectors
ELMIMA,114212,4.70,Arthropoda,Insecta,Coleoptera,Elmidae,,Macronychus,C,Collectors
ELMIMI,114146,2.10,Arthropoda,Insecta,Coleoptera,Elmidae,,Microcylloepus,C,Collectors
ELMIOP,114177,2.70,Arthropoda,Insecta,Coleoptera,Elmidae,,Optioservus,C,Collectors
ELMIOP,114177,2.70,Arthropoda,Insecta,Coleoptera,Elmidae,,Optioservus,Sh,Shredders
ELMIST,114095,5.40,Arthropoda,Insecta,Coleoptera,Elmidae,,Stenelmis,C,Collectors
ELMIST,114095,5.40,Arthropoda,Insecta,Coleoptera,Elmidae,,Stenelmis,Sc,Scrapers
EMMEFO,70605,,Mollusca,Gastropoda,Littorinimorpha,Emmericiidae,,Fontigens,Sc,Scrapers
EMPICH,136305,6.00,Arthropoda,Insecta,Diptera,Empididae,,Chelifera (Metachela),Pr,Predators
EMPICL,135849,6.00,Arthropoda,Insecta,Diptera,Empididae,,Clinocera,Pr,Predators
EMPIHE,136327,6.00,Arthropoda,Insecta,Diptera,Empididae,,Hemerodromia,C,Collectors
EMPIHE,136327,6.00,Arthropoda,Insecta,Diptera,Empididae,,Hemerodromia,Pr,Predators
EMPIOR,136377,,Arthropoda,Insecta,Diptera,Empididae,,Oreogeton,Pr,Predators
EMPITR,135903,6.00,Arthropoda,Insecta,Diptera,Empididae,,Trichoclinocera,Pr,Predators
ENTO,99643,,Arthropoda,Collembola,Entomobryomorpha,Entomobryidae,,,C,Collectors
EPHE,101232,1.00,Arthropoda,Insecta,Ephemeroptera,Ephemerellidae,,,C,Collectors
EPHE,101232,1.00,Arthropoda,Insecta,Ephemeroptera,Ephemerellidae,,,Sc,Scrapers
EPHEAT,101338,2.60,Arthropoda,Insecta,Ephemeroptera,Ephemerellidae,,Attenella,C,Collectors
EPHEEH,101526,1.10,Arthropoda,Insecta,Ephemeroptera,Ephemeridae,,Ephemera,C,Collectors
EPHEEH,101526,1.10,Arthropoda,Insecta,Ephemeroptera,Ephemeridae,,Ephemera,Pr,Predators
EPHEEP,101233,2.90,Arthropoda,Insecta,Ephemeroptera,Ephemerellidae,,Ephemerella,C,Collectors
EPHEEP,101233,2.90,Arthropoda,Insecta,Ephemeroptera,Ephemerellidae,,Ephemerella,Sc,Scrapers
EPHEEU,101324,2.10,Arthropoda,Insecta,Ephemeroptera,Ephemerellidae,,Eurylophella,C,Collectors
EPHEHE,101537,4.70,Arthropoda,Insecta,Ephemeroptera,Ephemeridae,,Hexagenia,C,Collectors
EPHESE,101395,2.10,Arthropoda,Insecta,Ephemeroptera,Ephemerellidae,,Serratella,C,Collectors
EPHETE,776926,2.70,Arthropoda,Insecta,Ephemeroptera,Ephemerellidae,,Teloganopsis,C,Collectors
EPHY,146893,6.00,Arthropoda,Insecta,Diptera,Ephydridae,,,Sh,Shredders
EPHY,146893,6.00,Arthropoda,Insecta,Diptera,Ephydridae,,,C,Collectors
ERPO,69438,7.80,Annelida,Clitellata,Arhynchobdellida,Erpobdellidae,,,Pa,Parasites
GAMMGA,93773,6.00,Arthropoda,Malacostraca,Amphipoda,Gammaridae,,Gammarus,C,Collectors
GERR,103801,5.00,Arthropoda,Insecta,Hemiptera,Gerridae,,,Pr,Predators
GERRAQ,717547,6.40,Arthropoda,Insecta,Hemiptera,Gerridae,,Aquarius,Pr,Predators
GERRGE,103829,5.00,Arthropoda,Insecta,Hemiptera,Gerridae,,Gerris,Pr,Predators
GERRRH,103802,,Arthropoda,Insecta,Hemiptera,Gerridae,,Rheumatobates,Pr,Predators
GLOSAG,117121,0.00,Arthropoda,Insecta,Trichoptera,Glossosomatidae,,Agapetus,Sc,Scrapers
GLOSAG,117121,0.00,Arthropoda,Insecta,Trichoptera,Glossosomatidae,,Agapetus,C,Collectors
GLOSGL,117159,1.50,Arthropoda,Insecta,Trichoptera,Glossosomatidae,,Glossosoma,Sc,Scrapers
GLOSGL,117159,1.50,Arthropoda,Insecta,Trichoptera,Glossosomatidae,,Glossosoma,C,Collectors
GLOSPR,115221,2.80,Arthropoda,Insecta,Trichoptera,Glossosomatidae,,Protoptila,Sc,Scrapers
GLSS,69380,7.00,Annelida,Clitellata,Rhynchobdellida,Glossiphoniidae,,,Pr,Predators
GOMP,101664,5.30,Arthropoda,Insecta,Odonata,Gomphidae,,,Pr,Predators
GOMPDR,101730,6.30,Arthropoda,Insecta,Odonata,Gomphidae,,Dromogomphus,Pr,Predators
GOMPGM,101777,6.20,Arthropoda,Insecta,Odonata,Gomphidae,,Gomphurus,Pr,Predators
GOMPHA,101734,4.00,Arthropoda,Insecta,Odonata,Gomphidae,,Hagenius,Pr,Predators
GOMPOP,101738,6.20,Arthropoda,Insecta,Odonata,Gomphidae,,Ophiogomphus,Pr,Predators
GOMPPH,-999,,Arthropoda,Insecta,Odonata,Gomphidae,,Phanogomphus,Pr,Predators
GOMPST,101761,4.80,Arthropoda,Insecta,Odonata,Gomphidae,,Stylogomphus,Pr,Predators
GYRIDI,112711,5.50,Arthropoda,Insecta,Coleoptera,Gyrinidae,,Dineutus,Pr,Predators
HALIPE,111923,8.50,Arthropoda,Insecta,Coleoptera,Haliplidae,,Peltodytes,He,Herbivores
HALIPE,111923,8.50,Arthropoda,Insecta,Coleoptera,Haliplidae,,Peltodytes,C,Collectors
HEBRHE,103965,,Arthropoda,Insecta,Hemiptera,Hebridae,,Hebrus,Pr,Predators
HEBRLI,103986,,Arthropoda,Insecta,Hemiptera,Hebridae,,Lipogomphus,Pr,Predators
HEBRME,103983,,Arthropoda,Insecta,Hemiptera,Hebridae,,Merragata,Pr,Predators
HELIHE,117016,0.00,Arthropoda,Insecta,Trichoptera,Helicopsychidae,,Helicopsyche,Sc,Scrapers
HEMI,103359,,Arthropoda,Insecta,Hemiptera,,,,Pr,Predators
HEPT,100504,4.00,Arthropoda,Insecta,Ephemeroptera,Heptageniidae,,,F,Filterers
HEPTEP,100626,1.30,Arthropoda,Insecta,Ephemeroptera,Heptageniidae,,Epeorus,C,Collectors
HEPTHE,100602,2.40,Arthropoda,Insecta,Ephemeroptera,Heptageniidae,,Heptagenia,Sc,Scrapers
HEPTHE,100602,2.40,Arthropoda,Insecta,Ephemeroptera,Heptageniidae,,Heptagenia,C,Collectors
HEPTLE,100676,1.20,Arthropoda,Insecta,Ephemeroptera,Heptageniidae,,Leucrocuta,C,Collectors
HEPTLE,100676,1.20,Arthropoda,Insecta,Ephemeroptera,Heptageniidae,,Leucrocuta,Sc,Scrapers
HEPTMC,100744,5.00,Arthropoda,Insecta,Ephemeroptera,Heptageniidae,,Macdunnoa,C,Collectors
HEPTMC,100744,5.00,Arthropoda,Insecta,Ephemeroptera,Heptageniidae,,Macdunnoa,Sc,Scrapers
HEPTRH,100572,0.00,Arthropoda,Insecta,Ephemeroptera,Heptageniidae,,Rhithrogena,C,Collectors
HEPTSE,100507,2.30,Arthropoda,Insecta,Ephemeroptera,Heptageniidae,,Stenonema,Sc,Scrapers
HEPTSE,100507,2.30,Arthropoda,Insecta,Ephemeroptera,Heptageniidae,,Stenonema,C,Collectors
HEPTST,100713,7.10,Arthropoda,Insecta,Ephemeroptera,Heptageniidae,,Stenacron,C,Collectors
HIR,69290,10.00,Annelida,Clitellata,"Hirudinida",,,,C,Collectors
HYALHY,94025,6.80,Arthropoda,Malacostraca,Amphipoda,Hyalellidae,,Hyalella,C,Collectors
HYDD,50844,,Cnidaria,Hydrozoa,Anthoathecata,Hydridae,,,Pr,Predators
HYDDHY,50845,5.00,Cnidaria,Hydrozoa,Anthoathecata,Hydridae,,Hydra,Pr,Predators
HYDNHY,112757,6.00,Arthropoda,Insecta,Coleoptera,Hydraenidae,,Hydraena,Sc,Scrapers
HYDNHY,112757,6.00,Arthropoda,Insecta,Coleoptera,Hydraenidae,,Hydraena,C,Collectors
HYDPBE,112812,8.60,Arthropoda,Insecta,Coleoptera,Hydrophilidae,,Berosus,He,Herbivores
HYDPBE,112812,8.60,Arthropoda,Insecta,Coleoptera,Hydrophilidae,,Berosus,C,Collectors
HYDPEN,112973,8.50,Arthropoda,Insecta,Coleoptera,Hydrophilidae,,Enochrus,C,Collectors
HYDPHL,-999,,Arthropoda,Insecta,Coleoptera,Hydrophilidae,,Hydrobius/Limnohydrobius,C,Collectors
HYDPHL,-999,,Arthropoda,Insecta,Coleoptera,Hydrophilidae,,Hydrobius/Limnohydrobius,Pr,Predators
HYDPHY,113196,5.00,Arthropoda,Insecta,Coleoptera,Hydrophilidae,,Hydrobius,C,Collectors
HYDPHY,113196,5.00,Arthropoda,Insecta,Coleoptera,Hydrophilidae,,Hydrobius,Pr,Predators
HYDPTR,112938,9.80,Arthropoda,Insecta,Coleoptera,Hydrophilidae,,Tropisternus,C,Collectors
HYDPTR,112938,9.80,Arthropoda,Insecta,Coleoptera,Hydrophilidae,,Tropisternus,Pr,Predators
HYDR,70493,7.00,Mollusca,Gastropoda,Littorinimorpha,Hydrobiidae,,,Sc,Scrapers
HYDRPR,70505,,Mollusca,Gastropoda,Littorinimorpha,Hydrobiidae,,Probythinella,Sc,Scrapers
HYDSCH,115408,6.60,Arthropoda,Insecta,Trichoptera,Hydropsychidae,,Cheumatopsyche,F,Filterers
HYDSDI,115399,2.20,Arthropoda,Insecta,Trichoptera,Hydropsychidae,,Diplectrona,F,Filterers
HYDSHY,115453,8.10,Arthropoda,Insecta,Trichoptera,Hydropsychidae,,Hydropsyche,F,Filterers
HYDSPO,115551,2.50,Arthropoda,Insecta,Trichoptera,Hydropsychidae,,Potamyia,F,Filterers
HYDTDI,115826,2.00,Arthropoda,Insecta,Trichoptera,Hydroptilidae,,Dibusa,Sc,Scrapers
HYDTHY,115641,6.20,Arthropoda,Insecta,Trichoptera,Hydroptilidae,,Hydroptila,He,Herbivores
HYDTHY,115641,6.20,Arthropoda,Insecta,Trichoptera,Hydroptilidae,,Hydroptila,Sc,Scrapers
HYDTIT,115823,4.00,Arthropoda,Insecta,Trichoptera,Hydroptilidae,,Ithytrichia,Sc,Scrapers
HYDTNE,115833,3.60,Arthropoda,Insecta,Trichoptera,Hydroptilidae,,Neotrichia,Sc,Scrapers
HYDTOC,115714,7.20,Arthropoda,Insecta,Trichoptera,Hydroptilidae,,Ochrotrichia,C,Collectors
HYDTOC,115714,7.20,Arthropoda,Insecta,Trichoptera,Hydroptilidae,,Ochrotrichia,He,Herbivores
HYDTOX,115779,5.20,Arthropoda,Insecta,Trichoptera,Hydroptilidae,,Oxyethira,He,Herbivores
HYDTOX,115779,5.20,Arthropoda,Insecta,Trichoptera,Hydroptilidae,,Oxyethira,C,Collectors
HYDTST,115817,2.75,Arthropoda,Insecta,Trichoptera,Hydroptilidae,,Stactobiella,Sh,Shredders
ISONIS,101041,3.80,Arthropoda,Insecta,Ephemeroptera,Isonychiidae,,Isonychia,F,Filterers
LEPCCE,116684,6.40,Arthropoda,Insecta,Trichoptera,Leptoceridae,,Ceraclea,Sh,Shredders
LEPCCE,116684,6.40,Arthropoda,Insecta,Trichoptera,Leptoceridae,,Ceraclea,C,Collectors
LEPCMY,116598,3.50,Arthropoda,Insecta,Trichoptera,Leptoceridae,,Mystacides,C,Collectors
LEPCNE,116651,4.20,Arthropoda,Insecta,Trichoptera,Leptoceridae,,Nectopsyche,C,Collectors
LEPCNE,116651,4.20,Arthropoda,Insecta,Trichoptera,Leptoceridae,,Nectopsyche,Sh,Shredders
LEPCOE,116607,5.70,Arthropoda,Insecta,Trichoptera,Leptoceridae,,Oecetis,Pr,Predators
LEPCOE,116607,5.70,Arthropoda,Insecta,Trichoptera,Leptoceridae,,Oecetis,He,Herbivores
LEPCSE,116548,0.90,Arthropoda,Insecta,Trichoptera,Leptoceridae,,Setodes,Pr,Predators
LEPCSE,116548,0.90,Arthropoda,Insecta,Trichoptera,Leptoceridae,,Setodes,C,Collectors
LEPCTR,116565,4.30,Arthropoda,Insecta,Trichoptera,Leptoceridae,,Triaenodes,Sh,Shredders
LEPILE,116794,1.00,Arthropoda,Insecta,Trichoptera,Lepidostomatidae,,Lepidostoma,Sh,Shredders
LEPTHA,101122,0.00,Arthropoda,Insecta,Ephemeroptera,Leptophlebiidae,,Habrophlebiodes,C,Collectors
LEPTHA,101122,0.00,Arthropoda,Insecta,Ephemeroptera,Leptophlebiidae,,Habrophlebiodes,Sc,Scrapers
LEPTLE,101148,6.40,Arthropoda,Insecta,Ephemeroptera,Leptophlebiidae,,Leptophlebia,C,Collectors
LEPTPA,101187,1.20,Arthropoda,Insecta,Ephemeroptera,Leptophlebiidae,,Paraleptophlebia,Sh,Shredders
LEPTPA,101187,1.20,Arthropoda,Insecta,Ephemeroptera,Leptophlebiidae,,Paraleptophlebia,C,Collectors
LEPTTR,101405,5.40,Arthropoda,Insecta,Ephemeroptera,Leptohyphidae,,Tricorythodes,C,Collectors
LESTLE,102061,6.00,Arthropoda,Insecta,Odonata,Lestidae,,Lestes,Pr,Predators
LEUC,102840,0.00,Arthropoda,Insecta,Plecoptera,Leuctridae,,,Sh,Shredders
LEUCLE,102844,0.70,Arthropoda,Insecta,Plecoptera,Leuctridae,,Leuctra,Sh,Shredders
LEUCZE,102900,0.00,Arthropoda,Insecta,Plecoptera,Leuctridae,,Zealeuctra,Sh,Shredders
LIBE,101797,9.00,Arthropoda,Insecta,Odonata,Libellulidae,,,Pr,Predators
LIBELI,101893,9.80,Arthropoda,Insecta,Odonata,Libellulidae,,Libellula,Pr,Predators
LIMNIR,116382,7.30,Arthropoda,Insecta,Trichoptera,Limnephilidae,,Ironoquia,C,Collectors
LIMNIR,116382,7.30,Arthropoda,Insecta,Trichoptera,Limnephilidae,,Ironoquia,Sh,Shredders
LIMNPY,116409,2.50,Arthropoda,Insecta,Trichoptera,Limnephilidae,,Pycnopsyche,C,Collectors
LIMNPY,116409,2.50,Arthropoda,Insecta,Trichoptera,Limnephilidae,,Pycnopsyche,Sh,Shredders
LIMO,-999,,Arthropoda,Insecta,Diptera,Limoniidae,,,Sh,Shredders
LIMOAN,119656,4.60,Arthropoda,Insecta,Diptera,Limoniidae,,Antocha,C,Collectors
LIMOCR,120488,,Arthropoda,Insecta,Diptera,Limoniidae,,Cryptolabis,Sh,Shredders
LIMOCR,120488,,Arthropoda,Insecta,Diptera,Limoniidae,,Cryptolabis,C,Collectors
LIMOGIE,-999,,Arthropoda,Insecta,Diptera,Limoniidae,,Gonomyia/Idiocera/Ellipteroides,C,Collectors
LIMOHE,120094,4.70,Arthropoda,Insecta,Diptera,Limoniidae,,Hexatoma,Pr,Predators
LIMOLM,120164,3.00,Arthropoda,Insecta,Diptera,Limoniidae,,Limnophila,Pr,Predators
LIMOMO,120758,4.00,Arthropoda,Insecta,Diptera,Limoniidae,,Molophilus,Sh,Shredders
LIMOPS,120365,7.30,Arthropoda,Insecta,Diptera,Limoniidae,,Pseudolimnophila,C,Collectors
LYMN,76483,6.00,Mollusca,Gastropoda,,Lymnaeidae,,,Sc,Scrapers
LYMNGA,76497,6.00,Mollusca,Gastropoda,,Lymnaeidae,,Galba,Sc,Scrapers
LYMNPS,76528,7.20,Mollusca,Gastropoda,,Lymnaeidae,,Pseudosuccinea,Sc,Scrapers
MACRMA,101918,6.70,Arthropoda,Insecta,Odonata,Macromiidae,,Macromia,Pr,Predators
MEGA,115000,3.60,Arthropoda,Insecta,Megaloptera,,,,Pr,Predators
MOLAMO,116474,3.90,Arthropoda,Insecta,Trichoptera,Molannidae,,Molanna,Sh,Shredders
MOLAMO,116474,3.90,Arthropoda,Insecta,Trichoptera,Molannidae,,Molanna,C,Collectors
MUSC,150025,6.00,Arthropoda,Insecta,Diptera,Muscidae,,,Pr,Predators
MUSCLI,150730,7.00,Arthropoda,Insecta,Diptera,Muscidae,,Limnophora,Pr,Predators
NEMO,102517,2.00,Arthropoda,Insecta,Plecoptera,Nemouridae,,,Sh,Shredders
NEMO,102517,2.00,Arthropoda,Insecta,Plecoptera,Nemouridae,,,Sc,Scrapers
NEMOAM,102540,3.40,Arthropoda,Insecta,Plecoptera,Nemouridae,,Amphinemura,Sh,Shredders
NEMOPR,102584,6.10,Arthropoda,Insecta,Plecoptera,Nemouridae,,Prostoia,Sh,Shredders
NEMOPR,102584,6.10,Arthropoda,Insecta,Plecoptera,Nemouridae,,Prostoia,Sc,Scrapers
ODON,101593,,Arthropoda,Insecta,Odonata,,,,Pr,Predators
ODONMA,116514,0.00,Arthropoda,Insecta,Trichoptera,Odontoceridae,,Marilia,Sh,Shredders
PEDIDI,121027,0.00,Arthropoda,Insecta,Diptera,Pediciidae,,Dicranota,Pr,Predators
PERL,102914,1.00,Arthropoda,Insecta,Plecoptera,Perlidae,,,C,Collectors
PERL,102914,1.00,Arthropoda,Insecta,Plecoptera,Perlidae,,,Pr,Predators
PERLAC,102917,1.50,Arthropoda,Insecta,Plecoptera,Perlidae,,Acroneuria,Pr,Predators
PERLAG,102975,0.00,Arthropoda,Insecta,Plecoptera,Perlidae,,Agnetina,Pr,Predators
PERLNE,102942,1.60,Arthropoda,Insecta,Plecoptera,Perlidae,,Neoperla,Pr,Predators
PERLPA,102962,1.80,Arthropoda,Insecta,Plecoptera,Perlidae,,Paragnetina,Pr,Predators
PERLPE,103251,0.00,Arthropoda,Insecta,Plecoptera,Perlidae,,Perlesta,Pr,Predators
PERLPE,103251,0.00,Arthropoda,Insecta,Plecoptera,Perlidae,,Perlesta,C,Collectors
PERLPR,103244,0.00,Arthropoda,Insecta,Plecoptera,Perlidae,,Perlinella,Pr,Predators
PERO,102994,2.00,Arthropoda,Insecta,Plecoptera,Perlodidae,,,Pr,Predators
PEROCL,103118,4.80,Arthropoda,Insecta,Plecoptera,Perlodidae,,Clioperla,Pr,Predators
PEROHE,103084,0.40,Arthropoda,Insecta,Plecoptera,Perlodidae,,Helopicus,Pr,Predators
PEROHY,103106,2.75,Arthropoda,Insecta,Plecoptera,Perlodidae,,Hydroperla,Pr,Predators
PEROIS,102995,3.20,Arthropoda,Insecta,Plecoptera,Perlodidae,,Isoperla,Pr,Predators
PEROIS,102995,3.20,Arthropoda,Insecta,Plecoptera,Perlodidae,,Isoperla,C,Collectors
PHILCH,115273,2.80,Arthropoda,Insecta,Trichoptera,Philopotamidae,,Chimarra,F,Filterers
PHILWO,115258,0.40,Arthropoda,Insecta,Trichoptera,Philopotamidae,,Wormaldia,F,Filterers
PHRYAG,115882,4.60,Arthropoda,Insecta,Trichoptera,Phryganeidae,,Agrypnia,Sh,Shredders
PHYSPY,76698,9.10,Mollusca,Gastropoda,,Physidae,,Physella,Sc,Scrapers
PLANPH,54535,,Platyhelminthes,Rhabditophora,Tricladida,Planariidae,,Phagocata,Pr,Predators
PLAO,76591,7.00,Mollusca,Gastropoda,,Planorbidae,,,Sc,Scrapers
PLAOFE,76569,6.90,Mollusca,Gastropoda,,Planorbidae,,Ferrissia,Sc,Scrapers
PLAOGY,76592,8.00,Mollusca,Gastropoda,,Planorbidae,,Gyraulus,Sc,Scrapers
PLAOHE,76599,6.00,Mollusca,Gastropoda,,Planorbidae,,Helisoma,Sc,Scrapers
PLAOHP,,,Mollusca,Gastropoda,,Planorbidae,,Helisoma/Planorbella,Sc,Scrapers
PLAOME,76626,8.40,Mollusca,Gastropoda,,Planorbidae,,Menetus,Sc,Scrapers
PLEU,71541,,Mollusca,Gastropoda,Neotaenioglossa,Pleuroceridae,,,Sc,Scrapers
PLEUEL,71654,2.50,Mollusca,Gastropoda,,Pleuroceridae,,Elimia,Sc,Scrapers
PLEUPL,71549,3.70,Mollusca,Gastropoda,,Pleuroceridae,,Pleurocera,Sc,Scrapers
PODUPO,99240,,Arthropoda,Collembola,Poduromorpha,Poduridae,,Podura,C,Collectors
POLYCE,115373,1.20,Arthropoda,Insecta,Trichoptera,Polycentropodidae,,Cernotina,Pr,Predators
POLYCY,117091,7.40,Arthropoda,Insecta,Trichoptera,Polycentropodidae,,Cyrnellus,C,Collectors
POLYCY,117091,7.40,Arthropoda,Insecta,Trichoptera,Polycentropodidae,,Cyrnellus,F,Filterers
POLYNE,117095,4.40,Arthropoda,Insecta,Trichoptera,Polycentropodidae,,Neureclipsis,F,Filterers
POLYNE,117095,4.40,Arthropoda,Insecta,Trichoptera,Polycentropodidae,,Neureclipsis,Sh,Shredders
POLYNY,117104,0.90,Arthropoda,Insecta,Trichoptera,Polycentropodidae,,Nyctiophylax,F,Filterers
POLYNY,117104,0.90,Arthropoda,Insecta,Trichoptera,Polycentropodidae,,Nyctiophylax,Pr,Predators
POLYNY,117104,0.90,Arthropoda,Insecta,Trichoptera,Polycentropodidae,,Nyctiophylax,Sh,Shredders
POLYPL,568776,,Arthropoda,Insecta,Trichoptera,Polycentropodidae,,Plectrocnemia,Pr,Predators
POLYPL,568776,,Arthropoda,Insecta,Trichoptera,Polycentropodidae,,Plectrocnemia,Sh,Shredders
POLYPL,568776,,Arthropoda,Insecta,Trichoptera,Polycentropodidae,,Plectrocnemia,C,Collectors
POLYPO,117044,3.50,Arthropoda,Insecta,Trichoptera,Polycentropodidae,,Polycentropus,C,Collectors
POLYPO,117044,3.50,Arthropoda,Insecta,Trichoptera,Polycentropodidae,,Polycentropus,Pr,Predators
POTAAN,568559,1.60,Arthropoda,Insecta,Ephemeroptera,Potamanthidae,,Anthopotamus,C,Collectors
PSEPEC,114087,4.30,Arthropoda,Insecta,Coleoptera,Psephenidae,,Ectopria,Sc,Scrapers
PSEPPS,114070,2.50,Arthropoda,Insecta,Coleoptera,Psephenidae,,Psephenus,Sc,Scrapers
PSYCPE,-999,,Arthropoda,Insecta,Diptera,Psychodidae,,"Pericomaini",C,Collectors
PSYCPS,-999,9.90,Arthropoda,Insecta,Diptera,Psychodidae,,"Psychodini",C,Collectors
PSYHLYD,115391,4.30,Arthropoda,Insecta,Trichoptera,Psychomyiidae,,Lype,C,Collectors
PSYHPA,115388,0.00,Arthropoda,Insecta,Trichoptera,Psychomyiidae,,Paduniella,C,Collectors
PSYHPA,115388,0.00,Arthropoda,Insecta,Trichoptera,Psychomyiidae,,Paduniella,Sc,Scrapers
PSYHPS,115335,2.60,Arthropoda,Insecta,Trichoptera,Psychomyiidae,,Psychomyia,C,Collectors
PSYHPS,115335,2.60,Arthropoda,Insecta,Trichoptera,Psychomyiidae,,Psychomyia,Sc,Scrapers
PTERPT,102471,1.70,Arthropoda,Insecta,Plecoptera,Pteronarcyidae,,Pteronarcys,Sh,Shredders
RHYARH,115097,0.00,Arthropoda,Insecta,Trichoptera,Rhyacophilidae,,Rhyacophila,Pr,Predators
SCIR,113924,5.00,Arthropoda,Insecta,Coleoptera,Scirtidae,,,C,Collectors
SCIR,113924,5.00,Arthropoda,Insecta,Coleoptera,Scirtidae,,,Sh,Shredders
SCIR,113924,5.00,Arthropoda,Insecta,Coleoptera,Scirtidae,,,He,Herbivores
SCIR,113924,5.00,Arthropoda,Insecta,Coleoptera,Scirtidae,,,Sc,Scrapers
SCIRSC,113929,,Arthropoda,Insecta,Coleoptera,Scirtidae,,Scirtes,Sh,Shredders
SIALSI,115002,7.40,Arthropoda,Insecta,Megaloptera,Sialidae,,Sialis,Pr,Predators
SIMUPR,126703,2.90,Arthropoda,Insecta,Diptera,Simuliidae,,Prosimulium,F,Filterers
SIMUSI,126774,4.40,Arthropoda,Insecta,Diptera,Simuliidae,,Simulium,F,Filterers
SIPHSI,100953,2.60,Arthropoda,Insecta,Ephemeroptera,Siphlonuridae,,Siphlonurus,C,Collectors
SIPHSI,100953,2.60,Arthropoda,Insecta,Ephemeroptera,Siphlonuridae,,Siphlonurus,Sc,Scrapers
SISYCL,115086,6.50,Arthropoda,Insecta,Neuroptera,Sisyridae,,Climacia,Pr,Predators
SISYSI,115090,,Arthropoda,Insecta,Neuroptera,Sisyridae,,Sisyra,Pr,Predators
SMIN,100258,,Arthropoda,Collembola,Symphypleona,Sminthuridae,,,C,Collectors
SPHA,81389,6.00,Mollusca,Bivalvia,Veneroida,Sphaeriidae,,,F,Filterers
SPHAPI,81400,6.80,Mollusca,Bivalvia,Veneroida,Sphaeriidae,,Pisidium,F,Filterers
SPHASP,81391,7.70,Mollusca,Bivalvia,Veneroida,Sphaeriidae,,Sphaerium,F,Filterers
STRACA,130409,8.00,Arthropoda,Insecta,Diptera,Stratiomyidae,,Caloparyphus,C,Collectors
STRAMY,130473,8.00,Arthropoda,Insecta,Diptera,Stratiomyidae,,Myxosargus,C,Collectors
STRANE,130694,7.30,Arthropoda,Insecta,Diptera,Stratiomyidae,,Nemotelus,C,Collectors
STRAOH,,,Arthropoda,Insecta,Diptera,Stratiomyidae,,Odontomyia/Hedriodiscus,Sc,Scrapers
TABA,130934,6.00,Arthropoda,Insecta,Diptera,Tabanidae,,,C,Collectors
TABAHY,131321,,Arthropoda,Insecta,Diptera,Tabanidae,,Hybomitra,Pr,Predators
TABATA,131527,9.70,Arthropoda,Insecta,Diptera,Tabanidae,,Tabanus (Atylotus),Pr,Predators
TABCHL,131250,,Arthropoda,Insecta,Diptera,Tabanidae,,Chlorotabanus,Pr,Predators
TABCHR,131078,7.30,Arthropoda,Insecta,Diptera,Tabanidae,,Chrysops,Pr,Predators
TAEN,102788,2.00,Arthropoda,Insecta,Plecoptera,Taeniopterygidae,,,C,Collectors
TAEN,102788,2.00,Arthropoda,Insecta,Plecoptera,Taeniopterygidae,,,Sh,Shredders
TAENST,102808,2.50,Arthropoda,Insecta,Plecoptera,Taeniopterygidae,,Strophopteryx,Sh,Shredders
TAENTA,102789,2.00,Arthropoda,Insecta,Plecoptera,Taeniopterygidae,,Taeniopteryx,C,Collectors
TAENTA,102789,2.00,Arthropoda,Insecta,Plecoptera,Taeniopterygidae,,Taeniopteryx,Sh,Shredders
THRENE,116046,1.60,Arthropoda,Insecta,Trichoptera,Thremmatidae,,Neophylax,Sc,Scrapers
TIPU,118840,3.00,Arthropoda,Insecta,Diptera,Tipulidae,,,C,Collectors
TIPUTI,119037,7.70,Arthropoda,Insecta,Diptera,Tipulidae,,Tipula,Sh,Shredders
TIPUTI,119037,7.70,Arthropoda,Insecta,Diptera,Tipulidae,,Tipula,C,Collectors
TRIDEL,650541,,Arthropoda,Insecta,Orthoptera,Tridactylidae,,Ellipes,C,Collectors
TROM,82769,5.70,Arthropoda,Arachnida,Trombidiformes,"Hydrachnidiae",,,Pr,Predators
TROM,82769,5.70,Arthropoda,Arachnida,Trombidiformes,"Hydrachnidiae",,,Pa,Parasites
UNIO,79913,0.00,Mollusca,Bivalvia,Unionida,Unionidae,,,F,Filterers
UNIOCY,80084,0.00,Mollusca,Bivalvia,Unionida,Unionidae,,Cyclonaias,F,Filterers
UNIOLA,79986,0.00,Mollusca,Bivalvia,Unionida,Unionidae,,Lampsilis,F,Filterers
UNIOST,80150,0.00,Mollusca,Bivalvia,Unionida,Unionidae,,Strophitus,F,Filterers
VELI,103885,7.00,Arthropoda,Insecta,Hemiptera,Veliidae,,,Pr,Predators
VELIMI,103900,6.40,Arthropoda,Insecta,Hemiptera,Veliidae,,Microvelia,Pr,Predators
VELIRH,103886,5.00,Arthropoda,Insecta,Hemiptera,Veliidae,,Rhagovelia,Pr,Predators
VIVI,70304,6.00,Mollusca,Gastropoda,Architaenioglossa,Viviparidae,,,Sc,Scrapers
