ParkName,ParkCode,PeriodID,Season,tbl_SamplingPeriods_StartDate,tbl_SamplingPeriods_EndDate,EventID,tbl_SamplingEvents_StartDate,tbl_SamplingEvents_EndDate,EventComments
Buffalo National River,BUFF,BUFFRMFISH2006MAY22,2006,5/22/2006 0:00:00,6/12/2006 0:00:00,BUFFRMFISH2006JUN02,6/2/2006 0:00:00,6/2/2006 0:00:00,
Buffalo National River,BUFF,BUFFRMFISH2006MAY22,2006,5/22/2006 0:00:00,6/12/2006 0:00:00,BUFFRMFISH2006JUN05,6/5/2006 0:00:00,6/5/2006 0:00:00,
Buffalo National River,BUFF,BUFFRMFISH2006MAY22,2006,5/22/2006 0:00:00,6/12/2006 0:00:00,BUFFRMFISH2006JUN06,6/6/2006 0:00:00,6/6/2006 0:00:00,
Buffalo National River,BUFF,BUFFRMFISH2006MAY22,2006,5/22/2006 0:00:00,6/12/2006 0:00:00,BUFFRMFISH2006JUN12,6/12/2006 0:00:00,6/12/2006 0:00:00,
Buffalo National River,BUFF,BUFFRMFISH2006MAY22,2006,5/22/2006 0:00:00,6/12/2006 0:00:00,BUFFRMFISH2006MAY22,5/22/2006 0:00:00,5/22/2006 0:00:00,
Buffalo National River,BUFF,BUFFRMFISH2006MAY22,2006,5/22/2006 0:00:00,6/12/2006 0:00:00,BUFFRMFISH2006MAY23,5/23/2006 0:00:00,5/23/2006 0:00:00,
Buffalo National River,BUFF,BUFFRMFISH2006MAY22,2006,5/22/2006 0:00:00,6/12/2006 0:00:00,BUFFRMFISH2006MAY24,5/24/2006 0:00:00,5/24/2006 0:00:00,
Buffalo National River,BUFF,BUFFRMFISH2006MAY22,2006,5/22/2006 0:00:00,6/12/2006 0:00:00,BUFFRMFISH2006MAY25,5/25/2006 0:00:00,5/25/2006 0:00:00,
Buffalo National River,BUFF,BUFFRMFISH2006MAY22,2006,5/22/2006 0:00:00,6/12/2006 0:00:00,BUFFRMFISH2006MAY30,5/30/2006 0:00:00,5/31/2006 0:00:00,
Buffalo National River,BUFF,BUFFRMFISH2006MAY22,2006,5/22/2006 0:00:00,6/12/2006 0:00:00,BUFFRMFISH2006JUN01,6/1/2006 0:00:00,6/1/2006 0:00:00,
Buffalo National River,BUFF,BUFFRMFISH2007Mar13,2007,3/13/2007 0:00:00,3/22/2007 0:00:00,BUFFRMFish2007Mar15,3/15/2007 0:00:00,3/15/2007 0:00:00,
Buffalo National River,BUFF,BUFFRMFISH2007Mar30,2007,3/30/2007 0:00:00,3/31/2007 0:00:00,BUFFRMFish2007Mar30,3/30/2007 0:00:00,3/31/2007 0:00:00,delete
Buffalo National River,BUFF,BUFFRMFISH2007May21,2007,5/21/2007 0:00:00,6/20/2007 0:00:00,BUFFRMFish2007May25,5/25/2007 0:00:00,5/25/2007 0:00:00,
Buffalo National River,BUFF,BUFFRMFISH2007May21,2007,5/21/2007 0:00:00,6/20/2007 0:00:00,BUFFRMFish2007Jun01,6/1/2007 0:00:00,6/1/2007 0:00:00,
Buffalo National River,BUFF,BUFFRMFISH2007May21,2007,5/21/2007 0:00:00,6/20/2007 0:00:00,BUFFRMFish2007May31,5/31/2007 0:00:00,5/31/2007 0:00:00,
Buffalo National River,BUFF,BUFFRMFISH2007May21,2007,5/21/2007 0:00:00,6/20/2007 0:00:00,BUFFRMFish2007Jun20,6/20/2007 0:00:00,6/20/2007 0:00:00,stopped shocking for about 2omins during last 15 mins of shocking due to heavy rain. Water cleared and we continued shocking
Buffalo National River,BUFF,BUFFRMFISH2007May21,2007,5/21/2007 0:00:00,6/20/2007 0:00:00,BUFFRMFish2007May29,5/29/2007 0:00:00,5/29/2007 0:00:00,stream was dry at mouth- had to move reach upstream of road crossing
Buffalo National River,BUFF,BUFFRMFISH2007May21,2007,5/21/2007 0:00:00,6/20/2007 0:00:00,BUFFRMFish2007Jun05,6/5/2007 0:00:00,6/5/2007 0:00:00,
Buffalo National River,BUFF,BUFFRMFISH2007May21,2007,5/21/2007 0:00:00,6/20/2007 0:00:00,BUFFRMFish2007May23,5/23/2007 0:00:00,5/23/2007 0:00:00,
Buffalo National River,BUFF,BUFFRMFISH2007May21,2007,5/21/2007 0:00:00,6/20/2007 0:00:00,BUFFRMFish2007May22,5/22/2007 0:00:00,5/22/2007 0:00:00,rain showers early this morning
Buffalo National River,BUFF,BUFFRMFISH2007May21,2007,5/21/2007 0:00:00,6/20/2007 0:00:00,BUFFRMFish2007May21,5/21/2007 0:00:00,5/21/2007 0:00:00,habitat reach was 180. fish reach was 232
Buffalo National River,BUFF,BUFFRMFISH2007May21,2007,5/21/2007 0:00:00,6/20/2007 0:00:00,BUFFRMFish2007Jun04,6/4/2007 0:00:00,6/4/2007 0:00:00,
Buffalo National River,BUFF,BUFFRMFISH2007May21,2007,5/21/2007 0:00:00,6/20/2007 0:00:00,BUFFRMFish2007Jun06,6/6/2007 0:00:00,6/6/2007 0:00:00,
Buffalo National River,BUFF,BUFFRMFISH2007May21,2007,5/21/2007 0:00:00,6/20/2007 0:00:00,BUFFRMFish2007May30,5/30/2007 0:00:00,5/30/2007 0:00:00,
Buffalo National River,BUFF,BUFFRMFISH2008May19,2008,5/19/2008 0:00:00,6/19/2008 0:00:00,BUFFRMFish2008May21,5/21/2008 0:00:00,5/21/2008 0:00:00,
Buffalo National River,BUFF,BUFFRMFISH2008May19,2008,5/19/2008 0:00:00,6/19/2008 0:00:00,BUFFRMFish2008Jun03,6/3/2008 0:00:00,6/3/2008 0:00:00,
Buffalo National River,BUFF,BUFFRMFISH2008May19,2008,5/19/2008 0:00:00,6/19/2008 0:00:00,BUFFRMFish2008May28,5/28/2008 0:00:00,5/28/2008 0:00:00,
Buffalo National River,BUFF,BUFFRMFISH2008May19,2008,5/19/2008 0:00:00,6/19/2008 0:00:00,BUFFRMFish2008May27,5/27/2008 0:00:00,5/27/2008 0:00:00,
Buffalo National River,BUFF,BUFFRMFISH2008May19,2008,5/19/2008 0:00:00,6/19/2008 0:00:00,BUFFRMFish2008May23,5/23/2008 0:00:00,5/23/2008 0:00:00,
Buffalo National River,BUFF,BUFFRMFISH2008May19,2008,5/19/2008 0:00:00,6/19/2008 0:00:00,BUFFRMFish2008May22,5/22/2008 0:00:00,5/22/2008 0:00:00,
Buffalo National River,BUFF,BUFFRMFISH2008May19,2008,5/19/2008 0:00:00,6/19/2008 0:00:00,BUFFRMFish2008May19,5/19/2008 0:00:00,5/19/2008 0:00:00,
Buffalo National River,BUFF,BUFFRMFISH2008May19,2008,5/19/2008 0:00:00,6/19/2008 0:00:00,BUFFRMFish2008Jun18,6/18/2008 0:00:00,6/19/2008 0:00:00,
Buffalo National River,BUFF,BUFFRMFISH2008May19,2008,5/19/2008 0:00:00,6/19/2008 0:00:00,BUFFRMFish2008Jun04,6/4/2008 0:00:00,6/4/2008 0:00:00,
Buffalo National River,BUFF,BUFFRMFISH2008May19,2008,5/19/2008 0:00:00,6/19/2008 0:00:00,BUFFRMFish2008Jun05,6/5/2008 0:00:00,6/5/2008 0:00:00,
Buffalo National River,BUFF,BUFFRMFISH2008May19,2008,5/19/2008 0:00:00,6/19/2008 0:00:00,BUFFRMFish2008May20,5/20/2008 0:00:00,5/20/2008 0:00:00,
Buffalo National River,BUFF,BUFFRMFISH2009May19,2009,5/19/2009 0:00:00,6/10/2009 0:00:00,BUFFRMFish2009May19,5/19/2009 0:00:00,5/19/2009 0:00:00,
Buffalo National River,BUFF,BUFFRMFISH2009May19,2009,5/19/2009 0:00:00,6/10/2009 0:00:00,BUFFRMFish2009May28,5/28/2009 0:00:00,5/28/2009 0:00:00,
Buffalo National River,BUFF,BUFFRMFISH2009May19,2009,5/19/2009 0:00:00,6/10/2009 0:00:00,BUFFRMFish2009May27,5/27/2009 0:00:00,5/27/2009 0:00:00,
Buffalo National River,BUFF,BUFFRMFISH2009May19,2009,5/19/2009 0:00:00,6/10/2009 0:00:00,BUFFRMFish2009May26,5/26/2009 0:00:00,5/26/2009 0:00:00,
Buffalo National River,BUFF,BUFFRMFISH2009May19,2009,5/19/2009 0:00:00,6/10/2009 0:00:00,BUFFRMFish2009May20,5/20/2009 0:00:00,5/20/2009 0:00:00,
Buffalo National River,BUFF,BUFFRMFISH2009May19,2009,5/19/2009 0:00:00,6/10/2009 0:00:00,BUFFRMFish2009Jun10,6/10/2009 0:00:00,6/10/2009 0:00:00,
Buffalo National River,BUFF,BUFFRMFISH2009May19,2009,5/19/2009 0:00:00,6/10/2009 0:00:00,BUFFRMFish2009Jun09,6/9/2009 0:00:00,6/9/2009 0:00:00,
Buffalo National River,BUFF,BUFFRMFISH2009May19,2009,5/19/2009 0:00:00,6/10/2009 0:00:00,BUFFRMFish2009Jun08,6/8/2009 0:00:00,6/8/2009 0:00:00,
Buffalo National River,BUFF,BUFFRMFISH2009May19,2009,5/19/2009 0:00:00,6/10/2009 0:00:00,BUFFRMFish2009Jun03,6/3/2009 0:00:00,6/3/2009 0:00:00,
Buffalo National River,BUFF,BUFFRMFISH2009May19,2009,5/19/2009 0:00:00,6/10/2009 0:00:00,BUFFRMFish2009May21,5/21/2009 0:00:00,5/21/2009 0:00:00,
Buffalo National River,BUFF,BUFFRMFISH2010May17,2010,5/17/2010 0:00:00,6/25/2010 0:00:00,BUFFRMFish2010Jun11,6/11/2010 0:00:00,6/11/2010 0:00:00,
Buffalo National River,BUFF,BUFFRMFISH2010May17,2010,5/17/2010 0:00:00,6/25/2010 0:00:00,BUFFRMFish2010Jun23,6/23/2010 0:00:00,6/23/2010 0:00:00,
Buffalo National River,BUFF,BUFFRMFISH2010May17,2010,5/17/2010 0:00:00,6/25/2010 0:00:00,BUFFRMFish2010May27,5/27/2010 0:00:00,5/27/2010 0:00:00,Water up about half a foot and moderately turbid.  Visibility about 3 feet. Was able to see bottom along banks.
Buffalo National River,BUFF,BUFFRMFISH2010May17,2010,5/17/2010 0:00:00,6/25/2010 0:00:00,BUFFRMFish2010May26,5/26/2010 0:00:00,5/26/2010 0:00:00,
Buffalo National River,BUFF,BUFFRMFISH2010May17,2010,5/17/2010 0:00:00,6/25/2010 0:00:00,BUFFRMFish2010May17,5/17/2010 0:00:00,5/17/2010 0:00:00,
Buffalo National River,BUFF,BUFFRMFISH2010May17,2010,5/17/2010 0:00:00,6/25/2010 0:00:00,BUFFRMFish2010Jun09,6/9/2010 0:00:00,6/9/2010 0:00:00,
Buffalo National River,BUFF,BUFFRMFISH2010May17,2010,5/17/2010 0:00:00,6/25/2010 0:00:00,BUFFRMFish2010Jun01,6/1/2010 0:00:00,6/1/2010 0:00:00,
Buffalo National River,BUFF,BUFFRMFISH2010May17,2010,5/17/2010 0:00:00,6/25/2010 0:00:00,BUFFRMFish2010Jun08,6/8/2010 0:00:00,6/8/2010 0:00:00,
Buffalo National River,BUFF,BUFFRMFISH2010May17,2010,5/17/2010 0:00:00,6/25/2010 0:00:00,BUFFRMFish2010Jun10,6/10/2010 0:00:00,6/10/2010 0:00:00,
Buffalo National River,BUFF,BUFFRMFISH2010May17,2010,5/17/2010 0:00:00,6/25/2010 0:00:00,BUFFRMFish2010Jun03,6/3/2010 0:00:00,6/3/2010 0:00:00,
Buffalo National River,BUFF,BUFFRMFISH2010May17,2010,5/17/2010 0:00:00,6/25/2010 0:00:00,BUFFRMFish2010Jun02,6/2/2010 0:00:00,6/2/2010 0:00:00,
Buffalo National River,BUFF,BUFFRMFISH2010May17,2010,5/17/2010 0:00:00,6/25/2010 0:00:00,BUFFRMFish2010May18,5/18/2010 0:00:00,5/18/2010 0:00:00,
Buffalo National River,BUFF,BUFFRMFISH2012May21,2012,5/21/2012 0:00:00,6/30/2012 0:00:00,BUFFRMFish2012May21,5/21/2012 0:00:00,5/21/2012 0:00:00,
Buffalo National River,BUFF,BUFFRMFISH2012May21,2012,5/21/2012 0:00:00,6/30/2012 0:00:00,BUFFRMFish2012May22,5/22/2012 0:00:00,5/22/2012 0:00:00,water levels lower than levels sampled in 2008
Buffalo National River,BUFF,BUFFRMFISH2013May20,2013,5/20/2013 0:00:00,6/30/2013 0:00:00,BUFFRMFish2013Jun11,6/11/2013 0:00:00,6/11/2013 0:00:00,
Buffalo National River,BUFF,BUFFRMFISH2013May20,2013,5/20/2013 0:00:00,6/30/2013 0:00:00,BUFFRMFish2013May29,5/29/2013 0:00:00,5/29/2013 0:00:00,
Buffalo National River,BUFF,BUFFRMFISH2013May20,2013,5/20/2013 0:00:00,6/30/2013 0:00:00,BUFFRMFish2013May28,5/28/2013 0:00:00,5/28/2013 0:00:00,Slight haze to water. but water levels normal.
Buffalo National River,BUFF,BUFFRMFISH2013May20,2013,5/20/2013 0:00:00,6/30/2013 0:00:00,BUFFRMFish2013May21,5/21/2013 0:00:00,5/21/2013 0:00:00,
Buffalo National River,BUFF,BUFFRMFISH2013May20,2013,5/20/2013 0:00:00,6/30/2013 0:00:00,BUFFRMFish2013May20,5/20/2013 0:00:00,5/20/2013 0:00:00,
Buffalo National River,BUFF,BUFFRMFISH2013May20,2013,5/20/2013 0:00:00,6/30/2013 0:00:00,BUFFRMFish2013Jun19,6/19/2013 0:00:00,6/19/2013 0:00:00,
Buffalo National River,BUFF,BUFFRMFISH2013May20,2013,5/20/2013 0:00:00,6/30/2013 0:00:00,BUFFRMFish2013Jun18,6/18/2013 0:00:00,6/18/2013 0:00:00,
Buffalo National River,BUFF,BUFFRMFISH2013May20,2013,5/20/2013 0:00:00,6/30/2013 0:00:00,BUFFRMFish2013Jun12,6/12/2013 0:00:00,6/12/2013 0:00:00,
Buffalo National River,BUFF,BUFFRMFISH2013May20,2013,5/20/2013 0:00:00,6/30/2013 0:00:00,BUFFRMFish2013Jun10,6/10/2013 0:00:00,6/10/2013 0:00:00,Bear Creek
Buffalo National River,BUFF,BUFFRMFISH2013May20,2013,5/20/2013 0:00:00,6/30/2013 0:00:00,BUFFRMFish2013Jun06,6/6/2013 0:00:00,6/6/2013 0:00:00,
Buffalo National River,BUFF,BUFFRMFISH2013May20,2013,5/20/2013 0:00:00,6/30/2013 0:00:00,BUFFRMFish2013Jun17,6/17/2013 0:00:00,6/17/2013 0:00:00,
Buffalo National River,BUFF,BUFFrmfish2015May22,2015,5/22/2015 0:00:00,7/1/2015 0:00:00,BUFFrmfish2015Jun10,6/10/2015 0:00:00,6/11/2015 0:00:00,
Buffalo National River,BUFF,BUFFrmfish2015May22,2015,5/22/2015 0:00:00,7/1/2015 0:00:00,BUFFrmfish2015Jun30,6/30/2015 0:00:00,6/30/2015 0:00:00,
Buffalo National River,BUFF,BUFFrmfish2015May22,2015,5/22/2015 0:00:00,7/1/2015 0:00:00,BUFFrmfish2015May22,5/22/2015 0:00:00,5/22/2015 0:00:00,
Buffalo National River,BUFF,BUFFrmfish2015May22,2015,5/22/2015 0:00:00,7/1/2015 0:00:00,BUFFrmfish2015May29,5/29/2015 0:00:00,5/29/2015 0:00:00,
Buffalo National River,BUFF,BUFFrmfish2015May22,2015,5/22/2015 0:00:00,7/1/2015 0:00:00,BUFFrmfish2015Jun15,6/15/2015 0:00:00,6/15/2015 0:00:00,
Buffalo National River,BUFF,BUFFrmfish2015May22,2015,5/22/2015 0:00:00,7/1/2015 0:00:00,BUFFrmfish2015Jun05,6/5/2015 0:00:00,6/5/2015 0:00:00,
Buffalo National River,BUFF,BUFFrmfish2015May22,2015,5/22/2015 0:00:00,7/1/2015 0:00:00,BUFFrmfish2015Jun04,6/4/2015 0:00:00,6/4/2015 0:00:00,
Buffalo National River,BUFF,BUFFrmfish2015May22,2015,5/22/2015 0:00:00,7/1/2015 0:00:00,BUFFrmfish2015Jun03,6/3/2015 0:00:00,6/3/2015 0:00:00,
Buffalo National River,BUFF,BUFFrmfish2015May22,2015,5/22/2015 0:00:00,7/1/2015 0:00:00,BUFFrmfish2015Jul01,7/1/2015 0:00:00,7/1/2015 0:00:00,
Buffalo National River,BUFF,BUFFrmfish2015May22,2015,5/22/2015 0:00:00,7/1/2015 0:00:00,BUFFrmfish2015May28,5/28/2015 0:00:00,5/28/2015 0:00:00,
Buffalo National River,BUFF,BUFFrmfish2015May22,2015,5/22/2015 0:00:00,7/1/2015 0:00:00,BUFFrmfish2015Jun09,6/9/2015 0:00:00,6/10/2015 0:00:00,
Buffalo National River,BUFF,BUFFRMFISH2017May24,2017,5/24/2017 0:00:00,6/22/2017 0:00:00,BUFFRMFISH2017May30,5/30/2017 0:00:00,5/30/2017 0:00:00,
Buffalo National River,BUFF,BUFFRMFISH2017May24,2017,5/24/2017 0:00:00,6/22/2017 0:00:00,BUFFRMFISH2017May31,5/31/2017 0:00:00,5/31/2017 0:00:00,
Buffalo National River,BUFF,BUFFRMFISH2017May24,2017,5/24/2017 0:00:00,6/22/2017 0:00:00,BUFFRMFISH2017May25,5/25/2017 0:00:00,5/25/2017 0:00:00,
Buffalo National River,BUFF,BUFFRMFISH2017May24,2017,5/24/2017 0:00:00,6/22/2017 0:00:00,BUFFRMFISH2017May24,5/24/2017 0:00:00,5/24/2017 0:00:00,
Buffalo National River,BUFF,BUFFRMFISH2017May24,2017,5/24/2017 0:00:00,6/22/2017 0:00:00,BUFFRMFISH2017Jun22,6/22/2017 0:00:00,6/22/2017 0:00:00,
Buffalo National River,BUFF,BUFFRMFISH2017May24,2017,5/24/2017 0:00:00,6/22/2017 0:00:00,BUFFRMFISH2017Jun15,6/15/2017 0:00:00,6/15/2017 0:00:00,
Buffalo National River,BUFF,BUFFRMFISH2017May24,2017,5/24/2017 0:00:00,6/22/2017 0:00:00,BUFFRMFISH2017Jun14,6/14/2017 0:00:00,6/14/2017 0:00:00,
Buffalo National River,BUFF,BUFFRMFISH2017May24,2017,5/24/2017 0:00:00,6/22/2017 0:00:00,BUFFRMFISH2017Jun13,6/13/2017 0:00:00,6/13/2017 0:00:00,
Buffalo National River,BUFF,BUFFRMFISH2017May24,2017,5/24/2017 0:00:00,6/22/2017 0:00:00,BUFFRMFISH2017Jun02,6/2/2017 0:00:00,6/2/2017 0:00:00,
Buffalo National River,BUFF,BUFFRMFISH2017May24,2017,5/24/2017 0:00:00,6/22/2017 0:00:00,BUFFRMFISH2017Jun01,6/1/2017 0:00:00,6/1/2017 0:00:00,
Buffalo National River,BUFF,BUFFRMFISH2017May24,2017,5/24/2017 0:00:00,6/22/2017 0:00:00,BUFFRMFISH2017Jun21,6/21/2017 0:00:00,6/21/2017 0:00:00,
Buffalo National River,BUFF,BUFFRMFISH2019May22,2019,5/22/2019 0:00:00,6/20/2019 0:00:00,BUFFRMFISH2019Jun14,6/14/2019 0:00:00,6/14/2019 0:00:00,All data and sites for BUFF 2019 is flagged due to repeated high rain and flood events. Diversity and abundance was low. Flag data in Fish Community and Individual Fish tables for all sites.
Buffalo National River,BUFF,BUFFRMFISH2019May22,2019,5/22/2019 0:00:00,6/20/2019 0:00:00,BUFFRMFISH2019May28,5/28/2019 0:00:00,5/29/2019 0:00:00,All data and sites for BUFF 2019 is flagged due to repeated high rain and flood events. Diversity and abundance was low. Flag data in Fish Community and Individual Fish tables for all sites.
Buffalo National River,BUFF,BUFFRMFISH2019May22,2019,5/22/2019 0:00:00,6/20/2019 0:00:00,BUFFRMFISH2019May24,5/24/2019 0:00:00,5/24/2019 0:00:00,All data and sites for BUFF 2019 is flagged due to repeated high rain and flood events. Diversity and abundance was low. Flag data in Fish Community and Individual Fish tables for all sites.
Buffalo National River,BUFF,BUFFRMFISH2019May22,2019,5/22/2019 0:00:00,6/20/2019 0:00:00,BUFFRMFISH2019May23,5/23/2019 0:00:00,5/23/2019 0:00:00,All data and sites for BUFF 2019 is flagged due to repeated high rain and flood events. Diversity and abundance was low. Flag data in Fish Community and Individual Fish tables for all sites.
Buffalo National River,BUFF,BUFFRMFISH2019May22,2019,5/22/2019 0:00:00,6/20/2019 0:00:00,BUFFRMFISH2019May22,5/22/2019 0:00:00,5/22/2019 0:00:00,All data and sites for BUFF 2019 is flagged due to repeated high rain and flood events. Diversity and abundance was low. Flag data in Fish Community and Individual Fish tables for all sites.
Buffalo National River,BUFF,BUFFRMFISH2019May22,2019,5/22/2019 0:00:00,6/20/2019 0:00:00,BUFFRMFISH2019Jun20,6/20/2019 0:00:00,6/20/2019 0:00:00,All data and sites for BUFF 2019 is flagged due to repeated high rain and flood events. Diversity and abundance was low. Flag data in Fish Community and Individual Fish tables for all sites.
Buffalo National River,BUFF,BUFFRMFISH2019May22,2019,5/22/2019 0:00:00,6/20/2019 0:00:00,BUFFRMFISH2019Jun19,6/19/2019 0:00:00,6/19/2019 0:00:00,All data and sites for BUFF 2019 is flagged due to repeated high rain and flood events. Diversity and abundance was low. Flag data in Fish Community and Individual Fish tables for all sites.
Buffalo National River,BUFF,BUFFRMFISH2019May22,2019,5/22/2019 0:00:00,6/20/2019 0:00:00,BUFFRMFISH2019Jun05,6/5/2019 0:00:00,6/5/2019 0:00:00,All data and sites for BUFF 2019 is flagged due to repeated high rain and flood events. Diversity and abundance was low. Flag data in Fish Community and Individual Fish tables for all sites.
Buffalo National River,BUFF,BUFFRMFISH2019May22,2019,5/22/2019 0:00:00,6/20/2019 0:00:00,BUFFRMFISH2019Jun17,6/17/2019 0:00:00,6/17/2019 0:00:00,All data and sites for BUFF 2019 is flagged due to repeated high rain and flood events. Diversity and abundance was low. Flag data in Fish Community and Individual Fish tables for all sites.
Buffalo National River,BUFF,BUFFRMFISH2019May22,2019,5/22/2019 0:00:00,6/20/2019 0:00:00,BUFFRMFISH2019Jun12,6/12/2019 0:00:00,6/13/2019 0:00:00,All data and sites for BUFF 2019 is flagged due to repeated high rain and flood events. Diversity and abundance was low. Flag data in Fish Community and Individual Fish tables for all sites.
Buffalo National River,BUFF,BUFFRMFISH2019May22,2019,5/22/2019 0:00:00,6/20/2019 0:00:00,BUFFRMFISH2019Jun06,6/6/2019 0:00:00,6/6/2019 0:00:00,All data and sites for BUFF 2019 is flagged due to repeated high rain and flood events. Diversity and abundance was low. Flag data in Fish Community and Individual Fish tables for all sites.
Buffalo National River,BUFF,BUFFRMFISH2019May22,2019,5/22/2019 0:00:00,6/20/2019 0:00:00,BUFFRMFISH2019Jun18,6/18/2019 0:00:00,6/18/2019 0:00:00,All data and sites for BUFF 2019 is flagged due to repeated high rain and flood events. Diversity and abundance was low. Flag data in Fish Community and Individual Fish tables for all sites.
Buffalo National River,BUFF,BUFFRMFISH2021May17,2021,5/17/2021 0:00:00,6/16/2021 0:00:00,BUFFRMFISH2021Jun16,6/16/2021 0:00:00,6/16/2021 0:00:00,Water high previous 2 weeks but clear and normal levels on day of sampling
Buffalo National River,BUFF,BUFFRMFISH2021May17,2021,5/17/2021 0:00:00,6/16/2021 0:00:00,BUFFRMFISH2021May17,5/17/2021 0:00:00,5/17/2021 0:00:00,Water clear and at normal levels
Buffalo National River,BUFF,BUFFRMFISH2021May17,2021,5/17/2021 0:00:00,6/16/2021 0:00:00,BUFFRMFISH2021May18,5/18/2021 0:00:00,5/18/2021 0:00:00,water ~6 inches higher than in past years. water slightly turbid. Could see ~2 - 2.5 feet into water.
Buffalo National River,BUFF,BUFFRMFISH2021May17,2021,5/17/2021 0:00:00,6/16/2021 0:00:00,BUFFRMFISH2021May24,5/24/2021 0:00:00,5/24/2021 0:00:00,Water up ~ 6 inches from normal but water clear. River flooded and backed up into the creek the previous week.
Buffalo National River,BUFF,BUFFRMFISH2021May17,2021,5/17/2021 0:00:00,6/16/2021 0:00:00,BUFFRMFISH2021Jun10,6/10/2021 0:00:00,6/10/2021 0:00:00,Not many fish seen
Buffalo National River,BUFF,BUFFRMFISH2021May17,2021,5/17/2021 0:00:00,6/16/2021 0:00:00,BUFFRMFISH2021Jun09,6/9/2021 0:00:00,6/9/2021 0:00:00,Water a little cloudy but normal levels; During sampling low water crossing was regraded causing additional turbidity.
Buffalo National River,BUFF,BUFFRMFISH2021May17,2021,5/17/2021 0:00:00,6/16/2021 0:00:00,BUFFRMFISH2021Jun11,6/11/2021 0:00:00,6/11/2021 0:00:00,Trib was flooded two weeks previously
Buffalo National River,BUFF,BUFFRMFISH2023May23,2023,5/23/2023 0:00:00,6/14/2023 0:00:00,BUFFRMFISH2023May31,5/31/2023 0:00:00,5/31/2023 0:00:00,
Buffalo National River,BUFF,BUFFRMFISH2023May23,2023,5/23/2023 0:00:00,6/14/2023 0:00:00,BUFFRMFISH2023Jun01,6/1/2023 0:00:00,6/1/2023 0:00:00,
Buffalo National River,BUFF,BUFFRMFISH2023May23,2023,5/23/2023 0:00:00,6/14/2023 0:00:00,BUFFRMFISH2023Jun02,6/2/2023 0:00:00,6/2/2023 0:00:00,
Buffalo National River,BUFF,BUFFRMFISH2023May23,2023,5/23/2023 0:00:00,6/14/2023 0:00:00,BUFFRMFISH2023Jun06,6/6/2023 0:00:00,6/6/2023 0:00:00,
Buffalo National River,BUFF,BUFFRMFISH2023May23,2023,5/23/2023 0:00:00,6/14/2023 0:00:00,BUFFRMFISH2023Jun07,6/7/2023 0:00:00,6/7/2023 0:00:00,
Buffalo National River,BUFF,BUFFRMFISH2023May23,2023,5/23/2023 0:00:00,6/14/2023 0:00:00,BUFFRMFISH2023Jun14,6/14/2023 0:00:00,6/14/2023 0:00:00,
Buffalo National River,BUFF,BUFFRMFISH2023May23,2023,5/23/2023 0:00:00,6/14/2023 0:00:00,BUFFRMFISH2023May23,5/23/2023 0:00:00,5/23/2023 0:00:00,Mill Creek - stream wide and shallow. lots of deposition at mouth of creek
Buffalo National River,BUFF,BUFFRMFISH2023May23,2023,5/23/2023 0:00:00,6/14/2023 0:00:00,BUFFRMFISH2023May24,5/24/2023 0:00:00,5/24/2023 0:00:00,
Buffalo National River,BUFF,BUFFRMFISH2023May23,2023,5/23/2023 0:00:00,6/14/2023 0:00:00,BUFFRMFISH2023May25,5/25/2023 0:00:00,5/25/2023 0:00:00,
Buffalo National River,BUFF,BUFFRMFISH2023May23,2023,5/23/2023 0:00:00,6/14/2023 0:00:00,BUFFRMFISH2023May26,5/26/2023 0:00:00,5/26/2023 0:00:00,
Buffalo National River,BUFF,BUFFRMFISH2023May23,2023,5/23/2023 0:00:00,6/14/2023 0:00:00,BUFFRMFISH2023May30,5/30/2023 0:00:00,5/30/2023 0:00:00,
Effigy Mounds National Monument,EFMO,EFMOStfish2008Jul09,2008,7/9/2008 0:00:00,7/9/2008 0:00:00,EFMOStfish2008Jul09,7/9/2008 0:00:00,7/9/2008 0:00:00,
Effigy Mounds National Monument,EFMO,EFMOStfish2014Aug13,2014,8/13/2014 0:00:00,8/14/2014 0:00:00,EFMOStfish2014Aug13,8/13/2014 0:00:00,8/14/2014 0:00:00,
Effigy Mounds National Monument,EFMO,EFMOStfish2017July18,2017,7/18/2017 0:00:00,7/18/2017 0:00:00,EFMOStfish2017Jul18,7/18/2017 0:00:00,7/18/2017 0:00:00,
Effigy Mounds National Monument,EFMO,EFMOStfish2023Jul19,2023,7/19/2023 0:00:00,7/19/2023 0:00:00,EFMOStfish2023Jul19,7/19/2023 0:00:00,7/19/2023 0:00:00,
George Washington Carver National Monument,GWCA,GWCAStfish2006Jun28,2006,6/28/2006 0:00:00,6/29/2006 0:00:00,GWCAStfish2006Jun28,6/28/2006 0:00:00,6/29/2006 0:00:00,
George Washington Carver National Monument,GWCA,GWCAStfish2007May02,2007,5/2/2007 0:00:00,5/4/2007 0:00:00,GWCAStfish2007May02,5/2/2007 0:00:00,5/4/2007 0:00:00,
George Washington Carver National Monument,GWCA,GWCAStfish2010May05,2010,5/5/2010 0:00:00,5/6/2010 0:00:00,GWCAStfish2010May05,5/5/2010 0:00:00,5/6/2010 0:00:00,
George Washington Carver National Monument,GWCA,GWCAStfish2013May01,2013,5/1/2013 0:00:00,5/2/2013 0:00:00,GWCAStfish2013May01,5/1/2013 0:00:00,5/2/2013 0:00:00,
George Washington Carver National Monument,GWCA,GWCAStfish2016May02,2016,5/2/2016 0:00:00,5/3/2016 0:00:00,GWCAStfish2016May02,5/2/2016 0:00:00,5/3/2016 0:00:00,
George Washington Carver National Monument,GWCA,GWCAStfish2019May06,2019,5/6/2019 0:00:00,5/7/2019 0:00:00,GWCAStfish2019May06,5/6/2019 0:00:00,5/7/2019 0:00:00,
George Washington Carver National Monument,GWCA,GWCAStfish2022May02,2022,5/2/2022 0:00:00,5/9/2022 0:00:00,GWCAStfish2022May03,5/3/2022 0:00:00,5/3/2022 0:00:00,Rained on previous day ~0.75 inches
George Washington Carver National Monument,GWCA,GWCAStfish2022May02,2022,5/2/2022 0:00:00,5/9/2022 0:00:00,GWCAStfish2022May09,5/9/2022 0:00:00,5/9/2022 0:00:00,Rained heavily on previous Wed (5/4) and Thurs (5/5) ~1.25 inches
Herbert Hoover National Historic Site,HEHO,HEHOStfish2008Jul08,2008,7/8/2008 0:00:00,7/8/2008 0:00:00,HEHOStfish2008Jul08,7/8/2008 0:00:00,7/8/2008 0:00:00,
Herbert Hoover National Historic Site,HEHO,HEHOStfish2011Jul11,2011,7/11/2011 0:00:00,7/12/2011 0:00:00,HEHOStfish2011Jul11,7/11/2011 0:00:00,7/12/2011 0:00:00,
Herbert Hoover National Historic Site,HEHO,HEHOStfish2014Aug12,2014,8/12/2014 0:00:00,8/12/2014 0:00:00,HEHOStfish2014Aug12,8/12/2014 0:00:00,8/12/2014 0:00:00,
Herbert Hoover National Historic Site,HEHO,HEHOStfish2014Aug12,2014,8/12/2014 0:00:00,8/12/2014 0:00:00,HEHOStfish2014Jan01,1/1/2020 0:00:00,1/1/2020 0:00:00,
Herbert Hoover National Historic Site,HEHO,HEHOStfish2017July18,2017,7/18/2017 0:00:00,7/18/2017 0:00:00,HEHOStfish2017Jul18,7/18/2017 0:00:00,7/18/2017 0:00:00,
Herbert Hoover National Historic Site,HEHO,HEHOStfish2021Jul26,2021,7/26/2021 0:00:00,7/28/2021 0:00:00,HEHOStfish2021Jul26,7/26/2021 0:00:00,7/28/2021 0:00:00,Section of stream with rock riffle structures and bank stabilization. Backpack EF overloading - may have missed fish early in sampling of site. Sample conducted by Hae Kim & Grant Schmitz - MSU staff
Herbert Hoover National Historic Site,HEHO,HEHOStfish2022Jul05,2022,7/5/2022 0:00:00,7/6/2022 0:00:00,HEHOStfish2022Jul05,7/5/2022 0:00:00,7/6/2022 0:00:00,Long-term monitoring site 2 years post stream remediation (rock riffles).  Reach sampled 17.4 m longer than reach measured during habitat. Upper "control" reach also sampled and data in special proj.
Herbert Hoover National Historic Site,HEHO,HEHOStfish2023Jul17,2023,7/17/2023 0:00:00,7/18/2023 0:00:00,HEHOStfish2023Jul17,7/17/2023 0:00:00,7/18/2023 0:00:00,Habitat collected on 7/17/23. Fish collected on 7/18/2023
Homestead National Monument of America,HOME,HOMEShiner2004Sep13,2004,9/13/2004 0:00:00,9/13/2004 0:00:00,HOMEShiner2004Sep13,9/13/2004 0:00:00,9/13/2004 0:00:00,
Homestead National Monument of America,HOME,HOMEShiner2006Aug31,2006,8/31/2006 0:00:00,8/31/2006 0:00:00,HOMEShiner2006Aug31,8/31/2006 0:00:00,8/31/2006 0:00:00,
Homestead National Monument of America,HOME,HOMEShiner2008Aug27,2008,8/27/2008 0:00:00,8/27/2008 0:00:00,HOMEShiner2008Aug27,8/27/2008 0:00:00,8/27/2008 0:00:00,
Homestead National Monument of America,HOME,HOMEShiner2011Sep20,2011,9/20/2011 0:00:00,9/20/2011 0:00:00,HOMEShiner2011Sep20,9/20/2011 0:00:00,9/20/2011 0:00:00,
Homestead National Monument of America,HOME,HOMEShiner2015Sep03,2015,9/3/2015 0:00:00,9/3/2015 0:00:00,HOMEShiner2015Sep03,9/3/2015 0:00:00,9/3/2015 0:00:00,
Homestead National Monument of America,HOME,HOMEShiner2017Sep07,2017,9/7/2017 0:00:00,9/7/2017 0:00:00,HOMEShiner2017Sep07,9/7/2017 0:00:00,9/7/2017 0:00:00,
Homestead National Monument of America,HOME,HOMEShiner2023Sep07,2023,9/7/2023 0:00:00,9/7/2023 0:00:00,HOMEShiner2023Sep07,9/7/2023 0:00:00,9/7/2023 0:00:00,
Hot Springs National Park,HOSP,HOSPStfish2009Jun16,2009,6/16/2009 0:00:00,6/17/2009 0:00:00,HOSPStfish2009Jun16,6/16/2009 0:00:00,6/17/2009 0:00:00,
Hot Springs National Park,HOSP,HOSPStfish2012Jul10,2012,7/10/2012 0:00:00,7/11/2012 0:00:00,HOSPStfish2012Jul10,7/10/2012 0:00:00,7/11/2012 0:00:00,
Hot Springs National Park,HOSP,HOSPStfish2015Jul07,2015,7/7/2015 0:00:00,7/8/2015 0:00:00,HOSPStfish2015Jul07,7/7/2015 0:00:00,7/8/2015 0:00:00,
Hot Springs National Park,HOSP,HOSPStfish2018Jul09,2018,7/9/2018 0:00:00,7/10/2018 0:00:00,HOSPStfish2018Jul10,7/10/2018 0:00:00,7/10/2018 0:00:00,
Hot Springs National Park,HOSP,HOSPStfish2018Jul09,2018,7/9/2018 0:00:00,7/10/2018 0:00:00,HOSPStfish2018Jul09,7/9/2018 0:00:00,7/9/2018 0:00:00,
Ozark National Scenic Riverways,OZAR,OZARRMFISH2005OCT20,2005,10/20/2005 0:00:00,12/6/2005 0:00:00,OZARRMFISH2005OCT25,10/25/2005 0:00:00,10/25/2005 0:00:00,
Ozark National Scenic Riverways,OZAR,OZARRMFISH2005OCT20,2005,10/20/2005 0:00:00,12/6/2005 0:00:00,OZARRMFISH2005OCT28,10/28/2005 0:00:00,10/28/2005 0:00:00,
Ozark National Scenic Riverways,OZAR,OZARRMFISH2005OCT20,2005,10/20/2005 0:00:00,12/6/2005 0:00:00,OZARRMFISH2005OCT26,10/26/2005 0:00:00,10/26/2005 0:00:00,
Ozark National Scenic Riverways,OZAR,OZARRMFISH2005OCT20,2005,10/20/2005 0:00:00,12/6/2005 0:00:00,OZARRMFISH2005OCT20,10/20/2005 0:00:00,10/20/2005 0:00:00,
Ozark National Scenic Riverways,OZAR,OZARRMFISH2005OCT20,2005,10/20/2005 0:00:00,12/6/2005 0:00:00,OZARRMFISH2005NOV10,11/10/2005 0:00:00,11/10/2005 0:00:00,
Ozark National Scenic Riverways,OZAR,OZARRMFISH2005OCT20,2005,10/20/2005 0:00:00,12/6/2005 0:00:00,OZARRMFISH2005NOV08,11/8/2005 0:00:00,11/8/2005 0:00:00,
Ozark National Scenic Riverways,OZAR,OZARRMFISH2005OCT20,2005,10/20/2005 0:00:00,12/6/2005 0:00:00,OZARRMFISH2005NOV03,11/3/2005 0:00:00,11/4/2005 0:00:00,
Ozark National Scenic Riverways,OZAR,OZARRMFISH2005OCT20,2005,10/20/2005 0:00:00,12/6/2005 0:00:00,OZARRMFISH2005DEC06,12/6/2005 0:00:00,12/6/2005 0:00:00,
Ozark National Scenic Riverways,OZAR,OZARRMFISH2005OCT20,2005,10/20/2005 0:00:00,12/6/2005 0:00:00,OZARRMFISH2005OCT27,10/27/2005 0:00:00,10/27/2005 0:00:00,
Ozark National Scenic Riverways,OZAR,OZARRMFISH2006OCT02,2006,10/2/2006 0:00:00,11/3/2006 0:00:00,OZARRMFISH2006OCT19,10/19/2006 0:00:00,11/1/2006 0:00:00,
Ozark National Scenic Riverways,OZAR,OZARRMFISH2006OCT02,2006,10/2/2006 0:00:00,11/3/2006 0:00:00,OZARRMFISH2006OCT24,10/24/2006 0:00:00,10/24/2006 0:00:00,
Ozark National Scenic Riverways,OZAR,OZARRMFISH2006OCT02,2006,10/2/2006 0:00:00,11/3/2006 0:00:00,OZARRMFISH2006OCT25,10/25/2006 0:00:00,11/3/2006 0:00:00,
Ozark National Scenic Riverways,OZAR,OZARRMFISH2006OCT02,2006,10/2/2006 0:00:00,11/3/2006 0:00:00,OZARRMFISH2006OCT23,10/23/2006 0:00:00,10/23/2006 0:00:00,
Ozark National Scenic Riverways,OZAR,OZARRMFISH2006OCT02,2006,10/2/2006 0:00:00,11/3/2006 0:00:00,OZARRMFISH2006OCT20,10/20/2006 0:00:00,11/2/2006 0:00:00,
Ozark National Scenic Riverways,OZAR,OZARRMFISH2006OCT02,2006,10/2/2006 0:00:00,11/3/2006 0:00:00,OZARRMFISH2006OCT06,10/6/2006 0:00:00,10/6/2006 0:00:00,
Ozark National Scenic Riverways,OZAR,OZARRMFISH2006OCT02,2006,10/2/2006 0:00:00,11/3/2006 0:00:00,OZARRMFISH2006OCT05,10/5/2006 0:00:00,10/5/2006 0:00:00,
Ozark National Scenic Riverways,OZAR,OZARRMFISH2006OCT02,2006,10/2/2006 0:00:00,11/3/2006 0:00:00,OZARRMFISH2006OCT04,10/4/2006 0:00:00,10/4/2006 0:00:00,
Ozark National Scenic Riverways,OZAR,OZARRMFISH2006OCT02,2006,10/2/2006 0:00:00,11/3/2006 0:00:00,OZARRMFISH2006OCT02,10/2/2006 0:00:00,10/2/2006 0:00:00,
Ozark National Scenic Riverways,OZAR,OZARRMFISH2006OCT02,2006,10/2/2006 0:00:00,11/3/2006 0:00:00,OZARRMFISH2006OCT03,10/3/2006 0:00:00,10/3/2006 0:00:00,
Ozark National Scenic Riverways,OZAR,OZARRMFISH2006OCT02,2006,10/2/2006 0:00:00,11/3/2006 0:00:00,OZARRMFISH2006OCT18,10/18/2006 0:00:00,10/26/2006 0:00:00,
Ozark National Scenic Riverways,OZAR,OZARRMFISH2007Oct01,2007,10/1/2007 0:00:00,10/19/2007 0:00:00,OZARRMFish2007Oct04,10/4/2007 0:00:00,10/4/2007 0:00:00,
Ozark National Scenic Riverways,OZAR,OZARRMFISH2007Oct01,2007,10/1/2007 0:00:00,10/19/2007 0:00:00,OZARRMFish2007Oct18,10/18/2007 0:00:00,10/19/2007 0:00:00,
Ozark National Scenic Riverways,OZAR,OZARRMFISH2007Oct01,2007,10/1/2007 0:00:00,10/19/2007 0:00:00,OZARRMFish2007Oct17,10/17/2007 0:00:00,10/17/2007 0:00:00,
Ozark National Scenic Riverways,OZAR,OZARRMFISH2007Oct01,2007,10/1/2007 0:00:00,10/19/2007 0:00:00,OZARRMFish2007Oct16,10/16/2007 0:00:00,10/16/2007 0:00:00,
Ozark National Scenic Riverways,OZAR,OZARRMFISH2007Oct01,2007,10/1/2007 0:00:00,10/19/2007 0:00:00,OZARRMFish2007Oct12,10/12/2007 0:00:00,10/18/2007 0:00:00,
Ozark National Scenic Riverways,OZAR,OZARRMFISH2007Oct01,2007,10/1/2007 0:00:00,10/19/2007 0:00:00,OZARRMFish2007Oct10,10/10/2007 0:00:00,10/10/2007 0:00:00,
Ozark National Scenic Riverways,OZAR,OZARRMFISH2007Oct01,2007,10/1/2007 0:00:00,10/19/2007 0:00:00,OZARRMFish2007Oct05,10/5/2007 0:00:00,10/5/2007 0:00:00,
Ozark National Scenic Riverways,OZAR,OZARRMFISH2007Oct01,2007,10/1/2007 0:00:00,10/19/2007 0:00:00,OZARRMFish2007Oct03,10/3/2007 0:00:00,10/3/2007 0:00:00,
Ozark National Scenic Riverways,OZAR,OZARRMFISH2007Oct01,2007,10/1/2007 0:00:00,10/19/2007 0:00:00,OZARRMFish2007Oct02,10/2/2007 0:00:00,10/2/2007 0:00:00,
Ozark National Scenic Riverways,OZAR,OZARRMFISH2007Oct01,2007,10/1/2007 0:00:00,10/19/2007 0:00:00,OZARRMFish2007Oct01,10/1/2007 0:00:00,10/2/2007 0:00:00,
Ozark National Scenic Riverways,OZAR,OZARRMFISH2007Oct01,2007,10/1/2007 0:00:00,10/19/2007 0:00:00,OZARRMFish2007Oct09,10/9/2007 0:00:00,10/9/2007 0:00:00,
Ozark National Scenic Riverways,OZAR,OZARRMFISH2008Oct06,2008,10/6/2008 0:00:00,10/30/2008 0:00:00,OZARRMFish2008Oct15,10/15/2008 0:00:00,10/29/2008 0:00:00,
Ozark National Scenic Riverways,OZAR,OZARRMFISH2008Oct06,2008,10/6/2008 0:00:00,10/30/2008 0:00:00,OZARRMFish2008Oct17,10/17/2008 0:00:00,10/17/2008 0:00:00,
Ozark National Scenic Riverways,OZAR,OZARRMFISH2008Oct06,2008,10/6/2008 0:00:00,10/30/2008 0:00:00,OZARRMFish2008Oct27,10/27/2008 0:00:00,10/28/2008 0:00:00,
Ozark National Scenic Riverways,OZAR,OZARRMFISH2008Oct06,2008,10/6/2008 0:00:00,10/30/2008 0:00:00,OZARRMFish2008Oct16,10/16/2008 0:00:00,10/16/2008 0:00:00,
Ozark National Scenic Riverways,OZAR,OZARRMFISH2008Oct06,2008,10/6/2008 0:00:00,10/30/2008 0:00:00,OZARRMFish2008Oct09,10/9/2008 0:00:00,10/9/2008 0:00:00,Large amount of deposited sand and gravel from flooding in spring and again in Sept.
Ozark National Scenic Riverways,OZAR,OZARRMFISH2008Oct06,2008,10/6/2008 0:00:00,10/30/2008 0:00:00,OZARRMFish2008Oct08,10/8/2008 0:00:00,10/8/2008 0:00:00,Lots of deposited gravel/sand in reach due to floods in Sept.  Portions of bluff pool filled in with gravel.
Ozark National Scenic Riverways,OZAR,OZARRMFISH2008Oct06,2008,10/6/2008 0:00:00,10/30/2008 0:00:00,OZARRMFish2008Oct07,10/7/2008 0:00:00,10/7/2008 0:00:00,Rained previous night-water clear.  Deposited gravel and sand along reach due to flooding in Sept.  Gravel/sand soft in places.
Ozark National Scenic Riverways,OZAR,OZARRMFISH2008Oct06,2008,10/6/2008 0:00:00,10/30/2008 0:00:00,OZARRMFish2008Oct06,10/6/2008 0:00:00,10/6/2008 0:00:00,
Ozark National Scenic Riverways,OZAR,OZARRMFISH2008Oct06,2008,10/6/2008 0:00:00,10/30/2008 0:00:00,OZARRMFish2008Oct29,10/29/2008 0:00:00,10/30/2008 0:00:00,
Ozark National Scenic Riverways,OZAR,OZARRMFISH2008Oct06,2008,10/6/2008 0:00:00,10/30/2008 0:00:00,OZARRMFish2008Oct10,10/10/2008 0:00:00,10/10/2008 0:00:00,
Ozark National Scenic Riverways,OZAR,OZARRMFISH2009Oct05,2009,10/5/2009 0:00:00,10/22/2009 0:00:00,OZARRMFish2009Oct20,10/20/2009 0:00:00,10/21/2009 0:00:00,Water up about 1 ft to 1.5 ft. Riffle at lower end of reach was a run.
Ozark National Scenic Riverways,OZAR,OZARRMFISH2009Oct05,2009,10/5/2009 0:00:00,10/22/2009 0:00:00,OZARRMFish2009Oct21,10/21/2009 0:00:00,10/21/2009 0:00:00,Water levels up about a foot from previous years. Not much riffle habitat to sample.
Ozark National Scenic Riverways,OZAR,OZARRMFISH2009Oct05,2009,10/5/2009 0:00:00,10/22/2009 0:00:00,OZARRMFish2009Oct19,10/19/2009 0:00:00,10/20/2009 0:00:00,Current was sift - difficult to catch sculpins and darters from boat.
Ozark National Scenic Riverways,OZAR,OZARRMFISH2009Oct05,2009,10/5/2009 0:00:00,10/22/2009 0:00:00,OZARRMFish2009Oct16,10/16/2009 0:00:00,10/16/2009 0:00:00,Reach Description: Thompson Creek-Reach ends ~ 30m upstream of road crossing.
Ozark National Scenic Riverways,OZAR,OZARRMFISH2009Oct05,2009,10/5/2009 0:00:00,10/22/2009 0:00:00,OZARRMFish2009Oct14,10/14/2009 0:00:00,10/14/2009 0:00:00,Water up about 1/2 foot from previous years. Rained previous Friday (10/9/09) - Jacks Fork came up ~ 4 feet at Hwy 17 bridge
Ozark National Scenic Riverways,OZAR,OZARRMFISH2009Oct05,2009,10/5/2009 0:00:00,10/22/2009 0:00:00,OZARRMFish2009Oct08,10/8/2009 0:00:00,10/8/2009 0:00:00,
Ozark National Scenic Riverways,OZAR,OZARRMFISH2009Oct05,2009,10/5/2009 0:00:00,10/22/2009 0:00:00,OZARRMFish2009Oct07,10/7/2009 0:00:00,10/7/2009 0:00:00,
Ozark National Scenic Riverways,OZAR,OZARRMFISH2009Oct05,2009,10/5/2009 0:00:00,10/22/2009 0:00:00,OZARRMFish2009Oct06,10/6/2009 0:00:00,10/6/2009 0:00:00,Some problems with tow barge unit. Seemed to shock fish but had to be within close range. Took some time to draw fish out of cover.
Ozark National Scenic Riverways,OZAR,OZARRMFISH2009Oct05,2009,10/5/2009 0:00:00,10/22/2009 0:00:00,OZARRMFish2009Oct05,10/5/2009 0:00:00,10/5/2009 0:00:00,Log jam in reach - some fish excaped due to large amounts of woody debris.
Ozark National Scenic Riverways,OZAR,OZARRMFISH2009Oct05,2009,10/5/2009 0:00:00,10/22/2009 0:00:00,OZARRMFish2009Oct13,10/13/2009 0:00:00,10/13/2009 0:00:00,Shawnee Creek - Reach starts upstream of horse crossing.
Ozark National Scenic Riverways,OZAR,OZARRMFISH2010Oct05,2010,10/5/2010 0:00:00,10/6/2010 0:00:00,OZARRMFish2010Oct06,10/6/2010 0:00:00,10/6/2010 0:00:00,Pairie Hollow -Much of reach was pooled or with small trickle between pools. Blair Cr - side channel runs about 45m on river right
Ozark National Scenic Riverways,OZAR,OZARRMFISH2010Oct05,2010,10/5/2010 0:00:00,10/6/2010 0:00:00,OZARRMFish2010Oct05,10/5/2010 0:00:00,10/5/2010 0:00:00,No ending measurements taken for Core 5.
Ozark National Scenic Riverways,OZAR,OZARRMFISH2012Sep24,2012,9/24/2012 0:00:00,10/18/2012 0:00:00,OZARRMFish2012Oct02,10/2/2012 0:00:00,10/2/2012 0:00:00,
Ozark National Scenic Riverways,OZAR,OZARRMFISH2012Sep24,2012,9/24/2012 0:00:00,10/18/2012 0:00:00,OZARRMFish2012Sep27,9/27/2012 0:00:00,9/27/2012 0:00:00,
Ozark National Scenic Riverways,OZAR,OZARRMFISH2012Sep24,2012,9/24/2012 0:00:00,10/18/2012 0:00:00,OZARRMFish2012Sep26,9/26/2012 0:00:00,9/26/2012 0:00:00,
Ozark National Scenic Riverways,OZAR,OZARRMFISH2012Sep24,2012,9/24/2012 0:00:00,10/18/2012 0:00:00,OZARRMFish2012Sep25,9/25/2012 0:00:00,10/4/2012 0:00:00,
Ozark National Scenic Riverways,OZAR,OZARRMFISH2012Sep24,2012,9/24/2012 0:00:00,10/18/2012 0:00:00,OZARRMFish2012Sep24,9/24/2012 0:00:00,9/25/2012 0:00:00,
Ozark National Scenic Riverways,OZAR,OZARRMFISH2012Sep24,2012,9/24/2012 0:00:00,10/18/2012 0:00:00,OZARRMFish2012Oct18,10/18/2012 0:00:00,10/18/2012 0:00:00,
Ozark National Scenic Riverways,OZAR,OZARRMFISH2012Sep24,2012,9/24/2012 0:00:00,10/18/2012 0:00:00,OZARRMFish2012Oct11,10/11/2012 0:00:00,10/17/2012 0:00:00,
Ozark National Scenic Riverways,OZAR,OZARRMFISH2012Sep24,2012,9/24/2012 0:00:00,10/18/2012 0:00:00,OZARRMFish2012Oct10,10/10/2012 0:00:00,10/16/2012 0:00:00,
Ozark National Scenic Riverways,OZAR,OZARRMFISH2012Sep24,2012,9/24/2012 0:00:00,10/18/2012 0:00:00,OZARRMFish2012Oct03,10/3/2012 0:00:00,10/3/2012 0:00:00,
Ozark National Scenic Riverways,OZAR,OZARRMFISH2012Sep24,2012,9/24/2012 0:00:00,10/18/2012 0:00:00,OZARRMFish2012Oct01,10/1/2012 0:00:00,10/1/2012 0:00:00,
Ozark National Scenic Riverways,OZAR,OZARRMFISH2012Sep24,2012,9/24/2012 0:00:00,10/18/2012 0:00:00,OZARRMFish2012Oct09,10/9/2012 0:00:00,10/15/2012 0:00:00,
Ozark National Scenic Riverways,OZAR,OZARRMFISH2014Sep22,2014,9/22/2014 0:00:00,10/16/2014 0:00:00,OZARRMFish2014Oct03,10/3/2014 0:00:00,10/3/2014 0:00:00,
Ozark National Scenic Riverways,OZAR,OZARRMFISH2014Sep22,2014,9/22/2014 0:00:00,10/16/2014 0:00:00,OZARRMFish2014Sep23,9/23/2014 0:00:00,9/23/2014 0:00:00,
Ozark National Scenic Riverways,OZAR,OZARRMFISH2014Sep22,2014,9/22/2014 0:00:00,10/16/2014 0:00:00,OZARRMFish2014Oct02,10/2/2014 0:00:00,10/2/2014 0:00:00,
Ozark National Scenic Riverways,OZAR,OZARRMFISH2014Sep22,2014,9/22/2014 0:00:00,10/16/2014 0:00:00,OZARRMFish2014Sep24,9/24/2014 0:00:00,9/24/2014 0:00:00,
Ozark National Scenic Riverways,OZAR,OZARRMFISH2014Sep22,2014,9/22/2014 0:00:00,10/16/2014 0:00:00,OZARRMFish2014Sep22,9/22/2014 0:00:00,9/22/2014 0:00:00,
Ozark National Scenic Riverways,OZAR,OZARRMFISH2014Sep22,2014,9/22/2014 0:00:00,10/16/2014 0:00:00,OZARRMFish2014Oct16,10/16/2014 0:00:00,10/16/2014 0:00:00,
Ozark National Scenic Riverways,OZAR,OZARRMFISH2014Sep22,2014,9/22/2014 0:00:00,10/16/2014 0:00:00,OZARRMFish2014Oct09,10/9/2014 0:00:00,10/9/2014 0:00:00,
Ozark National Scenic Riverways,OZAR,OZARRMFISH2014Sep22,2014,9/22/2014 0:00:00,10/16/2014 0:00:00,OZARRMFish2014Oct08,10/8/2014 0:00:00,10/8/2014 0:00:00,
Ozark National Scenic Riverways,OZAR,OZARRMFISH2014Sep22,2014,9/22/2014 0:00:00,10/16/2014 0:00:00,OZARRMFish2014Oct07,10/7/2014 0:00:00,10/7/2014 0:00:00,
Ozark National Scenic Riverways,OZAR,OZARRMFISH2014Sep22,2014,9/22/2014 0:00:00,10/16/2014 0:00:00,OZARRMFish2014Oct01,10/1/2014 0:00:00,10/1/2014 0:00:00,
Ozark National Scenic Riverways,OZAR,OZARRMFISH2014Sep22,2014,9/22/2014 0:00:00,10/16/2014 0:00:00,OZARRMFish2014Sep25,9/25/2014 0:00:00,9/25/2014 0:00:00,
Ozark National Scenic Riverways,OZAR,OZARRMFish2014Sep23,2014,9/23/2014 0:00:00,9/23/2014 0:00:00,OZARRMFish2014Setp23,9/23/2014 0:00:00,9/23/2014 0:00:00,
Ozark National Scenic Riverways,OZAR,OZARRMFish2016Sep19,2016,9/19/2016 0:00:00,10/13/2016 0:00:00,OZARRMFish2016Oct06,10/6/2016 0:00:00,10/11/2016 0:00:00,
Ozark National Scenic Riverways,OZAR,OZARRMFish2016Sep19,2016,9/19/2016 0:00:00,10/13/2016 0:00:00,OZARRMFish2016Sep21,9/21/2016 0:00:00,9/21/2016 0:00:00,
Ozark National Scenic Riverways,OZAR,OZARRMFish2016Sep19,2016,9/19/2016 0:00:00,10/13/2016 0:00:00,OZARRMFish2016Sep29,9/29/2016 0:00:00,9/29/2016 0:00:00,
Ozark National Scenic Riverways,OZAR,OZARRMFish2016Sep19,2016,9/19/2016 0:00:00,10/13/2016 0:00:00,OZARRMFish2016Sep28,9/28/2016 0:00:00,9/28/2016 0:00:00,
Ozark National Scenic Riverways,OZAR,OZARRMFish2016Sep19,2016,9/19/2016 0:00:00,10/13/2016 0:00:00,OZARRMFish2016Sep27,9/27/2016 0:00:00,9/27/2016 0:00:00,
Ozark National Scenic Riverways,OZAR,OZARRMFish2016Sep19,2016,9/19/2016 0:00:00,10/13/2016 0:00:00,OZARRMFish2016Sep22,9/22/2016 0:00:00,9/22/2016 0:00:00,
Ozark National Scenic Riverways,OZAR,OZARRMFish2016Sep19,2016,9/19/2016 0:00:00,10/13/2016 0:00:00,OZARRMFish2016Sep20,9/20/2016 0:00:00,9/21/2016 0:00:00,
Ozark National Scenic Riverways,OZAR,OZARRMFish2016Sep19,2016,9/19/2016 0:00:00,10/13/2016 0:00:00,OZARRMFish2016Oct12,10/12/2016 0:00:00,10/12/2016 0:00:00,
Ozark National Scenic Riverways,OZAR,OZARRMFish2016Sep19,2016,9/19/2016 0:00:00,10/13/2016 0:00:00,OZARRMFish2016Oct05,10/5/2016 0:00:00,10/13/2016 0:00:00,
Ozark National Scenic Riverways,OZAR,OZARRMFish2016Sep19,2016,9/19/2016 0:00:00,10/13/2016 0:00:00,OZARRMFish2016Oct04,10/4/2016 0:00:00,10/4/2016 0:00:00,
Ozark National Scenic Riverways,OZAR,OZARRMFish2016Sep19,2016,9/19/2016 0:00:00,10/13/2016 0:00:00,OZARRMFish2016Sep19,9/19/2016 0:00:00,9/19/2016 0:00:00,
Ozark National Scenic Riverways,OZAR,OZARRMFISH2018Sep18,2018,9/18/2018 0:00:00,10/16/2018 0:00:00,OZARRMFISH2018Oct11,10/11/2018 0:00:00,10/11/2018 0:00:00,
Ozark National Scenic Riverways,OZAR,OZARRMFISH2018Sep18,2018,9/18/2018 0:00:00,10/16/2018 0:00:00,OZARRMFISH2018Sep28,9/28/2018 0:00:00,9/28/2018 0:00:00,
Ozark National Scenic Riverways,OZAR,OZARRMFISH2018Sep18,2018,9/18/2018 0:00:00,10/16/2018 0:00:00,OZARRMFISH2018Sep27,9/27/2018 0:00:00,9/27/2018 0:00:00,
Ozark National Scenic Riverways,OZAR,OZARRMFISH2018Sep18,2018,9/18/2018 0:00:00,10/16/2018 0:00:00,OZARRMFISH2018Sep26,9/26/2018 0:00:00,9/26/2018 0:00:00,
Ozark National Scenic Riverways,OZAR,OZARRMFISH2018Sep18,2018,9/18/2018 0:00:00,10/16/2018 0:00:00,OZARRMFISH2018Sep25,9/25/2018 0:00:00,9/25/2018 0:00:00,
Ozark National Scenic Riverways,OZAR,OZARRMFISH2018Sep18,2018,9/18/2018 0:00:00,10/16/2018 0:00:00,OZARRMFISH2018Sep21,9/21/2018 0:00:00,9/21/2018 0:00:00,
Ozark National Scenic Riverways,OZAR,OZARRMFISH2018Sep18,2018,9/18/2018 0:00:00,10/16/2018 0:00:00,OZARRMFISH2018Sep20,9/20/2018 0:00:00,9/20/2018 0:00:00,
Ozark National Scenic Riverways,OZAR,OZARRMFISH2018Sep18,2018,9/18/2018 0:00:00,10/16/2018 0:00:00,OZARRMFISH2018Oct10,10/10/2018 0:00:00,10/10/2018 0:00:00,
Ozark National Scenic Riverways,OZAR,OZARRMFISH2018Sep18,2018,9/18/2018 0:00:00,10/16/2018 0:00:00,OZARRMFISH2018Oct09,10/9/2018 0:00:00,10/16/2018 0:00:00,
Ozark National Scenic Riverways,OZAR,OZARRMFISH2018Sep18,2018,9/18/2018 0:00:00,10/16/2018 0:00:00,OZARRMFISH2018Oct03,10/3/2018 0:00:00,10/3/2018 0:00:00,
Ozark National Scenic Riverways,OZAR,OZARRMFISH2018Sep18,2018,9/18/2018 0:00:00,10/16/2018 0:00:00,OZARRMFISH2018Oct02,10/2/2018 0:00:00,10/2/2018 0:00:00,
Ozark National Scenic Riverways,OZAR,OZARRMFISH2018Sep18,2018,9/18/2018 0:00:00,10/16/2018 0:00:00,OZARRMFISH2018Sep19,9/19/2018 0:00:00,9/19/2018 0:00:00,
Ozark National Scenic Riverways,OZAR,OZARRMFISH2018Sep18,2018,9/18/2018 0:00:00,10/16/2018 0:00:00,OZARRMFISH2018Sep18,9/18/2018 0:00:00,9/18/2018 0:00:00,
Ozark National Scenic Riverways,OZAR,OZARRMFISH2022Aug29,2022,8/29/2022 0:00:00,9/22/2022 0:00:00,OZARRMFISH2022Sep07,9/7/2022 0:00:00,9/7/2022 0:00:00,Only took 10 habitat transects at JACKM03. Transect 10 was at the new upper boundary flag.
Ozark National Scenic Riverways,OZAR,OZARRMFISH2022Aug29,2022,8/29/2022 0:00:00,9/22/2022 0:00:00,OZARRMFISH2022Sep22,9/22/2022 0:00:00,9/22/2022 0:00:00,
Ozark National Scenic Riverways,OZAR,OZARRMFISH2022Aug29,2022,8/29/2022 0:00:00,9/22/2022 0:00:00,OZARRMFISH2022Sep13,9/13/2022 0:00:00,9/13/2022 0:00:00,
Ozark National Scenic Riverways,OZAR,OZARRMFISH2022Aug29,2022,8/29/2022 0:00:00,9/22/2022 0:00:00,OZARRMFISH2022Sep12,9/12/2022 0:00:00,9/12/2022 0:00:00,
Ozark National Scenic Riverways,OZAR,OZARRMFISH2022Aug29,2022,8/29/2022 0:00:00,9/22/2022 0:00:00,OZARRMFISH2022Sep08,9/8/2022 0:00:00,9/8/2022 0:00:00,Awesome Day.
Ozark National Scenic Riverways,OZAR,OZARRMFISH2022Aug29,2022,8/29/2022 0:00:00,9/22/2022 0:00:00,OZARRMFISH2022Sep06,9/6/2022 0:00:00,9/6/2022 0:00:00,
Ozark National Scenic Riverways,OZAR,OZARRMFISH2022Aug29,2022,8/29/2022 0:00:00,9/22/2022 0:00:00,OZARRMFISH2022Sep02,9/2/2022 0:00:00,9/2/2022 0:00:00,Not a lot of fish in the open flat areas of the stream of Rocky Creek (CURRT08).
Ozark National Scenic Riverways,OZAR,OZARRMFISH2022Aug29,2022,8/29/2022 0:00:00,9/22/2022 0:00:00,OZARRMFISH2022Sep01,9/1/2022 0:00:00,9/1/2022 0:00:00,super fantastic day.
Ozark National Scenic Riverways,OZAR,OZARRMFISH2022Aug29,2022,8/29/2022 0:00:00,9/22/2022 0:00:00,OZARRMFISH2022Aug31,8/31/2022 0:00:00,8/31/2022 0:00:00,Did not take Ending measurement readings for Core 5 at JACKM01.
Ozark National Scenic Riverways,OZAR,OZARRMFISH2022Aug29,2022,8/29/2022 0:00:00,9/22/2022 0:00:00,OZARRMFISH2022Aug30,8/30/2022 0:00:00,8/30/2022 0:00:00,Water up 1 foot and turbid due to rain. Visability ~10 inches at CURRM02
Ozark National Scenic Riverways,OZAR,OZARRMFISH2022Aug29,2022,8/29/2022 0:00:00,9/22/2022 0:00:00,OZARRMFISH2022Aug29,8/29/2022 0:00:00,8/29/2022 0:00:00,Water levels lower than normal. Only sampled 10 transects at CURRM01. Transect 10 was 16 m short of upper boundary
Ozark National Scenic Riverways,OZAR,OZARRMFISH2022Aug29,2022,8/29/2022 0:00:00,9/22/2022 0:00:00,OZARRMFISH2022Sep09,9/9/2022 0:00:00,9/14/2022 0:00:00,Side channel is filling in with water willow - very shallow and narrow- sampled with backpack shocker
Ozark National Scenic Riverways - SPRINGS,OZRS,OZRSSPRNGS2007Jul23,2007,7/23/2007 0:00:00,8/1/2007 0:00:00,OZRSSPRNGS2007Aug01,8/1/2007 0:00:00,8/1/2007 0:00:00,
Ozark National Scenic Riverways - SPRINGS,OZRS,OZRSSPRNGS2007Jul23,2007,7/23/2007 0:00:00,8/1/2007 0:00:00,OZRSSPRNGS2007Jul23,7/23/2007 0:00:00,7/26/2007 0:00:00,
Ozark National Scenic Riverways - SPRINGS,OZRS,OZRSSPRNGS2007Jul23,2007,7/23/2007 0:00:00,8/1/2007 0:00:00,OZRSSPRNGS2007Jul24,7/24/2007 0:00:00,7/25/2007 0:00:00,
Ozark National Scenic Riverways - SPRINGS,OZRS,OZRSSPRNGS2007Jul23,2007,7/23/2007 0:00:00,8/1/2007 0:00:00,OZRSSPRNGS2007Jul25,7/25/2007 0:00:00,7/25/2007 0:00:00,
Ozark National Scenic Riverways - SPRINGS,OZRS,OZRSSPRNGS2007Jul23,2007,7/23/2007 0:00:00,8/1/2007 0:00:00,OZRSSPRNGS2007Jul30,7/30/2007 0:00:00,7/30/2007 0:00:00,
Ozark National Scenic Riverways - SPRINGS,OZRS,OZRSSPRNGS2007Jul23,2007,7/23/2007 0:00:00,8/1/2007 0:00:00,OZRSSPRNGS2007Jul31,7/31/2007 0:00:00,7/31/2007 0:00:00,
Ozark National Scenic Riverways - SPRINGS,OZRS,OZRSSPRNGS2008Jul21,2008,7/21/2008 0:00:00,7/25/2008 0:00:00,OZRSSPRNGS2008Jul22,7/22/2008 0:00:00,7/23/2008 0:00:00,
Ozark National Scenic Riverways - SPRINGS,OZRS,OZRSSPRNGS2008Jul21,2008,7/21/2008 0:00:00,7/25/2008 0:00:00,OZRSSPRNGS2008Jul25,7/25/2008 0:00:00,7/25/2008 0:00:00,
Ozark National Scenic Riverways - SPRINGS,OZRS,OZRSSPRNGS2008Jul21,2008,7/21/2008 0:00:00,7/25/2008 0:00:00,OZRSSPRNGS2008Jul23,7/23/2008 0:00:00,7/23/2008 0:00:00,
Ozark National Scenic Riverways - SPRINGS,OZRS,OZRSSPRNGS2008Jul21,2008,7/21/2008 0:00:00,7/25/2008 0:00:00,OZRSSPRNGS2008Jul21,7/21/2008 0:00:00,7/22/2008 0:00:00,
Ozark National Scenic Riverways - SPRINGS,OZRS,OZRSSPRNGS2008Jul21,2008,7/21/2008 0:00:00,7/25/2008 0:00:00,OZRSSPRNGS2008Jul24,7/24/2008 0:00:00,7/24/2008 0:00:00,
Ozark National Scenic Riverways - SPRINGS,OZRS,OZRSSPRNGS2009Aug25,2009,8/25/2009 0:00:00,8/25/2009 0:00:00,OZRSSPRNGS2009Aug25,8/25/2009 0:00:00,8/25/2009 0:00:00,This was the last event for the 2009 season.  Alley Spring only rescheduled from flood event of late July 09
Ozark National Scenic Riverways - SPRINGS,OZRS,OZRSSPRNGS2009Jul27,2009,7/27/2009 0:00:00,8/7/2009 0:00:00,OZRSSPRNGS2009Jul27,7/27/2009 0:00:00,7/28/2009 0:00:00,
Ozark National Scenic Riverways - SPRINGS,OZRS,OZRSSPRNGS2009Jul27,2009,7/27/2009 0:00:00,8/7/2009 0:00:00,OZRSSPRNGS2009Jul28,7/28/2009 0:00:00,7/29/2009 0:00:00,
Ozark National Scenic Riverways - SPRINGS,OZRS,OZRSSPRNGS2009Jul27,2009,7/27/2009 0:00:00,8/7/2009 0:00:00,OZRSSPRNGS2009Jul29,7/29/2009 0:00:00,7/29/2009 0:00:00,
Ozark National Scenic Riverways - SPRINGS,OZRS,OZRSSPRNGS2009Jul27,2009,7/27/2009 0:00:00,8/7/2009 0:00:00,OZRSSPRNGS2009Jul30,7/30/2009 0:00:00,7/30/2009 0:00:00,
Ozark National Scenic Riverways - SPRINGS,OZRS,OZRSSPRNGS2010Jul26,2010,7/26/2010 0:00:00,7/29/2010 0:00:00,OZRSSPRNGS2010Jul26,7/26/2010 0:00:00,7/27/2010 0:00:00,
Ozark National Scenic Riverways - SPRINGS,OZRS,OZRSSPRNGS2010Jul26,2010,7/26/2010 0:00:00,7/29/2010 0:00:00,OZRSSPRNGS2010Jul28,7/28/2010 0:00:00,7/28/2010 0:00:00,
Ozark National Scenic Riverways - SPRINGS,OZRS,OZRSSPRNGS2010Jul26,2010,7/26/2010 0:00:00,7/29/2010 0:00:00,OZRSSPRNGS2010Jul29,7/29/2010 0:00:00,7/29/2010 0:00:00,
Ozark National Scenic Riverways - SPRINGS,OZRS,OZRSSPRNGS2011Jul25,2011,7/25/2011 0:00:00,7/29/2011 0:00:00,OZRSSPRNGS2011Jul27,7/27/2011 0:00:00,7/27/2011 0:00:00,
Ozark National Scenic Riverways - SPRINGS,OZRS,OZRSSPRNGS2011Jul25,2011,7/25/2011 0:00:00,7/29/2011 0:00:00,OZRSSPRNGS2011Jul28,7/28/2011 0:00:00,7/28/2011 0:00:00,
Ozark National Scenic Riverways - SPRINGS,OZRS,OZRSSPRNGS2011Jul25,2011,7/25/2011 0:00:00,7/29/2011 0:00:00,OZRSSPRNGS2011Jul26,7/26/2011 0:00:00,7/27/2011 0:00:00,
Ozark National Scenic Riverways - SPRINGS,OZRS,OZRSSPRNGS2011Jul25,2011,7/25/2011 0:00:00,7/29/2011 0:00:00,OZRSSPRNGS2011Jul25,7/25/2011 0:00:00,7/26/2011 0:00:00,
Ozark National Scenic Riverways - SPRINGS,OZRS,OZRSSPRNGS2011Jul25,2011,7/25/2011 0:00:00,7/29/2011 0:00:00,OZRSSPRNGS2011Jul29,7/29/2011 0:00:00,7/29/2011 0:00:00,
Ozark National Scenic Riverways - SPRINGS,OZRS,OZRSSPRNGS2012Jul23,2012,7/23/2012 0:00:00,7/27/2012 0:00:00,OZRSSPRNGS2012Jul23,7/23/2012 0:00:00,7/23/2012 0:00:00,
Ozark National Scenic Riverways - SPRINGS,OZRS,OZRSSPRNGS2012Jul23,2012,7/23/2012 0:00:00,7/27/2012 0:00:00,OZRSSPRNGS2012Jul24,7/24/2012 0:00:00,7/24/2012 0:00:00,
Ozark National Scenic Riverways - SPRINGS,OZRS,OZRSSPRNGS2012Jul23,2012,7/23/2012 0:00:00,7/27/2012 0:00:00,OZRSSPRNGS2012Jul25,7/25/2012 0:00:00,7/25/2012 0:00:00,
Ozark National Scenic Riverways - SPRINGS,OZRS,OZRSSPRNGS2012Jul23,2012,7/23/2012 0:00:00,7/27/2012 0:00:00,OZRSSPRNGS2012Jul26,7/26/2012 0:00:00,8/8/2012 0:00:00,
Ozark National Scenic Riverways - SPRINGS,OZRS,OZRSSPRNGS2013Jul29,2013,7/29/2013 0:00:00,9/16/2013 0:00:00,OZRSSPRNGS2013Aug16,8/16/2013 0:00:00,8/16/2013 0:00:00,
Ozark National Scenic Riverways - SPRINGS,OZRS,OZRSSPRNGS2013Jul29,2013,7/29/2013 0:00:00,9/16/2013 0:00:00,OZRSSPRNGS2013Aug30,8/30/2013 0:00:00,8/30/2013 0:00:00,
Ozark National Scenic Riverways - SPRINGS,OZRS,OZRSSPRNGS2013Jul29,2013,7/29/2013 0:00:00,9/16/2013 0:00:00,OZRSSPRNGS2013Jul29,7/29/2013 0:00:00,9/6/2013 0:00:00,
Ozark National Scenic Riverways - SPRINGS,OZRS,OZRSSPRNGS2013Jul29,2013,7/29/2013 0:00:00,9/16/2013 0:00:00,OZRSSPRNGS2013Sep04,9/4/2013 0:00:00,9/4/2013 0:00:00,
Ozark National Scenic Riverways - SPRINGS,OZRS,OZRSSPRNGS2013Jul29,2013,7/29/2013 0:00:00,9/16/2013 0:00:00,OZRSSPRNGS2013Sep13,9/13/2013 0:00:00,9/13/2013 0:00:00,
Ozark National Scenic Riverways - SPRINGS,OZRS,OZRSSPRNGS2013Jul29,2013,7/29/2013 0:00:00,9/16/2013 0:00:00,OZRSSPRNGS2013Sep16,9/16/2013 0:00:00,9/16/2013 0:00:00,
Ozark National Scenic Riverways - SPRINGS,OZRS,OZRSSPRNGS2014Jul28,2014,7/28/2014 0:00:00,7/31/2014 0:00:00,OZRSSPRNGS2014Jul28,7/28/2014 0:00:00,7/29/2014 0:00:00,
Ozark National Scenic Riverways - SPRINGS,OZRS,OZRSSPRNGS2014Jul28,2014,7/28/2014 0:00:00,7/31/2014 0:00:00,OZRSSPRNGS2014Jul31,7/31/2014 0:00:00,7/31/2014 0:00:00,
Ozark National Scenic Riverways - SPRINGS,OZRS,OZRSSPRNGS2014Jul28,2014,7/28/2014 0:00:00,7/31/2014 0:00:00,OZRSSPRNGS2014Jul30,7/30/2014 0:00:00,7/30/2014 0:00:00,
Ozark National Scenic Riverways - SPRINGS,OZRS,OZRSSPRNGS2014Jul28,2014,7/28/2014 0:00:00,7/31/2014 0:00:00,OZRSSPRNGS2014Jul29,7/29/2014 0:00:00,7/30/2014 0:00:00,
Ozark National Scenic Riverways - SPRINGS,OZRS,OZRSSPRNGS2015Jul27,2015,7/27/2015 0:00:00,8/6/2015 0:00:00,OZRSSPRNGS2015Aug06,8/6/2015 0:00:00,8/6/2015 0:00:00,
Ozark National Scenic Riverways - SPRINGS,OZRS,OZRSSPRNGS2015Jul27,2015,7/27/2015 0:00:00,8/6/2015 0:00:00,OZRSSPRNGS2015Jul27,7/27/2015 0:00:00,7/27/2015 0:00:00,
Ozark National Scenic Riverways - SPRINGS,OZRS,OZRSSPRNGS2015Jul27,2015,7/27/2015 0:00:00,8/6/2015 0:00:00,OZRSSPRNGS2015Jul28,7/28/2015 0:00:00,7/29/2015 0:00:00,
Ozark National Scenic Riverways - SPRINGS,OZRS,OZRSSPRNGS2015Jul27,2015,7/27/2015 0:00:00,8/6/2015 0:00:00,OZRSSPRNGS2015Jul29,7/29/2015 0:00:00,7/29/2015 0:00:00,
Ozark National Scenic Riverways - SPRINGS,OZRS,OZRSSPRNGS2016Jul25,2016,7/25/2016 0:00:00,7/28/2016 0:00:00,OZRSSPRNGS2016Jul25,7/25/2016 0:00:00,7/26/2016 0:00:00,
Ozark National Scenic Riverways - SPRINGS,OZRS,OZRSSPRNGS2016Jul25,2016,7/25/2016 0:00:00,7/28/2016 0:00:00,OZRSSPRNGS2016Jul26,7/26/2016 0:00:00,7/26/2016 0:00:00,
Ozark National Scenic Riverways - SPRINGS,OZRS,OZRSSPRNGS2016Jul25,2016,7/25/2016 0:00:00,7/28/2016 0:00:00,OZRSSPRNGS2016Jul27,7/27/2016 0:00:00,7/27/2016 0:00:00,
Ozark National Scenic Riverways - SPRINGS,OZRS,OZRSSPRNGS2016Jul25,2016,7/25/2016 0:00:00,7/28/2016 0:00:00,OZRSSPRNGS2016Jul28,7/28/2016 0:00:00,7/28/2016 0:00:00,
Ozark National Scenic Riverways - SPRINGS,OZRS,OZRSSPRNGS2017Jul24,2017,7/24/2017 0:00:00,7/27/2017 0:00:00,OZRSSPRNGS2017Jul26,7/26/2017 0:00:00,7/26/2017 0:00:00,
Ozark National Scenic Riverways - SPRINGS,OZRS,OZRSSPRNGS2017Jul24,2017,7/24/2017 0:00:00,7/27/2017 0:00:00,OZRSSPRNGS2017Jul27,7/27/2017 0:00:00,7/27/2017 0:00:00,
Ozark National Scenic Riverways - SPRINGS,OZRS,OZRSSPRNGS2017Jul24,2017,7/24/2017 0:00:00,7/27/2017 0:00:00,OZRSSPRNGS2017Jul25,7/25/2017 0:00:00,7/25/2017 0:00:00,
Ozark National Scenic Riverways - SPRINGS,OZRS,OZRSSPRNGS2017Jul24,2017,7/24/2017 0:00:00,7/27/2017 0:00:00,OZRSSPRNGS2017Jul24,7/24/2017 0:00:00,7/24/2017 0:00:00,
Ozark National Scenic Riverways - SPRINGS,OZRS,OZRSSPRNGS2018Jul23,2018,7/23/2018 0:00:00,7/26/2018 0:00:00,OZRSSPRNGS2018Jul24,7/24/2018 0:00:00,7/24/2018 0:00:00,
Ozark National Scenic Riverways - SPRINGS,OZRS,OZRSSPRNGS2018Jul23,2018,7/23/2018 0:00:00,7/26/2018 0:00:00,OZRSSPRNGS2018Jul25,7/25/2018 0:00:00,7/25/2018 0:00:00,
Ozark National Scenic Riverways - SPRINGS,OZRS,OZRSSPRNGS2018Jul23,2018,7/23/2018 0:00:00,7/26/2018 0:00:00,OZRSSPRNGS2018Jul26,7/26/2018 0:00:00,7/26/2018 0:00:00,
Ozark National Scenic Riverways - SPRINGS,OZRS,OZRSSPRNGS2018Jul23,2018,7/23/2018 0:00:00,7/26/2018 0:00:00,OZRSSPRNGS2018Jul23,7/23/2018 0:00:00,7/23/2018 0:00:00,
Ozark National Scenic Riverways - SPRINGS,OZRS,OZRSSprngs2019Jul29,2019,7/29/2019 0:00:00,9/5/2019 0:00:00,OZRSSprngs2019Jul29,7/29/2019 0:00:00,7/30/2019 0:00:00,
Ozark National Scenic Riverways - SPRINGS,OZRS,OZRSSprngs2019Jul29,2019,7/29/2019 0:00:00,9/5/2019 0:00:00,OZRSSprngs2019Jul30,7/30/2019 0:00:00,7/30/2019 0:00:00,
Ozark National Scenic Riverways - SPRINGS,OZRS,OZRSSprngs2019Jul29,2019,7/29/2019 0:00:00,9/5/2019 0:00:00,OZRSSprngs2019Jul31,7/31/2019 0:00:00,7/31/2019 0:00:00,
Ozark National Scenic Riverways - SPRINGS,OZRS,OZRSSprngs2019Jul29,2019,7/29/2019 0:00:00,9/5/2019 0:00:00,OZRSSprngs2019Sep05,9/5/2019 0:00:00,9/5/2019 0:00:00,
Ozark National Scenic Riverways - SPRINGS,OZRS,OZRSSprngs2020Jul29,2020,7/29/2020 0:00:00,8/3/2020 0:00:00,OZRSSprngs2020Aug03,8/3/2020 0:00:00,8/3/2020 0:00:00,Veg & some Habitat sampled at Big spring as an extra sample. No fish collected.
Ozark National Scenic Riverways - SPRINGS,OZRS,OZRSSprngs2020Jul29,2020,7/29/2020 0:00:00,8/3/2020 0:00:00,OZRSSprngs2020Jul29,7/29/2020 0:00:00,8/3/2020 0:00:00,Veg Habitat & Inverts for Blue completed on 7/29/20; Inverts for Round sampled on 7/29/20 but Veg Habitat sampled on 8/3/20. No fish sampled at either spring due to COVID19
Ozark National Scenic Riverways - SPRINGS,OZRS,OZRSSprngs2021Aug03,2021,8/3/2021 0:00:00,8/6/2021 0:00:00,OZRSSprngs2021Aug03,8/3/2021 0:00:00,8/4/2021 0:00:00,
Ozark National Scenic Riverways - SPRINGS,OZRS,OZRSSprngs2021Aug03,2021,8/3/2021 0:00:00,8/6/2021 0:00:00,OZRSSprngs2021Aug05,8/5/2021 0:00:00,8/6/2021 0:00:00,
Ozark National Scenic Riverways - SPRINGS,OZRS,OZRSSprngs2022Jul27,2022,7/27/2022 0:00:00,8/3/2022 0:00:00,OZRSSprngs2022Aug03,8/3/2022 0:00:00,8/3/2022 0:00:00,Water normal level. Some cloudiness to the water but could see bottom.
Ozark National Scenic Riverways - SPRINGS,OZRS,OZRSSprngs2022Jul27,2022,7/27/2022 0:00:00,8/3/2022 0:00:00,OZRSSprngs2022Jul27,7/27/2022 0:00:00,7/27/2022 0:00:00,Water levels about average
Ozark National Scenic Riverways - SPRINGS,OZRS,OZRSSprngs2022Jul27,2022,7/27/2022 0:00:00,8/3/2022 0:00:00,OZRSSprngs2022Jul28,7/28/2022 0:00:00,7/28/2022 0:00:00,
Ozark National Scenic Riverways - SPRINGS,OZRS,OZRSSprngs2023Aug01,2023,8/1/2023 0:00:00,8/2/2023 0:00:00,OZRSSprngs2023Aug01,8/1/2023 0:00:00,8/1/2023 0:00:00,Round Spring transects were spaced every 30 m instead of 24 m due to incorrect reach length in database table. Extra 60 m were sampled at Round Spring due to this error
Ozark National Scenic Riverways - SPRINGS,OZRS,OZRSSprngs2023Aug01,2023,8/1/2023 0:00:00,8/2/2023 0:00:00,OZRSSprngs2023Aug02,8/2/2023 0:00:00,8/2/2023 0:00:00,
Pea Ridge National Military Park,PERI,PERIStfish2009May01,2009,5/1/2009 0:00:00,5/1/2009 0:00:00,PERIStfish2009May01,5/1/2009 0:00:00,5/1/2009 0:00:00,
Pea Ridge National Military Park,PERI,PERIStfish2012May02,2012,5/2/2012 0:00:00,5/2/2012 0:00:00,PERIStfish2012May02,5/2/2012 0:00:00,5/2/2012 0:00:00,
Pea Ridge National Military Park,PERI,PERIStfish2015May12,2015,5/12/2015 0:00:00,5/12/2015 0:00:00,PERIStfish2015May12,5/12/2015 0:00:00,5/12/2015 0:00:00,
Pea Ridge National Military Park,PERI,PERIStfish2018May10,2018,5/10/2018 0:00:00,5/10/2018 0:00:00,PERIStfish2018May10,5/10/2018 0:00:00,5/10/2018 0:00:00,
Pea Ridge National Military Park,PERI,PERIStfish2021May06,2021,5/6/2021 0:00:00,5/6/2021 0:00:00,PERIStfish2021May06,5/6/2021 0:00:00,5/6/2021 0:00:00,High flow event week prior. Debris about 4 feet up on bank. Fish community seems comparable to previous years.
Pipestone National Monument,PIPE,PIPEShiner2001Sep11,2001,9/11/2001 0:00:00,9/12/2001 0:00:00,PIPEShiner2001Sep11,9/11/2001 0:00:00,9/11/2001 0:00:00,
Pipestone National Monument,PIPE,PIPEShiner2001Sep11,2001,9/11/2001 0:00:00,9/12/2001 0:00:00,PIPEShiner2001Sep12,9/12/2001 0:00:00,9/12/2001 0:00:00,
Pipestone National Monument,PIPE,PIPEShiner2002Sep17,2002,9/17/2002 0:00:00,9/17/2002 0:00:00,PIPEShiner2002Sep17,9/17/2002 0:00:00,9/17/2002 0:00:00,
Pipestone National Monument,PIPE,PIPEShiner2003Sep02,2003,9/2/2003 0:00:00,9/5/2003 0:00:00,PIPEShiner2003Sep04,9/4/2003 0:00:00,9/4/2003 0:00:00,
Pipestone National Monument,PIPE,PIPEShiner2004Sep16,2004,9/16/2004 0:00:00,9/16/2004 0:00:00,PIPEShiner2004Sep16,9/16/2004 0:00:00,9/16/2004 0:00:00,
Pipestone National Monument,PIPE,PIPEShiner2005Sep20,2005,9/20/2005 0:00:00,9/20/2005 0:00:00,PIPEShiner2005Sep20,9/20/2005 0:00:00,9/20/2005 0:00:00,
Pipestone National Monument,PIPE,PIPEShiner2006Aug29,2006,8/29/2006 0:00:00,8/30/2006 0:00:00,PIPEShiner2006Aug30,8/30/2006 0:00:00,8/30/2006 0:00:00,
Pipestone National Monument,PIPE,PIPEShiner2006Aug29,2006,8/29/2006 0:00:00,8/30/2006 0:00:00,PIPEShiner2006Aug29,8/29/2006 0:00:00,8/29/2006 0:00:00,
Pipestone National Monument,PIPE,PIPEShiner2007Aug28,2007,8/28/2007 0:00:00,8/28/2007 0:00:00,PIPEShiner2007Aug28,8/28/2007 0:00:00,8/28/2007 0:00:00,
Pipestone National Monument,PIPE,PIPEShiner2008Aug26,2008,8/26/2008 0:00:00,8/26/2008 0:00:00,PIPEShiner2008Aug26,8/26/2008 0:00:00,8/26/2008 0:00:00,
Pipestone National Monument,PIPE,PIPEShiner2009Aug24,2009,8/24/2009 0:00:00,8/25/2009 0:00:00,PIPEShiner2009Aug25,8/25/2009 0:00:00,8/25/2009 0:00:00,
Pipestone National Monument,PIPE,PIPEShiner2010Aug31,2010,8/31/2010 0:00:00,8/31/2010 0:00:00,PIPEShiner2010Aug31,8/31/2010 0:00:00,8/31/2010 0:00:00,
Pipestone National Monument,PIPE,PIPEShiner2011Aug31,2011,8/31/2011 0:00:00,8/31/2011 0:00:00,PIPEShiner2011Aug31,8/31/2011 0:00:00,8/31/2011 0:00:00,
Pipestone National Monument,PIPE,PIPEShiner2012Aug22,2012,8/22/2012 0:00:00,8/22/2012 0:00:00,PIPEShiner2012Aug22,8/22/2012 0:00:00,8/22/2012 0:00:00,
Pipestone National Monument,PIPE,PIPEShiner2013Sep13,2013,9/13/2013 0:00:00,9/14/2013 0:00:00,PIPEShiner2013Sep13,9/13/2013 0:00:00,9/13/2013 0:00:00,
Pipestone National Monument,PIPE,PIPEShiner2013Sep13,2013,9/13/2013 0:00:00,9/14/2013 0:00:00,PIPEShiner2013Sep14,9/14/2013 0:00:00,9/14/2013 0:00:00,
Pipestone National Monument,PIPE,PIPEShiner2014Sep13,2014,9/13/2014 0:00:00,9/13/2014 0:00:00,PIPEShiner2014Sep13,9/13/2014 0:00:00,9/13/2014 0:00:00,
Pipestone National Monument,PIPE,PIPEShiner2015Sep12,2015,9/12/2015 0:00:00,9/12/2015 0:00:00,PIPEShiner2015Sep12,9/12/2015 0:00:00,9/12/2015 0:00:00,
Pipestone National Monument,PIPE,PIPEShiner2016Sep10,2016,9/10/2016 0:00:00,9/10/2016 0:00:00,PIPEShiner2016Sep10,9/10/2016 0:00:00,9/10/2016 0:00:00,
Pipestone National Monument,PIPE,PIPEShiner2017Sep09,2017,9/9/2017 0:00:00,9/9/2017 0:00:00,PIPEShiner2017Sep09,9/9/2017 0:00:00,9/9/2017 0:00:00,
Pipestone National Monument,PIPE,PIPEShiner2018Sep08,2018,9/8/2018 0:00:00,9/8/2018 0:00:00,PIPEShiner2018Sep08,9/8/2018 0:00:00,9/8/2018 0:00:00,Only fish was collected by South Dakota State University. No habitat data was collected.
Pipestone National Monument,PIPE,PIPEShiner2021Aug26,2021,8/26/2021 0:00:00,8/26/2021 0:00:00,PIPEShiner2021Aug26,8/26/2021 0:00:00,8/26/2021 0:00:00,Rained night before sampled fish. Stream up about 12 inches and turbid.
Pipestone National Monument,PIPE,PIPEShiner2022Aug18,2022,8/18/2022 0:00:00,8/18/2022 0:00:00,PIPEShiner2022Aug18,8/18/2022 0:00:00,8/18/2022 0:00:00,
Pipestone National Monument,PIPE,PIPEShiner2023Aug29,2023,8/29/2023 0:00:00,8/29/2023 0:00:00,PIPEShiner2023Aug29,8/29/2023 0:00:00,8/29/2023 0:00:00,Above the Falls - a lot of filamentous algae present; difficult to get fish our of seine and in bucket. Lower site- pools had aquatic veg in center of channel. difficult to get fish out of seine.
Tallgrass Prairie National Preserve,TAPR,TAPRShiner2001Aug28,2001,8/28/2001 0:00:00,10/13/2001 0:00:00,TAPRShiner2001Aug30,8/30/2001 0:00:00,8/30/2001 0:00:00,
Tallgrass Prairie National Preserve,TAPR,TAPRShiner2001Aug28,2001,8/28/2001 0:00:00,10/13/2001 0:00:00,TAPRShiner2001Oct12,10/12/2001 0:00:00,10/12/2001 0:00:00,
Tallgrass Prairie National Preserve,TAPR,TAPRShiner2001Aug28,2001,8/28/2001 0:00:00,10/13/2001 0:00:00,TAPRShiner2001Oct11,10/11/2001 0:00:00,10/11/2001 0:00:00,
Tallgrass Prairie National Preserve,TAPR,TAPRShiner2001Aug28,2001,8/28/2001 0:00:00,10/13/2001 0:00:00,TAPRShiner2001Oct10,10/10/2001 0:00:00,10/10/2001 0:00:00,
Tallgrass Prairie National Preserve,TAPR,TAPRShiner2001Aug28,2001,8/28/2001 0:00:00,10/13/2001 0:00:00,TAPRShiner2001Aug31,8/31/2001 0:00:00,8/31/2001 0:00:00,
Tallgrass Prairie National Preserve,TAPR,TAPRShiner2001Aug28,2001,8/28/2001 0:00:00,10/13/2001 0:00:00,TAPRShiner2001Oct13,10/13/2001 0:00:00,10/13/2001 0:00:00,
Tallgrass Prairie National Preserve,TAPR,TAPRShiner2001Aug28,2001,8/28/2001 0:00:00,10/13/2001 0:00:00,TAPRShiner2001Aug29,8/29/2001 0:00:00,8/29/2001 0:00:00,
Tallgrass Prairie National Preserve,TAPR,TAPRShiner2001Aug28,2001,8/28/2001 0:00:00,10/13/2001 0:00:00,TAPRShiner2001Aug28,8/28/2001 0:00:00,8/28/2001 0:00:00,
Tallgrass Prairie National Preserve,TAPR,TAPRShiner2001Aug28,2001,8/28/2001 0:00:00,10/13/2001 0:00:00,TAPRShiner2001Oct09,10/9/2001 0:00:00,10/9/2001 0:00:00,
Tallgrass Prairie National Preserve,TAPR,TAPRShiner2002Sep30,2002,9/17/2002 0:00:00,10/6/2002 0:00:00,TAPRShiner2002Oct05,10/5/2002 0:00:00,10/5/2002 0:00:00,
Tallgrass Prairie National Preserve,TAPR,TAPRShiner2002Sep30,2002,9/17/2002 0:00:00,10/6/2002 0:00:00,TAPRShiner2002Oct04,10/4/2002 0:00:00,10/4/2002 0:00:00,
Tallgrass Prairie National Preserve,TAPR,TAPRShiner2002Sep30,2002,9/17/2002 0:00:00,10/6/2002 0:00:00,TAPRShiner2002Oct03,10/3/2002 0:00:00,10/3/2002 0:00:00,
Tallgrass Prairie National Preserve,TAPR,TAPRShiner2002Sep30,2002,9/17/2002 0:00:00,10/6/2002 0:00:00,TAPRShiner2002Oct01,10/1/2002 0:00:00,10/1/2002 0:00:00,
Tallgrass Prairie National Preserve,TAPR,TAPRShiner2002Sep30,2002,9/17/2002 0:00:00,10/6/2002 0:00:00,TAPRShiner2002Oct02,10/2/2002 0:00:00,10/2/2002 0:00:00,
Tallgrass Prairie National Preserve,TAPR,TAPRShiner2003Oct06,2003,10/6/2003 0:00:00,10/10/2003 0:00:00,TAPRShiner2003Oct06,10/6/2003 0:00:00,10/6/2003 0:00:00,
Tallgrass Prairie National Preserve,TAPR,TAPRShiner2003Oct06,2003,10/6/2003 0:00:00,10/10/2003 0:00:00,TAPRShiner2003Oct07,10/7/2003 0:00:00,10/7/2003 0:00:00,
Tallgrass Prairie National Preserve,TAPR,TAPRShiner2003Oct06,2003,10/6/2003 0:00:00,10/10/2003 0:00:00,TAPRShiner2003Oct08,10/8/2003 0:00:00,10/8/2003 0:00:00,
Tallgrass Prairie National Preserve,TAPR,TAPRShiner2003Oct06,2003,10/6/2003 0:00:00,10/10/2003 0:00:00,TAPRShiner2003Oct09,10/9/2003 0:00:00,10/9/2003 0:00:00,
Tallgrass Prairie National Preserve,TAPR,TAPRShiner2004Oct04,2004,10/4/2004 0:00:00,10/7/2004 0:00:00,TAPRShiner2004Oct07,10/7/2004 0:00:00,10/7/2004 0:00:00,
Tallgrass Prairie National Preserve,TAPR,TAPRShiner2004Oct04,2004,10/4/2004 0:00:00,10/7/2004 0:00:00,TAPRShiner2004Oct04,10/4/2004 0:00:00,10/4/2004 0:00:00,
Tallgrass Prairie National Preserve,TAPR,TAPRShiner2004Oct04,2004,10/4/2004 0:00:00,10/7/2004 0:00:00,TAPRShiner2004Oct05,10/5/2004 0:00:00,10/5/2004 0:00:00,
Tallgrass Prairie National Preserve,TAPR,TAPRShiner2004Oct04,2004,10/4/2004 0:00:00,10/7/2004 0:00:00,TAPRShiner2004Oct06,10/6/2004 0:00:00,10/6/2004 0:00:00,
Tallgrass Prairie National Preserve,TAPR,TAPRShiner2005Oct03,2005,10/3/2005 0:00:00,10/5/2005 0:00:00,TAPRShiner2005Oct05,10/5/2005 0:00:00,10/5/2005 0:00:00,
Tallgrass Prairie National Preserve,TAPR,TAPRShiner2005Oct03,2005,10/3/2005 0:00:00,10/5/2005 0:00:00,TAPRShiner2005Oct04,10/4/2005 0:00:00,10/4/2005 0:00:00,
Tallgrass Prairie National Preserve,TAPR,TAPRShiner2005Oct03,2005,10/3/2005 0:00:00,10/5/2005 0:00:00,TAPRShiner2005Oct03,10/3/2005 0:00:00,10/3/2005 0:00:00,
Tallgrass Prairie National Preserve,TAPR,TAPRShiner2006Sep18,2006,9/18/2006 0:00:00,9/20/2006 0:00:00,TAPRShiner2006Sep18,9/18/2006 0:00:00,9/18/2006 0:00:00,
Tallgrass Prairie National Preserve,TAPR,TAPRShiner2006Sep18,2006,9/18/2006 0:00:00,9/20/2006 0:00:00,TAPRShiner2006Sep19,9/19/2006 0:00:00,9/19/2006 0:00:00,
Tallgrass Prairie National Preserve,TAPR,TAPRShiner2006Sep18,2006,9/18/2006 0:00:00,9/20/2006 0:00:00,TAPRShiner2006Sep20,9/20/2006 0:00:00,9/20/2006 0:00:00,
Tallgrass Prairie National Preserve,TAPR,TAPRShiner2007Sep09,2007,9/9/2007 0:00:00,9/13/2007 0:00:00,TAPRShiner2007Sep09,9/9/2007 0:00:00,9/9/2007 0:00:00,
Tallgrass Prairie National Preserve,TAPR,TAPRShiner2007Sep09,2007,9/9/2007 0:00:00,9/13/2007 0:00:00,TAPRShiner2007Sep10,9/10/2007 0:00:00,9/10/2007 0:00:00,
Tallgrass Prairie National Preserve,TAPR,TAPRShiner2007Sep09,2007,9/9/2007 0:00:00,9/13/2007 0:00:00,TAPRShiner2007Sep11,9/11/2007 0:00:00,9/11/2007 0:00:00,
Tallgrass Prairie National Preserve,TAPR,TAPRShiner2007Sep09,2007,9/9/2007 0:00:00,9/13/2007 0:00:00,TAPRShiner2007Sep12,9/12/2007 0:00:00,9/12/2007 0:00:00,
Tallgrass Prairie National Preserve,TAPR,TAPRShiner2007Sep09,2007,9/9/2007 0:00:00,9/13/2007 0:00:00,TAPRShiner2007Sep13,9/13/2007 0:00:00,9/13/2007 0:00:00,
Tallgrass Prairie National Preserve,TAPR,TAPRShiner2008Sep07,2008,9/7/2008 0:00:00,9/10/2008 0:00:00,TAPRShiner2008Sep09,9/9/2008 0:00:00,9/9/2008 0:00:00,
Tallgrass Prairie National Preserve,TAPR,TAPRShiner2008Sep07,2008,9/7/2008 0:00:00,9/10/2008 0:00:00,TAPRShiner2008Sep10,9/10/2008 0:00:00,9/10/2008 0:00:00,
Tallgrass Prairie National Preserve,TAPR,TAPRShiner2008Sep07,2008,9/7/2008 0:00:00,9/10/2008 0:00:00,TAPRShiner2008Sep08,9/8/2008 0:00:00,9/8/2008 0:00:00,
Tallgrass Prairie National Preserve,TAPR,TAPRShiner2008Sep07,2008,9/7/2008 0:00:00,9/10/2008 0:00:00,TAPRShiner2008Sep07,9/7/2008 0:00:00,9/7/2008 0:00:00,
Tallgrass Prairie National Preserve,TAPR,TAPRShiner2009Sep08,2009,9/8/2009 0:00:00,9/11/2009 0:00:00,TAPRShiner2009Sep09,9/9/2009 0:00:00,9/9/2009 0:00:00,
Tallgrass Prairie National Preserve,TAPR,TAPRShiner2009Sep08,2009,9/8/2009 0:00:00,9/11/2009 0:00:00,TAPRShiner2009Sep10,9/10/2009 0:00:00,9/10/2009 0:00:00,
Tallgrass Prairie National Preserve,TAPR,TAPRShiner2009Sep08,2009,9/8/2009 0:00:00,9/11/2009 0:00:00,TAPRShiner2009Sep11,9/11/2009 0:00:00,9/11/2009 0:00:00,
Tallgrass Prairie National Preserve,TAPR,TAPRShiner2009Sep08,2009,9/8/2009 0:00:00,9/11/2009 0:00:00,TAPRShiner2009Sep08,9/8/2009 0:00:00,9/8/2009 0:00:00,
Tallgrass Prairie National Preserve,TAPR,TAPRShiner2010Sep07,2010,9/7/2010 0:00:00,9/8/2010 0:00:00,TAPRShiner2010Sep07,9/7/2010 0:00:00,9/7/2010 0:00:00,
Tallgrass Prairie National Preserve,TAPR,TAPRShiner2010Sep07,2010,9/7/2010 0:00:00,9/8/2010 0:00:00,TAPRShiner2010Sep08,9/8/2010 0:00:00,9/8/2010 0:00:00,
Tallgrass Prairie National Preserve,TAPR,TAPRShiner2013Sep18,2013,9/18/2013 0:00:00,9/19/2013 0:00:00,TAPRShiner2013Sep18,9/18/2013 0:00:00,9/18/2013 0:00:00,
Tallgrass Prairie National Preserve,TAPR,TAPRShiner2013Sep18,2013,9/18/2013 0:00:00,9/19/2013 0:00:00,TAPRShiner2013Sep19,9/19/2013 0:00:00,9/19/2013 0:00:00,
Tallgrass Prairie National Preserve,TAPR,TAPRShiner2014Sept09,2014,9/9/2014 0:00:00,9/10/2014 0:00:00,TAPRShiner2014Sep09,9/9/2014 0:00:00,9/9/2014 0:00:00,
Tallgrass Prairie National Preserve,TAPR,TAPRShiner2014Sept09,2014,9/9/2014 0:00:00,9/10/2014 0:00:00,TAPRShiner2014Sep10,9/10/2014 0:00:00,9/10/2014 0:00:00,
Tallgrass Prairie National Preserve,TAPR,TAPRShiner2015Aug30,2015,8/30/2015 0:00:00,9/2/2015 0:00:00,TAPRShiner2015Sep01,9/1/2015 0:00:00,9/1/2015 0:00:00,
Tallgrass Prairie National Preserve,TAPR,TAPRShiner2015Aug30,2015,8/30/2015 0:00:00,9/2/2015 0:00:00,TAPRShiner2015Sep02,9/2/2015 0:00:00,9/2/2015 0:00:00,
Tallgrass Prairie National Preserve,TAPR,TAPRShiner2015Aug30,2015,8/30/2015 0:00:00,9/2/2015 0:00:00,TAPRShiner2015Aug30,8/30/2015 0:00:00,8/30/2015 0:00:00,
Tallgrass Prairie National Preserve,TAPR,TAPRShiner2015Aug30,2015,8/30/2015 0:00:00,9/2/2015 0:00:00,TAPRShiner2015Aug31,8/31/2015 0:00:00,8/31/2015 0:00:00,
Tallgrass Prairie National Preserve,TAPR,TAPRShiner2016Aug31,2016,8/31/2016 0:00:00,9/2/2016 0:00:00,TAPRShiner2016Sep01,9/1/2016 0:00:00,9/1/2016 0:00:00,
Tallgrass Prairie National Preserve,TAPR,TAPRShiner2016Aug31,2016,8/31/2016 0:00:00,9/2/2016 0:00:00,TAPRShiner2016Sep02,9/2/2016 0:00:00,9/2/2016 0:00:00,
Tallgrass Prairie National Preserve,TAPR,TAPRShiner2017Sep05,2017,9/5/2017 0:00:00,9/6/2017 0:00:00,TAPRShiner2017Sep05,9/5/2017 0:00:00,9/5/2017 0:00:00,
Tallgrass Prairie National Preserve,TAPR,TAPRShiner2017Sep05,2017,9/5/2017 0:00:00,9/6/2017 0:00:00,TAPRShiner2017Sep06,9/6/2017 0:00:00,9/6/2017 0:00:00,
Tallgrass Prairie National Preserve,TAPR,TAPRShiner2018Sep04,2018,9/4/2018 0:00:00,9/7/2018 0:00:00,TAPRShiner2018Sep04,9/4/2018 0:00:00,9/4/2018 0:00:00,Reach 1 Middle: no fish from sites 1 & 2; Reach 1 Lower: very low water levels
Tallgrass Prairie National Preserve,TAPR,TAPRShiner2018Sep04,2018,9/4/2018 0:00:00,9/7/2018 0:00:00,TAPRShiner2018Sep05,9/5/2018 0:00:00,9/5/2018 0:00:00,
Tallgrass Prairie National Preserve,TAPR,TAPRShiner2018Sep04,2018,9/4/2018 0:00:00,9/7/2018 0:00:00,TAPRShiner2018Sep06,9/6/2018 0:00:00,9/6/2018 0:00:00,
Tallgrass Prairie National Preserve,TAPR,TAPRShiner2018Sep04,2018,9/4/2018 0:00:00,9/7/2018 0:00:00,TAPRShiner2018Sep07,9/7/2018 0:00:00,9/7/2018 0:00:00,
Tallgrass Prairie National Preserve,TAPR,TAPRShiner2019Sep10,2019,9/10/2019 0:00:00,9/11/2019 0:00:00,TAPRShiner2019Sep10,9/10/2019 0:00:00,9/10/2019 0:00:00,
Tallgrass Prairie National Preserve,TAPR,TAPRShiner2019Sep10,2019,9/10/2019 0:00:00,9/11/2019 0:00:00,TAPRShiner2019Sep11,9/11/2019 0:00:00,9/11/2019 0:00:00,
Tallgrass Prairie National Preserve,TAPR,TAPRShiner2021Sep07,2021,9/7/2021 0:00:00,9/10/2021 0:00:00,TAPRShiner2021Sep08,9/8/2021 0:00:00,9/8/2021 0:00:00,Streams low. Rained ~5 inches 4 days prior to sampling. Suspect streams much lower 4 days previous.
Tallgrass Prairie National Preserve,TAPR,TAPRShiner2021Sep07,2021,9/7/2021 0:00:00,9/10/2021 0:00:00,TAPRShiner2021Sep09,9/9/2021 0:00:00,9/9/2021 0:00:00,Streams low. Rained ~5 inches 5 days prior to sampling. Suspect streams were much lower5 days previous.
Tallgrass Prairie National Preserve,TAPR,TAPRShiner2021Sep07,2021,9/7/2021 0:00:00,9/10/2021 0:00:00,TAPRShiner2021Sep07,9/7/2021 0:00:00,9/7/2021 0:00:00,Streams low. Rained ~5 inches 3 days prior to sampling; suspect water levels were much lower 3 days earlier.
Tallgrass Prairie National Preserve,TAPR,TAPRShiner2021Sep07,2021,9/7/2021 0:00:00,9/10/2021 0:00:00,TAPRShiner2021Sep10,9/10/2021 0:00:00,9/10/2021 0:00:00,Streams low. Rained ~5 inches 6 days prior to sampling these sites on 9/10/2021. Suspect streams were very low 6 days previous.
Tallgrass Prairie National Preserve,TAPR,TAPRShiner2022Aug16,2022,8/16/2022 0:00:00,8/17/2022 0:00:00,TAPRShiner2022Aug16,8/16/2022 0:00:00,8/16/2022 0:00:00,Water levels very low at 23 Middle site
Tallgrass Prairie National Preserve,TAPR,TAPRShiner2022Aug16,2022,8/16/2022 0:00:00,8/17/2022 0:00:00,TAPRShiner2022Aug17,8/17/2022 0:00:00,8/17/2022 0:00:00,
Wilson's Creek National Battlefield,WICR,WICRStfish2006Jun15,2006,6/15/2006 0:00:00,6/19/2006 0:00:00,WICRStfish2006Jun15,6/15/2006 0:00:00,6/19/2006 0:00:00,
Wilson's Creek National Battlefield,WICR,WICRStfish2007May09,2007,5/9/2007 0:00:00,5/11/2007 0:00:00,WICRStfish2007May09,5/9/2007 0:00:00,5/11/2007 0:00:00,
Wilson's Creek National Battlefield,WICR,WICRStfish2010May03,2010,5/3/2010 0:00:00,5/4/2010 0:00:00,WICRStfish2010May03,5/3/2010 0:00:00,5/4/2010 0:00:00,
Wilson's Creek National Battlefield,WICR,WICRStfish2013May06,2013,5/6/2013 0:00:00,5/30/2013 0:00:00,WICRStfish2013May06,5/6/2013 0:00:00,5/30/2013 0:00:00,
Wilson's Creek National Battlefield,WICR,WICRStfish2016May04,2016,5/4/2016 0:00:00,5/6/2016 0:00:00,WICRStfish2016May04,5/4/2016 0:00:00,5/6/2016 0:00:00,
Wilson's Creek National Battlefield,WICR,WICRStfish2019Jun03,2019,6/3/2019 0:00:00,6/11/2019 0:00:00,WICRStfish2019Jun03,6/3/2019 0:00:00,6/4/2019 0:00:00,
Wilson's Creek National Battlefield,WICR,WICRStfish2019Jun03,2019,6/3/2019 0:00:00,6/11/2019 0:00:00,WICRStfish2019Jun11,6/11/2019 0:00:00,6/11/2019 0:00:00,
Wilson's Creek National Battlefield,WICR,WICRStfish2022Jun02,2022,6/2/2022 0:00:00,6/16/2022 0:00:00,WICRStfish2022Jun14,6/14/2022 0:00:00,6/16/2022 0:00:00,Could not sample last ~20m due to deep pool
Wilson's Creek National Battlefield,WICR,WICRStfish2022Jun02,2022,6/2/2022 0:00:00,6/16/2022 0:00:00,WICRStfish2022Jun02,6/2/2022 0:00:00,6/3/2022 0:00:00,Rained previous day and a half; water up 5-6 inches previous day. water levels dropped ~3 inches last night and 2 inches today.
Wilson's Creek National Battlefield,WICR,WICRStfish2022Jun02,2022,6/2/2022 0:00:00,6/16/2022 0:00:00,WICRStfish2022Jun09,6/9/2022 0:00:00,6/9/2022 0:00:00,
