"ParkCode","dwcType","dwcBasisOfRecord","scientificName","DataReleaseID","CalYr","Type","Count","DensityClass_Estimated","DensityClass_Actual","Correct"
"WICR","Event","HumanObservation","Physaria filiformis","A_10g",2006,"subj",498,4,4,TRUE
"WICR","Event","HumanObservation","Physaria filiformis","A_11d",2006,"subj",10,1,2,FALSE
"WICR","Event","HumanObservation","Physaria filiformis","A_16g",2006,"subj",181,4,4,TRUE
"WICR","Event","HumanObservation","Physaria filiformis","A_17e",2006,"subj",3,1,1,TRUE
"WICR","Event","HumanObservation","Physaria filiformis","A_21h",2006,"subj",125,3,4,FALSE
"WICR","Event","HumanObservation","Physaria filiformis","A_22c",2006,"subj",25,2,2,TRUE
"WICR","Event","HumanObservation","Physaria filiformis","A_23b",2006,"subj",3,1,1,TRUE
"WICR","Event","HumanObservation","Physaria filiformis","A_26c",2006,"subj",128,3,4,FALSE
"WICR","Event","HumanObservation","Physaria filiformis","A_26f",2006,"subj",174,4,4,TRUE
"WICR","Event","HumanObservation","Physaria filiformis","A_27d",2006,"subj",510,4,5,FALSE
"WICR","Event","HumanObservation","Physaria filiformis","A_28b",2006,"subj",13,2,2,TRUE
"WICR","Event","HumanObservation","Physaria filiformis","A_28d",2006,"subj",4,1,1,TRUE
"WICR","Event","HumanObservation","Physaria filiformis","A_29i",2006,"subj",337,4,4,TRUE
"WICR","Event","HumanObservation","Physaria filiformis","A_32b",2006,"subj",25,1,2,FALSE
"WICR","Event","HumanObservation","Physaria filiformis","A_32i",2006,"subj",343,4,4,TRUE
"WICR","Event","HumanObservation","Physaria filiformis","A_33a",2006,"subj",283,4,4,TRUE
"WICR","Event","HumanObservation","Physaria filiformis","A_34c",2006,"subj",23,2,2,TRUE
"WICR","Event","HumanObservation","Physaria filiformis","A_35f",2006,"subj",233,4,4,TRUE
"WICR","Event","HumanObservation","Physaria filiformis","A_38d",2006,"subj",9,1,1,TRUE
"WICR","Event","HumanObservation","Physaria filiformis","A_39i",2006,"subj",186,3,4,FALSE
"WICR","Event","HumanObservation","Physaria filiformis","A_40h",2006,"subj",169,4,4,TRUE
"WICR","Event","HumanObservation","Physaria filiformis","A_41i",2006,"subj",61,3,3,TRUE
"WICR","Event","HumanObservation","Physaria filiformis","A_44a",2006,"subj",0,0,0,TRUE
"WICR","Event","HumanObservation","Physaria filiformis","A_44e",2006,"subj",0,0,0,TRUE
"WICR","Event","HumanObservation","Physaria filiformis","A_45g",2006,"subj",0,0,0,TRUE
"WICR","Event","HumanObservation","Physaria filiformis","A_46c",2006,"subj",23,0,2,FALSE
"WICR","Event","HumanObservation","Physaria filiformis","A_46h",2006,"subj",26,1,2,FALSE
"WICR","Event","HumanObservation","Physaria filiformis","A_47b",2006,"subj",131,3,4,FALSE
"WICR","Event","HumanObservation","Physaria filiformis","A_48e",2006,"subj",101,2,4,FALSE
"WICR","Event","HumanObservation","Physaria filiformis","A_50i",2006,"subj",108,3,4,FALSE
"WICR","Event","HumanObservation","Physaria filiformis","A_51a",2006,"subj",0,0,0,TRUE
"WICR","Event","HumanObservation","Physaria filiformis","A_51h",2006,"subj",47,2,2,TRUE
"WICR","Event","HumanObservation","Physaria filiformis","A_52i",2006,"subj",152,3,4,FALSE
"WICR","Event","HumanObservation","Physaria filiformis","A_53a",2006,"subj",18,2,2,TRUE
"WICR","Event","HumanObservation","Physaria filiformis","A_54f",2006,"subj",100,2,4,FALSE
"WICR","Event","HumanObservation","Physaria filiformis","A_54g",2006,"subj",98,3,3,TRUE
"WICR","Event","HumanObservation","Physaria filiformis","A_57b",2006,"subj",31,1,2,FALSE
"WICR","Event","HumanObservation","Physaria filiformis","A_58b",2006,"subj",28,1,2,FALSE
"WICR","Event","HumanObservation","Physaria filiformis","A_59d",2006,"subj",90,3,3,TRUE
"WICR","Event","HumanObservation","Physaria filiformis","A_60h",2006,"subj",18,2,2,TRUE
"WICR","Event","HumanObservation","Physaria filiformis","A_61d",2006,"subj",118,3,4,FALSE
"WICR","Event","HumanObservation","Physaria filiformis","A_64c",2006,"subj",0,0,0,TRUE
"WICR","Event","HumanObservation","Physaria filiformis","A_65c",2006,"subj",325,3,4,FALSE
"WICR","Event","HumanObservation","Physaria filiformis","A_65e",2006,"subj",5,1,1,TRUE
"WICR","Event","HumanObservation","Physaria filiformis","A_66b",2006,"subj",94,3,3,TRUE
"WICR","Event","HumanObservation","Physaria filiformis","A_67f",2006,"subj",8,1,1,TRUE
"WICR","Event","HumanObservation","Physaria filiformis","A_68g",2006,"subj",0,0,0,TRUE
"WICR","Event","HumanObservation","Physaria filiformis","A_72h",2006,"subj",391,4,4,TRUE
"WICR","Event","HumanObservation","Physaria filiformis","A_73e",2006,"subj",114,3,4,FALSE
"WICR","Event","HumanObservation","Physaria filiformis","A_74a",2006,"subj",506,4,5,FALSE
"WICR","Event","HumanObservation","Physaria filiformis","A_75i",2006,"subj",2,0,1,FALSE
"WICR","Event","HumanObservation","Physaria filiformis","A_76c",2006,"subj",6,1,1,TRUE
"WICR","Event","HumanObservation","Physaria filiformis","A_80b",2006,"subj",668,4,5,FALSE
"WICR","Event","HumanObservation","Physaria filiformis","A_81b",2006,"subj",67,2,3,FALSE
"WICR","Event","HumanObservation","Physaria filiformis","A_82b",2006,"subj",2,1,1,TRUE
"WICR","Event","HumanObservation","Physaria filiformis","A_83g",2006,"subj",0,0,0,TRUE
"WICR","Event","HumanObservation","Physaria filiformis","A_84d",2006,"subj",117,3,4,FALSE
"WICR","Event","HumanObservation","Physaria filiformis","A_89c",2006,"subj",50,2,3,FALSE
"WICR","Event","HumanObservation","Physaria filiformis","A_90f",2006,"subj",0,0,0,TRUE
"WICR","Event","HumanObservation","Physaria filiformis","A_91d",2006,"subj",47,1,2,FALSE
"WICR","Event","HumanObservation","Physaria filiformis","A_92a",2006,"subj",65,3,3,TRUE
"WICR","Event","HumanObservation","Physaria filiformis","A_11d",2007,"srs",3,1,1,TRUE
"WICR","Event","HumanObservation","Physaria filiformis","A_11e",2007,"srs",0,0,0,TRUE
"WICR","Event","HumanObservation","Physaria filiformis","A_11h",2007,"srs",5,1,1,TRUE
"WICR","Event","HumanObservation","Physaria filiformis","A_16b",2007,"srs",96,2,3,FALSE
"WICR","Event","HumanObservation","Physaria filiformis","A_16d",2007,"srs",101,3,4,FALSE
"WICR","Event","HumanObservation","Physaria filiformis","A_17g",2007,"srs",0,0,0,TRUE
"WICR","Event","HumanObservation","Physaria filiformis","A_17i",2007,"srs",0,0,0,TRUE
"WICR","Event","HumanObservation","Physaria filiformis","A_21f",2007,"srs",0,0,0,TRUE
"WICR","Event","HumanObservation","Physaria filiformis","A_23h",2007,"srs",0,0,0,TRUE
"WICR","Event","HumanObservation","Physaria filiformis","A_26c",2007,"srs",4,0,1,FALSE
"WICR","Event","HumanObservation","Physaria filiformis","A_27c",2007,"srs",4,1,1,TRUE
"WICR","Event","HumanObservation","Physaria filiformis","A_28a",2007,"srs",5,1,1,TRUE
"WICR","Event","HumanObservation","Physaria filiformis","A_28i",2007,"srs",19,1,2,FALSE
"WICR","Event","HumanObservation","Physaria filiformis","A_34d",2007,"srs",10,1,2,FALSE
"WICR","Event","HumanObservation","Physaria filiformis","A_34f",2007,"srs",11,1,2,FALSE
"WICR","Event","HumanObservation","Physaria filiformis","A_38a",2007,"srs",11,1,2,FALSE
"WICR","Event","HumanObservation","Physaria filiformis","A_39c",2007,"srs",3,1,1,TRUE
"WICR","Event","HumanObservation","Physaria filiformis","A_39i",2007,"srs",586,4,5,FALSE
"WICR","Event","HumanObservation","Physaria filiformis","A_40i",2007,"srs",24,1,2,FALSE
"WICR","Event","HumanObservation","Physaria filiformis","A_44e",2007,"srs",0,0,0,TRUE
"WICR","Event","HumanObservation","Physaria filiformis","A_44g",2007,"srs",0,0,0,TRUE
"WICR","Event","HumanObservation","Physaria filiformis","A_45e",2007,"srs",0,0,0,TRUE
"WICR","Event","HumanObservation","Physaria filiformis","A_45f",2007,"srs",0,0,0,TRUE
"WICR","Event","HumanObservation","Physaria filiformis","A_46f",2007,"srs",46,2,2,TRUE
"WICR","Event","HumanObservation","Physaria filiformis","A_46h",2007,"srs",8,2,1,FALSE
"WICR","Event","HumanObservation","Physaria filiformis","A_47b",2007,"srs",78,2,3,FALSE
"WICR","Event","HumanObservation","Physaria filiformis","A_47e",2007,"srs",44,2,2,TRUE
"WICR","Event","HumanObservation","Physaria filiformis","A_48a",2007,"srs",68,2,3,FALSE
"WICR","Event","HumanObservation","Physaria filiformis","A_50d",2007,"srs",0,0,0,TRUE
"WICR","Event","HumanObservation","Physaria filiformis","A_51a",2007,"srs",0,0,0,TRUE
"WICR","Event","HumanObservation","Physaria filiformis","A_51d",2007,"srs",1,1,1,TRUE
"WICR","Event","HumanObservation","Physaria filiformis","A_52g",2007,"srs",8,1,1,TRUE
"WICR","Event","HumanObservation","Physaria filiformis","A_53d",2007,"srs",7,0,1,FALSE
"WICR","Event","HumanObservation","Physaria filiformis","A_53h",2007,"srs",33,2,2,TRUE
"WICR","Event","HumanObservation","Physaria filiformis","A_57a",2007,"srs",0,0,0,TRUE
"WICR","Event","HumanObservation","Physaria filiformis","A_57b",2007,"subj",96,3,3,TRUE
"WICR","Event","HumanObservation","Physaria filiformis","A_58g",2007,"srs",0,0,0,TRUE
"WICR","Event","HumanObservation","Physaria filiformis","A_60c",2007,"srs",80,2,3,FALSE
"WICR","Event","HumanObservation","Physaria filiformis","A_61h",2007,"subj",303,4,4,TRUE
"WICR","Event","HumanObservation","Physaria filiformis","A_64g",2007,"subj",55,3,3,TRUE
"WICR","Event","HumanObservation","Physaria filiformis","A_64i",2007,"srs",168,4,4,TRUE
"WICR","Event","HumanObservation","Physaria filiformis","A_66a",2007,"srs",67,2,3,FALSE
"WICR","Event","HumanObservation","Physaria filiformis","A_66d",2007,"srs",79,2,3,FALSE
"WICR","Event","HumanObservation","Physaria filiformis","A_66i",2007,"srs",4,1,1,TRUE
"WICR","Event","HumanObservation","Physaria filiformis","A_67f",2007,"srs",6,0,1,FALSE
"WICR","Event","HumanObservation","Physaria filiformis","A_68a",2007,"subj",156,3,4,FALSE
"WICR","Event","HumanObservation","Physaria filiformis","A_68d",2007,"srs",6,1,1,TRUE
"WICR","Event","HumanObservation","Physaria filiformis","A_72a",2007,"subj",387,4,4,TRUE
"WICR","Event","HumanObservation","Physaria filiformis","A_72c",2007,"srs",303,4,4,TRUE
"WICR","Event","HumanObservation","Physaria filiformis","A_72e",2007,"srs",407,4,4,TRUE
"WICR","Event","HumanObservation","Physaria filiformis","A_73a",2007,"subj",199,4,4,TRUE
"WICR","Event","HumanObservation","Physaria filiformis","A_73b",2007,"srs",9,1,1,TRUE
"WICR","Event","HumanObservation","Physaria filiformis","A_73g",2007,"subj",212,3,4,FALSE
"WICR","Event","HumanObservation","Physaria filiformis","A_73i",2007,"srs",27,2,2,TRUE
"WICR","Event","HumanObservation","Physaria filiformis","A_74a",2007,"srs",57,3,3,TRUE
"WICR","Event","HumanObservation","Physaria filiformis","A_74g",2007,"srs",34,2,2,TRUE
"WICR","Event","HumanObservation","Physaria filiformis","A_75a",2007,"srs",6,1,1,TRUE
"WICR","Event","HumanObservation","Physaria filiformis","A_75b",2007,"srs",50,2,3,FALSE
"WICR","Event","HumanObservation","Physaria filiformis","A_75i",2007,"srs",7,1,1,TRUE
"WICR","Event","HumanObservation","Physaria filiformis","A_76b",2007,"srs",0,0,0,TRUE
"WICR","Event","HumanObservation","Physaria filiformis","A_80b",2007,"subj",709,5,5,TRUE
"WICR","Event","HumanObservation","Physaria filiformis","A_80e",2007,"subj",641,5,5,TRUE
"WICR","Event","HumanObservation","Physaria filiformis","A_80f",2007,"srs",635,4,5,FALSE
"WICR","Event","HumanObservation","Physaria filiformis","A_80h",2007,"srs",220,4,4,TRUE
"WICR","Event","HumanObservation","Physaria filiformis","A_80i",2007,"subj",664,4,5,FALSE
"WICR","Event","HumanObservation","Physaria filiformis","A_81e",2007,"subj",126,3,4,FALSE
"WICR","Event","HumanObservation","Physaria filiformis","A_81h",2007,"srs",84,3,3,TRUE
"WICR","Event","HumanObservation","Physaria filiformis","A_82i",2007,"subj",94,3,3,TRUE
"WICR","Event","HumanObservation","Physaria filiformis","A_83d",2007,"srs",0,0,0,TRUE
"WICR","Event","HumanObservation","Physaria filiformis","A_83e",2007,"srs",0,0,0,TRUE
"WICR","Event","HumanObservation","Physaria filiformis","A_89f",2007,"subj",250,3,4,FALSE
"WICR","Event","HumanObservation","Physaria filiformis","A_90h",2007,"srs",15,1,2,FALSE
"WICR","Event","HumanObservation","Physaria filiformis","A_92i",2007,"srs",10,1,2,FALSE
"WICR","Event","HumanObservation","Physaria filiformis","A_10f",2008,"srs",8,1,1,TRUE
"WICR","Event","HumanObservation","Physaria filiformis","A_11a",2008,"srs",2,0,1,FALSE
"WICR","Event","HumanObservation","Physaria filiformis","A_11e",2008,"srs",1,1,1,TRUE
"WICR","Event","HumanObservation","Physaria filiformis","A_16c",2008,"srs",2,1,1,TRUE
"WICR","Event","HumanObservation","Physaria filiformis","A_16f",2008,"srs",0,1,0,FALSE
"WICR","Event","HumanObservation","Physaria filiformis","A_21i",2008,"srs",1,1,1,TRUE
"WICR","Event","HumanObservation","Physaria filiformis","A_26e",2008,"srs",122,3,4,FALSE
"WICR","Event","HumanObservation","Physaria filiformis","A_27g",2008,"srs",11,1,2,FALSE
"WICR","Event","HumanObservation","Physaria filiformis","A_29e",2008,"srs",0,0,0,TRUE
"WICR","Event","HumanObservation","Physaria filiformis","A_32f",2008,"srs",17,1,2,FALSE
"WICR","Event","HumanObservation","Physaria filiformis","A_32g",2008,"srs",3,0,1,FALSE
"WICR","Event","HumanObservation","Physaria filiformis","A_34d",2008,"srs",12,1,2,FALSE
"WICR","Event","HumanObservation","Physaria filiformis","A_35c",2008,"srs",2,1,1,TRUE
"WICR","Event","HumanObservation","Physaria filiformis","A_35e",2008,"srs",1,0,1,FALSE
"WICR","Event","HumanObservation","Physaria filiformis","A_35g",2008,"srs",0,0,0,TRUE
"WICR","Event","HumanObservation","Physaria filiformis","A_38h",2008,"srs",10,1,2,FALSE
"WICR","Event","HumanObservation","Physaria filiformis","A_38i",2008,"srs",8,1,1,TRUE
"WICR","Event","HumanObservation","Physaria filiformis","A_39h",2008,"srs",0,1,0,FALSE
"WICR","Event","HumanObservation","Physaria filiformis","A_44c",2008,"srs",0,0,0,TRUE
"WICR","Event","HumanObservation","Physaria filiformis","A_44i",2008,"srs",0,0,0,TRUE
"WICR","Event","HumanObservation","Physaria filiformis","A_45e",2008,"srs",0,0,0,TRUE
"WICR","Event","HumanObservation","Physaria filiformis","A_46f",2008,"srs",18,2,2,TRUE
"WICR","Event","HumanObservation","Physaria filiformis","A_46i",2008,"srs",46,2,2,TRUE
"WICR","Event","HumanObservation","Physaria filiformis","A_47g",2008,"srs",0,0,0,TRUE
"WICR","Event","HumanObservation","Physaria filiformis","A_48e",2008,"srs",2,1,1,TRUE
"WICR","Event","HumanObservation","Physaria filiformis","A_52g",2008,"srs",23,2,2,TRUE
"WICR","Event","HumanObservation","Physaria filiformis","A_54a",2008,"srs",0,0,0,TRUE
"WICR","Event","HumanObservation","Physaria filiformis","A_54b",2008,"srs",1,0,1,FALSE
"WICR","Event","HumanObservation","Physaria filiformis","A_54g",2008,"srs",0,0,0,TRUE
"WICR","Event","HumanObservation","Physaria filiformis","A_57e",2008,"srs",27,2,2,TRUE
"WICR","Event","HumanObservation","Physaria filiformis","A_58a",2008,"srs",35,2,2,TRUE
"WICR","Event","HumanObservation","Physaria filiformis","A_60e",2008,"srs",2,1,1,TRUE
"WICR","Event","HumanObservation","Physaria filiformis","A_61d",2008,"srs",1,1,1,TRUE
"WICR","Event","HumanObservation","Physaria filiformis","A_61f",2008,"srs",0,0,0,TRUE
"WICR","Event","HumanObservation","Physaria filiformis","A_61i",2008,"srs",0,1,0,FALSE
"WICR","Event","HumanObservation","Physaria filiformis","A_64c",2008,"srs",2,1,1,TRUE
"WICR","Event","HumanObservation","Physaria filiformis","A_64e",2008,"srs",2,0,1,FALSE
"WICR","Event","HumanObservation","Physaria filiformis","A_64g",2008,"srs",46,2,2,TRUE
"WICR","Event","HumanObservation","Physaria filiformis","A_65g",2008,"srs",10,2,2,TRUE
"WICR","Event","HumanObservation","Physaria filiformis","A_66b",2008,"srs",7,2,1,FALSE
"WICR","Event","HumanObservation","Physaria filiformis","A_67c",2008,"srs",0,0,0,TRUE
"WICR","Event","HumanObservation","Physaria filiformis","A_67f",2008,"srs",1,0,1,FALSE
"WICR","Event","HumanObservation","Physaria filiformis","A_67g",2008,"srs",1,0,1,FALSE
"WICR","Event","HumanObservation","Physaria filiformis","A_68a",2008,"srs",0,0,0,TRUE
"WICR","Event","HumanObservation","Physaria filiformis","A_72h",2008,"srs",11,2,2,TRUE
"WICR","Event","HumanObservation","Physaria filiformis","A_73e",2008,"srs",1,1,1,TRUE
"WICR","Event","HumanObservation","Physaria filiformis","A_74h",2008,"srs",1,1,1,TRUE
"WICR","Event","HumanObservation","Physaria filiformis","A_80g",2008,"srs",0,0,0,TRUE
"WICR","Event","HumanObservation","Physaria filiformis","A_80i",2008,"srs",7,1,1,TRUE
"WICR","Event","HumanObservation","Physaria filiformis","A_81a",2008,"srs",0,0,0,TRUE
"WICR","Event","HumanObservation","Physaria filiformis","A_81d",2008,"srs",3,1,1,TRUE
"WICR","Event","HumanObservation","Physaria filiformis","A_82g",2008,"srs",22,1,2,FALSE
"WICR","Event","HumanObservation","Physaria filiformis","A_83e",2008,"srs",0,0,0,TRUE
"WICR","Event","HumanObservation","Physaria filiformis","A_83i",2008,"srs",0,0,0,TRUE
"WICR","Event","HumanObservation","Physaria filiformis","A_84a",2008,"srs",5,1,1,TRUE
"WICR","Event","HumanObservation","Physaria filiformis","A_89g",2008,"srs",23,1,2,FALSE
"WICR","Event","HumanObservation","Physaria filiformis","A_90a",2008,"srs",2,1,1,TRUE
"WICR","Event","HumanObservation","Physaria filiformis","A_91d",2008,"srs",7,1,1,TRUE
"WICR","Event","HumanObservation","Physaria filiformis","A_92c",2008,"srs",0,0,0,TRUE
"WICR","Event","HumanObservation","Physaria filiformis","A_92d",2008,"srs",6,0,1,FALSE
"WICR","Event","HumanObservation","Physaria filiformis","A_10f",2009,"srs",6,0,1,FALSE
"WICR","Event","HumanObservation","Physaria filiformis","A_11e",2009,"srs",0,0,0,TRUE
"WICR","Event","HumanObservation","Physaria filiformis","A_16b",2009,"srs",1,0,1,FALSE
"WICR","Event","HumanObservation","Physaria filiformis","A_21e",2009,"srs",6,1,1,TRUE
"WICR","Event","HumanObservation","Physaria filiformis","A_23d",2009,"srs",1,1,1,TRUE
"WICR","Event","HumanObservation","Physaria filiformis","A_23g",2009,"srs",1,0,1,FALSE
"WICR","Event","HumanObservation","Physaria filiformis","A_26h",2009,"srs",4,1,1,TRUE
"WICR","Event","HumanObservation","Physaria filiformis","A_27b",2009,"srs",3,1,1,TRUE
"WICR","Event","HumanObservation","Physaria filiformis","A_27g",2009,"srs",8,1,1,TRUE
"WICR","Event","HumanObservation","Physaria filiformis","A_27i",2009,"srs",0,0,0,TRUE
"WICR","Event","HumanObservation","Physaria filiformis","A_28a",2009,"srs",0,0,0,TRUE
"WICR","Event","HumanObservation","Physaria filiformis","A_28c",2009,"srs",1,0,1,FALSE
"WICR","Event","HumanObservation","Physaria filiformis","A_29a",2009,"srs",0,0,0,TRUE
"WICR","Event","HumanObservation","Physaria filiformis","A_32c",2009,"srs",25,2,2,TRUE
"WICR","Event","HumanObservation","Physaria filiformis","A_32e",2009,"srs",7,1,1,TRUE
"WICR","Event","HumanObservation","Physaria filiformis","A_32i",2009,"srs",4,1,1,TRUE
"WICR","Event","HumanObservation","Physaria filiformis","A_33a",2009,"srs",12,2,2,TRUE
"WICR","Event","HumanObservation","Physaria filiformis","A_33b",2009,"srs",3,1,1,TRUE
"WICR","Event","HumanObservation","Physaria filiformis","A_33c",2009,"srs",0,0,0,TRUE
"WICR","Event","HumanObservation","Physaria filiformis","A_33i",2009,"srs",0,0,0,TRUE
"WICR","Event","HumanObservation","Physaria filiformis","A_34a",2009,"srs",1,0,1,FALSE
"WICR","Event","HumanObservation","Physaria filiformis","A_35f",2009,"srs",2,0,1,FALSE
"WICR","Event","HumanObservation","Physaria filiformis","A_35g",2009,"srs",0,0,0,TRUE
"WICR","Event","HumanObservation","Physaria filiformis","A_38e",2009,"srs",26,2,2,TRUE
"WICR","Event","HumanObservation","Physaria filiformis","A_38i",2009,"srs",0,0,0,TRUE
"WICR","Event","HumanObservation","Physaria filiformis","A_39h",2009,"srs",1,0,1,FALSE
"WICR","Event","HumanObservation","Physaria filiformis","A_39i",2009,"srs",48,2,2,TRUE
"WICR","Event","HumanObservation","Physaria filiformis","A_40h",2009,"srs",37,2,2,TRUE
"WICR","Event","HumanObservation","Physaria filiformis","A_44a",2009,"srs",0,0,0,TRUE
"WICR","Event","HumanObservation","Physaria filiformis","A_45c",2009,"srs",1,0,1,FALSE
"WICR","Event","HumanObservation","Physaria filiformis","A_45f",2009,"srs",0,0,0,TRUE
"WICR","Event","HumanObservation","Physaria filiformis","A_46g",2009,"srs",0,0,0,TRUE
"WICR","Event","HumanObservation","Physaria filiformis","A_48b",2009,"srs",5,1,1,TRUE
"WICR","Event","HumanObservation","Physaria filiformis","A_48c",2009,"srs",0,0,0,TRUE
"WICR","Event","HumanObservation","Physaria filiformis","A_48d",2009,"srs",12,0,2,FALSE
"WICR","Event","HumanObservation","Physaria filiformis","A_48f",2009,"srs",0,0,0,TRUE
"WICR","Event","HumanObservation","Physaria filiformis","A_50d",2009,"srs",0,0,0,TRUE
"WICR","Event","HumanObservation","Physaria filiformis","A_51h",2009,"srs",7,1,1,TRUE
"WICR","Event","HumanObservation","Physaria filiformis","A_52c",2009,"srs",1,1,1,TRUE
"WICR","Event","HumanObservation","Physaria filiformis","A_57c",2009,"srs",11,1,2,FALSE
"WICR","Event","HumanObservation","Physaria filiformis","A_59f",2009,"srs",2,1,1,TRUE
"WICR","Event","HumanObservation","Physaria filiformis","A_60b",2009,"srs",3,0,1,FALSE
"WICR","Event","HumanObservation","Physaria filiformis","A_61c",2009,"srs",0,0,0,TRUE
"WICR","Event","HumanObservation","Physaria filiformis","A_64g",2009,"srs",12,1,2,FALSE
"WICR","Event","HumanObservation","Physaria filiformis","A_65f",2009,"srs",0,0,0,TRUE
"WICR","Event","HumanObservation","Physaria filiformis","A_65h",2009,"srs",3,1,1,TRUE
"WICR","Event","HumanObservation","Physaria filiformis","A_66c",2009,"srs",6,1,1,TRUE
"WICR","Event","HumanObservation","Physaria filiformis","A_72a",2009,"srs",2,0,1,FALSE
"WICR","Event","HumanObservation","Physaria filiformis","A_72b",2009,"srs",5,1,1,TRUE
"WICR","Event","HumanObservation","Physaria filiformis","A_75e",2009,"srs",3,1,1,TRUE
"WICR","Event","HumanObservation","Physaria filiformis","A_81e",2009,"srs",13,1,2,FALSE
"WICR","Event","HumanObservation","Physaria filiformis","A_82d",2009,"srs",25,2,2,TRUE
"WICR","Event","HumanObservation","Physaria filiformis","A_82g",2009,"srs",4,1,1,TRUE
"WICR","Event","HumanObservation","Physaria filiformis","A_83f",2009,"srs",0,0,0,TRUE
"WICR","Event","HumanObservation","Physaria filiformis","A_83i",2009,"srs",0,0,0,TRUE
"WICR","Event","HumanObservation","Physaria filiformis","A_84d",2009,"srs",9,1,1,TRUE
"WICR","Event","HumanObservation","Physaria filiformis","A_89a",2009,"srs",18,1,2,FALSE
"WICR","Event","HumanObservation","Physaria filiformis","A_89e",2009,"srs",7,2,1,FALSE
"WICR","Event","HumanObservation","Physaria filiformis","A_91b",2009,"srs",2,1,1,TRUE
"WICR","Event","HumanObservation","Physaria filiformis","A_91d",2009,"srs",67,2,3,FALSE
"WICR","Event","HumanObservation","Physaria filiformis","A_23e",2010,"strat",0,0,0,TRUE
"WICR","Event","HumanObservation","Physaria filiformis","A_27f",2010,"strat",0,1,0,FALSE
"WICR","Event","HumanObservation","Physaria filiformis","A_33e",2010,"strat",0,0,0,TRUE
"WICR","Event","HumanObservation","Physaria filiformis","A_33i",2010,"strat",0,0,0,TRUE
"WICR","Event","HumanObservation","Physaria filiformis","A_34a",2010,"strat",1,1,1,TRUE
"WICR","Event","HumanObservation","Physaria filiformis","A_40h",2010,"strat",13,2,2,TRUE
"WICR","Event","HumanObservation","Physaria filiformis","A_46i",2010,"strat",10,2,2,TRUE
"WICR","Event","HumanObservation","Physaria filiformis","A_47e",2010,"strat",0,0,0,TRUE
"WICR","Event","HumanObservation","Physaria filiformis","A_50b",2010,"strat",0,0,0,TRUE
"WICR","Event","HumanObservation","Physaria filiformis","A_57f",2010,"strat",2,1,1,TRUE
"WICR","Event","HumanObservation","Physaria filiformis","A_60d",2010,"strat",1,1,1,TRUE
"WICR","Event","HumanObservation","Physaria filiformis","A_61h",2010,"strat",3,1,1,TRUE
"WICR","Event","HumanObservation","Physaria filiformis","A_66g",2010,"strat",12,2,2,TRUE
"WICR","Event","HumanObservation","Physaria filiformis","A_68f",2010,"strat",0,1,0,FALSE
"WICR","Event","HumanObservation","Physaria filiformis","A_75i",2010,"strat",0,0,0,TRUE
"WICR","Event","HumanObservation","Physaria filiformis","A_76b",2010,"strat",0,0,0,TRUE
"WICR","Event","HumanObservation","Physaria filiformis","A_76g",2010,"strat",3,1,1,TRUE
"WICR","Event","HumanObservation","Physaria filiformis","A_81c",2010,"strat",5,1,1,TRUE
"WICR","Event","HumanObservation","Physaria filiformis","A_83d",2010,"strat",0,0,0,TRUE
"WICR","Event","HumanObservation","Physaria filiformis","A_90f",2010,"strat",0,0,0,TRUE
"WICR","Event","HumanObservation","Physaria filiformis","A_90g",2010,"strat",0,0,0,TRUE
"WICR","Event","HumanObservation","Physaria filiformis","A_91d",2010,"strat",4,1,1,TRUE
"WICR","Event","HumanObservation","Physaria filiformis","A_92f",2010,"strat",1,1,1,TRUE
"WICR","Event","HumanObservation","Physaria filiformis","A_11a",2011,"srs",49,2,2,TRUE
"WICR","Event","HumanObservation","Physaria filiformis","A_11c",2011,"srs",1,0,1,FALSE
"WICR","Event","HumanObservation","Physaria filiformis","A_11f",2011,"srs",0,0,0,TRUE
"WICR","Event","HumanObservation","Physaria filiformis","A_16c",2011,"srs",119,2,4,FALSE
"WICR","Event","HumanObservation","Physaria filiformis","A_16i",2011,"srs",79,2,3,FALSE
"WICR","Event","HumanObservation","Physaria filiformis","A_17d",2011,"srs",1,0,1,FALSE
"WICR","Event","HumanObservation","Physaria filiformis","A_17h",2011,"srs",60,2,3,FALSE
"WICR","Event","HumanObservation","Physaria filiformis","A_21a",2011,"srs",15,1,2,FALSE
"WICR","Event","HumanObservation","Physaria filiformis","A_21c",2011,"srs",107,2,4,FALSE
"WICR","Event","HumanObservation","Physaria filiformis","A_21e",2011,"srs",142,2,4,FALSE
"WICR","Event","HumanObservation","Physaria filiformis","A_21g",2011,"srs",0,0,0,TRUE
"WICR","Event","HumanObservation","Physaria filiformis","A_22b",2011,"srs",224,3,4,FALSE
"WICR","Event","HumanObservation","Physaria filiformis","A_26h",2011,"srs",147,2,4,FALSE
"WICR","Event","HumanObservation","Physaria filiformis","A_26i",2011,"srs",22,1,2,FALSE
"WICR","Event","HumanObservation","Physaria filiformis","A_27g",2011,"srs",301,3,4,FALSE
"WICR","Event","HumanObservation","Physaria filiformis","A_28g",2011,"srs",32,2,2,TRUE
"WICR","Event","HumanObservation","Physaria filiformis","A_29a",2011,"srs",12,1,2,FALSE
"WICR","Event","HumanObservation","Physaria filiformis","A_29d",2011,"srs",0,0,0,TRUE
"WICR","Event","HumanObservation","Physaria filiformis","A_29f",2011,"srs",607,3,5,FALSE
"WICR","Event","HumanObservation","Physaria filiformis","A_32d",2011,"srs",8,1,1,TRUE
"WICR","Event","HumanObservation","Physaria filiformis","A_33f",2011,"srs",32,2,2,TRUE
"WICR","Event","HumanObservation","Physaria filiformis","A_34h",2011,"srs",5,1,1,TRUE
"WICR","Event","HumanObservation","Physaria filiformis","A_35c",2011,"srs",163,2,4,FALSE
"WICR","Event","HumanObservation","Physaria filiformis","A_38e",2011,"srs",502,3,5,FALSE
"WICR","Event","HumanObservation","Physaria filiformis","A_39a",2011,"srs",11,1,2,FALSE
"WICR","Event","HumanObservation","Physaria filiformis","A_40b",2011,"srs",0,0,0,TRUE
"WICR","Event","HumanObservation","Physaria filiformis","A_40c",2011,"srs",1,1,1,TRUE
"WICR","Event","HumanObservation","Physaria filiformis","A_44h",2011,"srs",0,0,0,TRUE
"WICR","Event","HumanObservation","Physaria filiformis","A_45f",2011,"srs",0,0,0,TRUE
"WICR","Event","HumanObservation","Physaria filiformis","A_46b",2011,"srs",165,3,4,FALSE
"WICR","Event","HumanObservation","Physaria filiformis","A_46g",2011,"srs",0,0,0,TRUE
"WICR","Event","HumanObservation","Physaria filiformis","A_48f",2011,"srs",0,0,0,TRUE
"WICR","Event","HumanObservation","Physaria filiformis","A_50i",2011,"subj",965,5,5,TRUE
"WICR","Event","HumanObservation","Physaria filiformis","A_52a",2011,"srs",100,3,4,FALSE
"WICR","Event","HumanObservation","Physaria filiformis","A_52f",2011,"srs",0,1,0,FALSE
"WICR","Event","HumanObservation","Physaria filiformis","A_53d",2011,"srs",81,2,3,FALSE
"WICR","Event","HumanObservation","Physaria filiformis","A_54g",2011,"srs",118,2,4,FALSE
"WICR","Event","HumanObservation","Physaria filiformis","A_57h",2011,"srs",129,3,4,FALSE
"WICR","Event","HumanObservation","Physaria filiformis","A_58d",2011,"srs",20,2,2,TRUE
"WICR","Event","HumanObservation","Physaria filiformis","A_58g",2011,"srs",0,1,0,FALSE
"WICR","Event","HumanObservation","Physaria filiformis","A_59a",2011,"srs",890,4,5,FALSE
"WICR","Event","HumanObservation","Physaria filiformis","A_59c",2011,"srs",355,4,4,TRUE
"WICR","Event","HumanObservation","Physaria filiformis","A_60b",2011,"srs",671,4,5,FALSE
"WICR","Event","HumanObservation","Physaria filiformis","A_64f",2011,"srs",17,2,2,TRUE
"WICR","Event","HumanObservation","Physaria filiformis","A_65a",2011,"srs",13,2,2,TRUE
"WICR","Event","HumanObservation","Physaria filiformis","A_65b",2011,"srs",0,0,0,TRUE
"WICR","Event","HumanObservation","Physaria filiformis","A_66a",2011,"srs",92,2,3,FALSE
"WICR","Event","HumanObservation","Physaria filiformis","A_67b",2011,"srs",341,3,4,FALSE
"WICR","Event","HumanObservation","Physaria filiformis","A_68h",2011,"srs",262,2,4,FALSE
"WICR","Event","HumanObservation","Physaria filiformis","A_72e",2011,"subj",937,5,5,TRUE
"WICR","Event","HumanObservation","Physaria filiformis","A_73c",2011,"subj",571,4,5,FALSE
"WICR","Event","HumanObservation","Physaria filiformis","A_73g",2011,"subj",590,5,5,TRUE
"WICR","Event","HumanObservation","Physaria filiformis","A_74g",2011,"srs",771,4,5,FALSE
"WICR","Event","HumanObservation","Physaria filiformis","A_75d",2011,"srs",302,3,4,FALSE
"WICR","Event","HumanObservation","Physaria filiformis","A_76g",2011,"srs",270,3,4,FALSE
"WICR","Event","HumanObservation","Physaria filiformis","A_80h",2011,"srs",49,2,2,TRUE
"WICR","Event","HumanObservation","Physaria filiformis","A_81a",2011,"subj",522,4,5,FALSE
"WICR","Event","HumanObservation","Physaria filiformis","A_82d",2011,"srs",1299,5,6,FALSE
"WICR","Event","HumanObservation","Physaria filiformis","A_83c",2011,"srs",55,3,3,TRUE
"WICR","Event","HumanObservation","Physaria filiformis","A_89a",2011,"subj",1192,5,6,FALSE
"WICR","Event","HumanObservation","Physaria filiformis","A_89b",2011,"srs",799,5,5,TRUE
"WICR","Event","HumanObservation","Physaria filiformis","A_89e",2011,"srs",91,3,3,TRUE
"WICR","Event","HumanObservation","Physaria filiformis","A_90g",2011,"srs",51,2,3,FALSE
"WICR","Event","HumanObservation","Physaria filiformis","A_91d",2011,"subj",1268,4,6,FALSE
"WICR","Event","HumanObservation","Physaria filiformis","A_91f",2011,"subj",998,5,5,TRUE
"WICR","Event","HumanObservation","Physaria filiformis","A_91g",2011,"srs",307,4,4,TRUE
"WICR","Event","HumanObservation","Physaria filiformis","A_92b",2011,"subj",475,4,4,TRUE
"WICR","Event","HumanObservation","Physaria filiformis","A_92i",2011,"srs",151,2,4,FALSE
"WICR","Event","HumanObservation","Physaria filiformis","A_10c",2012,"srs",24,1,2,FALSE
"WICR","Event","HumanObservation","Physaria filiformis","A_10f",2012,"srs",145,2,4,FALSE
"WICR","Event","HumanObservation","Physaria filiformis","A_11d",2012,"srs",31,2,2,TRUE
"WICR","Event","HumanObservation","Physaria filiformis","A_11f",2012,"srs",0,0,0,TRUE
"WICR","Event","HumanObservation","Physaria filiformis","A_16c",2012,"srs",26,1,2,FALSE
"WICR","Event","HumanObservation","Physaria filiformis","A_22c",2012,"srs",67,2,3,FALSE
"WICR","Event","HumanObservation","Physaria filiformis","A_23e",2012,"srs",0,0,0,TRUE
"WICR","Event","HumanObservation","Physaria filiformis","A_23f",2012,"srs",1,1,1,TRUE
"WICR","Event","HumanObservation","Physaria filiformis","A_26h",2012,"srs",54,2,3,FALSE
"WICR","Event","HumanObservation","Physaria filiformis","A_27b",2012,"srs",247,4,4,TRUE
"WICR","Event","HumanObservation","Physaria filiformis","A_27h",2012,"srs",274,4,4,TRUE
"WICR","Event","HumanObservation","Physaria filiformis","A_27i",2012,"srs",12,2,2,TRUE
"WICR","Event","HumanObservation","Physaria filiformis","A_28a",2012,"srs",31,2,2,TRUE
"WICR","Event","HumanObservation","Physaria filiformis","A_29i",2012,"srs",290,3,4,FALSE
"WICR","Event","HumanObservation","Physaria filiformis","A_32h",2012,"srs",0,0,0,TRUE
"WICR","Event","HumanObservation","Physaria filiformis","A_34a",2012,"srs",4,1,1,TRUE
"WICR","Event","HumanObservation","Physaria filiformis","A_35d",2012,"srs",21,0,2,FALSE
"WICR","Event","HumanObservation","Physaria filiformis","A_39a",2012,"srs",14,0,2,FALSE
"WICR","Event","HumanObservation","Physaria filiformis","A_39d",2012,"srs",14,2,2,TRUE
"WICR","Event","HumanObservation","Physaria filiformis","A_39e",2012,"srs",106,3,4,FALSE
"WICR","Event","HumanObservation","Physaria filiformis","A_39g",2012,"srs",10,1,2,FALSE
"WICR","Event","HumanObservation","Physaria filiformis","A_40f",2012,"srs",0,0,0,TRUE
"WICR","Event","HumanObservation","Physaria filiformis","A_41a",2012,"srs",0,0,0,TRUE
"WICR","Event","HumanObservation","Physaria filiformis","A_41d",2012,"srs",0,0,0,TRUE
"WICR","Event","HumanObservation","Physaria filiformis","A_41f",2012,"srs",229,2,4,FALSE
"WICR","Event","HumanObservation","Physaria filiformis","A_44b",2012,"srs",0,0,0,TRUE
"WICR","Event","HumanObservation","Physaria filiformis","A_45e",2012,"srs",0,0,0,TRUE
"WICR","Event","HumanObservation","Physaria filiformis","A_46b",2012,"srs",152,3,4,FALSE
"WICR","Event","HumanObservation","Physaria filiformis","A_50f",2012,"srs",237,3,4,FALSE
"WICR","Event","HumanObservation","Physaria filiformis","A_52c",2012,"srs",2,1,1,TRUE
"WICR","Event","HumanObservation","Physaria filiformis","A_52g",2012,"srs",266,4,4,TRUE
"WICR","Event","HumanObservation","Physaria filiformis","A_53a",2012,"srs",23,1,2,FALSE
"WICR","Event","HumanObservation","Physaria filiformis","A_53c",2012,"srs",32,2,2,TRUE
"WICR","Event","HumanObservation","Physaria filiformis","A_53d",2012,"srs",78,2,3,FALSE
"WICR","Event","HumanObservation","Physaria filiformis","A_58b",2012,"srs",158,3,4,FALSE
"WICR","Event","HumanObservation","Physaria filiformis","A_59i",2012,"srs",560,4,5,FALSE
"WICR","Event","HumanObservation","Physaria filiformis","A_61f",2012,"srs",79,2,3,FALSE
"WICR","Event","HumanObservation","Physaria filiformis","A_61i",2012,"srs",128,3,4,FALSE
"WICR","Event","HumanObservation","Physaria filiformis","A_64f",2012,"srs",144,3,4,FALSE
"WICR","Event","HumanObservation","Physaria filiformis","A_65d",2012,"srs",6,1,1,TRUE
"WICR","Event","HumanObservation","Physaria filiformis","A_65e",2012,"srs",20,2,2,TRUE
"WICR","Event","HumanObservation","Physaria filiformis","A_66f",2012,"srs",492,4,4,TRUE
"WICR","Event","HumanObservation","Physaria filiformis","A_68c",2012,"srs",58,1,3,FALSE
"WICR","Event","HumanObservation","Physaria filiformis","A_68d",2012,"srs",5,1,1,TRUE
"WICR","Event","HumanObservation","Physaria filiformis","A_72i",2012,"srs",1664,4,6,FALSE
"WICR","Event","HumanObservation","Physaria filiformis","A_73e",2012,"srs",212,4,4,TRUE
"WICR","Event","HumanObservation","Physaria filiformis","A_74f",2012,"srs",1,1,1,TRUE
"WICR","Event","HumanObservation","Physaria filiformis","A_74i",2012,"srs",67,2,3,FALSE
"WICR","Event","HumanObservation","Physaria filiformis","A_80e",2012,"srs",538,4,5,FALSE
"WICR","Event","HumanObservation","Physaria filiformis","A_81a",2012,"srs",227,4,4,TRUE
"WICR","Event","HumanObservation","Physaria filiformis","A_81c",2012,"subj",1347,5,6,FALSE
"WICR","Event","HumanObservation","Physaria filiformis","A_82a",2012,"subj",1667,5,6,FALSE
"WICR","Event","HumanObservation","Physaria filiformis","A_82d",2012,"subj",1190,5,6,FALSE
"WICR","Event","HumanObservation","Physaria filiformis","A_82g",2012,"srs",84,2,3,FALSE
"WICR","Event","HumanObservation","Physaria filiformis","A_83h",2012,"srs",1,0,1,FALSE
"WICR","Event","HumanObservation","Physaria filiformis","A_84h",2012,"srs",0,2,0,FALSE
"WICR","Event","HumanObservation","Physaria filiformis","A_89e",2012,"srs",291,4,4,TRUE
"WICR","Event","HumanObservation","Physaria filiformis","A_90b",2012,"srs",93,3,3,TRUE
"WICR","Event","HumanObservation","Physaria filiformis","A_90c",2012,"srs",444,3,4,FALSE
"WICR","Event","HumanObservation","Physaria filiformis","A_91b",2012,"srs",68,2,3,FALSE
"WICR","Event","HumanObservation","Physaria filiformis","A_91d",2012,"srs",504,3,5,FALSE
"WICR","Event","HumanObservation","Physaria filiformis","A_92e",2012,"srs",284,3,4,FALSE
"WICR","Event","HumanObservation","Physaria filiformis","A_92i",2012,"srs",46,1,2,FALSE
"WICR","Event","HumanObservation","Physaria filiformis","A_10d",2013,"srs",0,0,0,TRUE
"WICR","Event","HumanObservation","Physaria filiformis","A_10e",2013,"srs",51,2,3,FALSE
"WICR","Event","HumanObservation","Physaria filiformis","A_10i",2013,"srs",142,4,4,TRUE
"WICR","Event","HumanObservation","Physaria filiformis","A_16d",2013,"srs",146,2,4,FALSE
"WICR","Event","HumanObservation","Physaria filiformis","A_21e",2013,"subj",169,3,4,FALSE
"WICR","Event","HumanObservation","Physaria filiformis","A_23e",2013,"srs",0,0,0,TRUE
"WICR","Event","HumanObservation","Physaria filiformis","A_23g",2013,"srs",158,3,4,FALSE
"WICR","Event","HumanObservation","Physaria filiformis","A_26b",2013,"srs",116,3,4,FALSE
"WICR","Event","HumanObservation","Physaria filiformis","A_26c",2013,"srs",28,2,2,TRUE
"WICR","Event","HumanObservation","Physaria filiformis","A_27b",2013,"srs",238,4,4,TRUE
"WICR","Event","HumanObservation","Physaria filiformis","A_27i",2013,"srs",35,2,2,TRUE
"WICR","Event","HumanObservation","Physaria filiformis","A_28g",2013,"srs",14,2,2,TRUE
"WICR","Event","HumanObservation","Physaria filiformis","A_29a",2013,"srs",1,1,1,TRUE
"WICR","Event","HumanObservation","Physaria filiformis","A_32d",2013,"srs",1,0,1,FALSE
"WICR","Event","HumanObservation","Physaria filiformis","A_32f",2013,"srs",399,3,4,FALSE
"WICR","Event","HumanObservation","Physaria filiformis","A_34g",2013,"srs",0,0,0,TRUE
"WICR","Event","HumanObservation","Physaria filiformis","A_38b",2013,"srs",0,0,0,TRUE
"WICR","Event","HumanObservation","Physaria filiformis","A_39e",2013,"srs",102,3,4,FALSE
"WICR","Event","HumanObservation","Physaria filiformis","A_40c",2013,"srs",0,0,0,TRUE
"WICR","Event","HumanObservation","Physaria filiformis","A_40i",2013,"srs",39,2,2,TRUE
"WICR","Event","HumanObservation","Physaria filiformis","A_41d",2013,"srs",0,0,0,TRUE
"WICR","Event","HumanObservation","Physaria filiformis","A_45a",2013,"srs",0,0,0,TRUE
"WICR","Event","HumanObservation","Physaria filiformis","A_45c",2013,"srs",33,2,2,TRUE
"WICR","Event","HumanObservation","Physaria filiformis","A_45g",2013,"srs",0,0,0,TRUE
"WICR","Event","HumanObservation","Physaria filiformis","A_50g",2013,"srs",0,0,0,TRUE
"WICR","Event","HumanObservation","Physaria filiformis","A_52a",2013,"subj",8,1,1,TRUE
"WICR","Event","HumanObservation","Physaria filiformis","A_52e",2013,"srs",0,0,0,TRUE
"WICR","Event","HumanObservation","Physaria filiformis","A_52g",2013,"srs",174,4,4,TRUE
"WICR","Event","HumanObservation","Physaria filiformis","A_57b",2013,"srs",314,4,4,TRUE
"WICR","Event","HumanObservation","Physaria filiformis","A_57g",2013,"srs",32,2,2,TRUE
"WICR","Event","HumanObservation","Physaria filiformis","A_57i",2013,"srs",1,0,1,FALSE
"WICR","Event","HumanObservation","Physaria filiformis","A_58c",2013,"srs",211,4,4,TRUE
"WICR","Event","HumanObservation","Physaria filiformis","A_58i",2013,"subj",1434,5,6,FALSE
"WICR","Event","HumanObservation","Physaria filiformis","A_59c",2013,"subj",111,3,4,FALSE
"WICR","Event","HumanObservation","Physaria filiformis","A_59d",2013,"srs",491,4,4,TRUE
"WICR","Event","HumanObservation","Physaria filiformis","A_59e",2013,"srs",42,2,2,TRUE
"WICR","Event","HumanObservation","Physaria filiformis","A_60b",2013,"srs",39,2,2,TRUE
"WICR","Event","HumanObservation","Physaria filiformis","A_61c",2013,"srs",16,2,2,TRUE
"WICR","Event","HumanObservation","Physaria filiformis","A_61i",2013,"srs",33,2,2,TRUE
"WICR","Event","HumanObservation","Physaria filiformis","A_64h",2013,"srs",25,2,2,TRUE
"WICR","Event","HumanObservation","Physaria filiformis","A_65b",2013,"srs",0,0,0,TRUE
"WICR","Event","HumanObservation","Physaria filiformis","A_66a",2013,"srs",276,4,4,TRUE
"WICR","Event","HumanObservation","Physaria filiformis","A_66e",2013,"srs",1008,5,6,FALSE
"WICR","Event","HumanObservation","Physaria filiformis","A_66g",2013,"subj",1538,5,6,FALSE
"WICR","Event","HumanObservation","Physaria filiformis","A_67c",2013,"srs",8,1,1,TRUE
"WICR","Event","HumanObservation","Physaria filiformis","A_67f",2013,"srs",3,1,1,TRUE
"WICR","Event","HumanObservation","Physaria filiformis","A_67i",2013,"srs",44,2,2,TRUE
"WICR","Event","HumanObservation","Physaria filiformis","A_68b",2013,"srs",140,2,4,FALSE
"WICR","Event","HumanObservation","Physaria filiformis","A_72e",2013,"srs",825,5,5,TRUE
"WICR","Event","HumanObservation","Physaria filiformis","A_72f",2013,"srs",1024,5,6,FALSE
"WICR","Event","HumanObservation","Physaria filiformis","A_73d",2013,"srs",70,3,3,TRUE
"WICR","Event","HumanObservation","Physaria filiformis","A_73h",2013,"subj",274,3,4,FALSE
"WICR","Event","HumanObservation","Physaria filiformis","A_74e",2013,"srs",11,1,2,FALSE
"WICR","Event","HumanObservation","Physaria filiformis","A_76h",2013,"srs",18,1,2,FALSE
"WICR","Event","HumanObservation","Physaria filiformis","A_76i",2013,"srs",22,0,2,FALSE
"WICR","Event","HumanObservation","Physaria filiformis","A_80e",2013,"srs",577,4,5,FALSE
"WICR","Event","HumanObservation","Physaria filiformis","A_80f",2013,"subj",1304,5,6,FALSE
"WICR","Event","HumanObservation","Physaria filiformis","A_80g",2013,"srs",1,0,1,FALSE
"WICR","Event","HumanObservation","Physaria filiformis","A_81c",2013,"subj",2114,5,6,FALSE
"WICR","Event","HumanObservation","Physaria filiformis","A_81f",2013,"subj",1927,5,6,FALSE
"WICR","Event","HumanObservation","Physaria filiformis","A_81g",2013,"srs",264,4,4,TRUE
"WICR","Event","HumanObservation","Physaria filiformis","A_81i",2013,"srs",428,4,4,TRUE
"WICR","Event","HumanObservation","Physaria filiformis","A_82e",2013,"srs",36,2,2,TRUE
"WICR","Event","HumanObservation","Physaria filiformis","A_83b",2013,"srs",29,2,2,TRUE
"WICR","Event","HumanObservation","Physaria filiformis","A_83d",2013,"srs",0,0,0,TRUE
"WICR","Event","HumanObservation","Physaria filiformis","A_84f",2013,"srs",3,1,1,TRUE
"WICR","Event","HumanObservation","Physaria filiformis","A_89i",2013,"srs",1,0,1,FALSE
"WICR","Event","HumanObservation","Physaria filiformis","A_90b",2013,"srs",22,1,2,FALSE
"WICR","Event","HumanObservation","Physaria filiformis","A_92f",2013,"srs",95,2,3,FALSE
"WICR","Event","HumanObservation","Physaria filiformis","A_10a",2014,"srs",0,0,0,TRUE
"WICR","Event","HumanObservation","Physaria filiformis","A_11b",2014,"srs",0,0,0,TRUE
"WICR","Event","HumanObservation","Physaria filiformis","A_16a",2014,"srs",1,0,1,FALSE
"WICR","Event","HumanObservation","Physaria filiformis","A_17d",2014,"srs",0,0,0,TRUE
"WICR","Event","HumanObservation","Physaria filiformis","A_17e",2014,"srs",0,0,0,TRUE
"WICR","Event","HumanObservation","Physaria filiformis","A_17g",2014,"srs",0,0,0,TRUE
"WICR","Event","HumanObservation","Physaria filiformis","A_22b",2014,"srs",2,1,1,TRUE
"WICR","Event","HumanObservation","Physaria filiformis","A_22g",2014,"srs",2,0,1,FALSE
"WICR","Event","HumanObservation","Physaria filiformis","A_26h",2014,"srs",0,0,0,TRUE
"WICR","Event","HumanObservation","Physaria filiformis","A_27e",2014,"srs",0,1,0,FALSE
"WICR","Event","HumanObservation","Physaria filiformis","A_28a",2014,"srs",0,1,0,FALSE
"WICR","Event","HumanObservation","Physaria filiformis","A_29e",2014,"srs",0,0,0,TRUE
"WICR","Event","HumanObservation","Physaria filiformis","A_32b",2014,"srs",0,0,0,TRUE
"WICR","Event","HumanObservation","Physaria filiformis","A_34c",2014,"srs",0,0,0,TRUE
"WICR","Event","HumanObservation","Physaria filiformis","A_34f",2014,"srs",0,0,0,TRUE
"WICR","Event","HumanObservation","Physaria filiformis","A_38i",2014,"srs",0,1,0,FALSE
"WICR","Event","HumanObservation","Physaria filiformis","A_39h",2014,"srs",1,1,1,TRUE
"WICR","Event","HumanObservation","Physaria filiformis","A_40h",2014,"srs",1,1,1,TRUE
"WICR","Event","HumanObservation","Physaria filiformis","A_41c",2014,"srs",0,0,0,TRUE
"WICR","Event","HumanObservation","Physaria filiformis","A_41h",2014,"srs",0,0,0,TRUE
"WICR","Event","HumanObservation","Physaria filiformis","A_44g",2014,"srs",0,0,0,TRUE
"WICR","Event","HumanObservation","Physaria filiformis","A_44h",2014,"srs",0,0,0,TRUE
"WICR","Event","HumanObservation","Physaria filiformis","A_44i",2014,"srs",0,0,0,TRUE
"WICR","Event","HumanObservation","Physaria filiformis","A_46c",2014,"srs",0,0,0,TRUE
"WICR","Event","HumanObservation","Physaria filiformis","A_47b",2014,"srs",2,1,1,TRUE
"WICR","Event","HumanObservation","Physaria filiformis","A_47d",2014,"srs",0,0,0,TRUE
"WICR","Event","HumanObservation","Physaria filiformis","A_48f",2014,"srs",0,0,0,TRUE
"WICR","Event","HumanObservation","Physaria filiformis","A_50a",2014,"srs",0,0,0,TRUE
"WICR","Event","HumanObservation","Physaria filiformis","A_50d",2014,"srs",0,0,0,TRUE
"WICR","Event","HumanObservation","Physaria filiformis","A_51a",2014,"srs",0,0,0,TRUE
"WICR","Event","HumanObservation","Physaria filiformis","A_52g",2014,"srs",4,1,1,TRUE
"WICR","Event","HumanObservation","Physaria filiformis","A_52i",2014,"srs",0,0,0,TRUE
"WICR","Event","HumanObservation","Physaria filiformis","A_53f",2014,"srs",0,0,0,TRUE
"WICR","Event","HumanObservation","Physaria filiformis","A_54c",2014,"srs",0,0,0,TRUE
"WICR","Event","HumanObservation","Physaria filiformis","A_58a",2014,"srs",0,0,0,TRUE
"WICR","Event","HumanObservation","Physaria filiformis","A_58b",2014,"srs",0,1,0,FALSE
"WICR","Event","HumanObservation","Physaria filiformis","A_60c",2014,"srs",2,1,1,TRUE
"WICR","Event","HumanObservation","Physaria filiformis","A_61e",2014,"srs",1,0,1,FALSE
"WICR","Event","HumanObservation","Physaria filiformis","A_64f",2014,"srs",0,0,0,TRUE
"WICR","Event","HumanObservation","Physaria filiformis","A_65b",2014,"srs",0,0,0,TRUE
"WICR","Event","HumanObservation","Physaria filiformis","A_66f",2014,"srs",2,0,1,FALSE
"WICR","Event","HumanObservation","Physaria filiformis","A_66g",2014,"srs",0,0,0,TRUE
"WICR","Event","HumanObservation","Physaria filiformis","A_67d",2014,"srs",0,0,0,TRUE
"WICR","Event","HumanObservation","Physaria filiformis","A_67g",2014,"srs",0,0,0,TRUE
"WICR","Event","HumanObservation","Physaria filiformis","A_72i",2014,"srs",2,0,1,FALSE
"WICR","Event","HumanObservation","Physaria filiformis","A_73i",2014,"srs",0,0,0,TRUE
"WICR","Event","HumanObservation","Physaria filiformis","A_74a",2014,"srs",0,0,0,TRUE
"WICR","Event","HumanObservation","Physaria filiformis","A_75b",2014,"srs",0,0,0,TRUE
"WICR","Event","HumanObservation","Physaria filiformis","A_75d",2014,"srs",0,0,0,TRUE
"WICR","Event","HumanObservation","Physaria filiformis","A_76i",2014,"srs",0,0,0,TRUE
"WICR","Event","HumanObservation","Physaria filiformis","A_81b",2014,"srs",0,0,0,TRUE
"WICR","Event","HumanObservation","Physaria filiformis","A_82e",2014,"srs",0,0,0,TRUE
"WICR","Event","HumanObservation","Physaria filiformis","A_82h",2014,"srs",0,0,0,TRUE
"WICR","Event","HumanObservation","Physaria filiformis","A_84f",2014,"srs",0,0,0,TRUE
"WICR","Event","HumanObservation","Physaria filiformis","A_89a",2014,"srs",0,0,0,TRUE
"WICR","Event","HumanObservation","Physaria filiformis","A_89d",2014,"srs",0,0,0,TRUE
"WICR","Event","HumanObservation","Physaria filiformis","A_91d",2014,"srs",0,0,0,TRUE
"WICR","Event","HumanObservation","Physaria filiformis","A_91g",2014,"srs",1,0,1,FALSE
"WICR","Event","HumanObservation","Physaria filiformis","A_91h",2014,"srs",0,0,0,TRUE
"WICR","Event","HumanObservation","Physaria filiformis","A_92b",2014,"srs",0,0,0,TRUE
"WICR","Event","HumanObservation","Physaria filiformis","A_11a",2015,"srs",2,1,1,TRUE
"WICR","Event","HumanObservation","Physaria filiformis","A_11h",2015,"srs",3,1,1,TRUE
"WICR","Event","HumanObservation","Physaria filiformis","A_16g",2015,"srs",52,2,3,FALSE
"WICR","Event","HumanObservation","Physaria filiformis","A_16h",2015,"subj",150,3,4,FALSE
"WICR","Event","HumanObservation","Physaria filiformis","A_23h",2015,"srs",0,0,0,TRUE
"WICR","Event","HumanObservation","Physaria filiformis","A_27a",2015,"srs",0,0,0,TRUE
"WICR","Event","HumanObservation","Physaria filiformis","A_27b",2015,"srs",22,2,2,TRUE
"WICR","Event","HumanObservation","Physaria filiformis","A_27c",2015,"srs",28,2,2,TRUE
"WICR","Event","HumanObservation","Physaria filiformis","A_27g",2015,"srs",32,2,2,TRUE
"WICR","Event","HumanObservation","Physaria filiformis","A_27h",2015,"srs",119,3,4,FALSE
"WICR","Event","HumanObservation","Physaria filiformis","A_29c",2015,"srs",13,2,2,TRUE
"WICR","Event","HumanObservation","Physaria filiformis","A_32c",2015,"srs",169,4,4,TRUE
"WICR","Event","HumanObservation","Physaria filiformis","A_33a",2015,"srs",195,4,4,TRUE
"WICR","Event","HumanObservation","Physaria filiformis","A_33b",2015,"subj",205,4,4,TRUE
"WICR","Event","HumanObservation","Physaria filiformis","A_33f",2015,"srs",8,1,1,TRUE
"WICR","Event","HumanObservation","Physaria filiformis","A_34g",2015,"srs",0,0,0,TRUE
"WICR","Event","HumanObservation","Physaria filiformis","A_35a",2015,"srs",0,0,0,TRUE
"WICR","Event","HumanObservation","Physaria filiformis","A_35c",2015,"srs",44,2,2,TRUE
"WICR","Event","HumanObservation","Physaria filiformis","A_38d",2015,"srs",0,0,0,TRUE
"WICR","Event","HumanObservation","Physaria filiformis","A_38f",2015,"subj",306,4,4,TRUE
"WICR","Event","HumanObservation","Physaria filiformis","A_39i",2015,"srs",351,4,4,TRUE
"WICR","Event","HumanObservation","Physaria filiformis","A_40a",2015,"srs",0,0,0,TRUE
"WICR","Event","HumanObservation","Physaria filiformis","A_41e",2015,"srs",4,1,1,TRUE
"WICR","Event","HumanObservation","Physaria filiformis","A_45c",2015,"srs",10,2,2,TRUE
"WICR","Event","HumanObservation","Physaria filiformis","A_45e",2015,"srs",0,0,0,TRUE
"WICR","Event","HumanObservation","Physaria filiformis","A_46c",2015,"srs",0,0,0,TRUE
"WICR","Event","HumanObservation","Physaria filiformis","A_46e",2015,"srs",0,0,0,TRUE
"WICR","Event","HumanObservation","Physaria filiformis","A_46f",2015,"srs",5,1,1,TRUE
"WICR","Event","HumanObservation","Physaria filiformis","A_47b",2015,"srs",60,3,3,TRUE
"WICR","Event","HumanObservation","Physaria filiformis","A_48e",2015,"srs",1,0,1,FALSE
"WICR","Event","HumanObservation","Physaria filiformis","A_48f",2015,"srs",0,0,0,TRUE
"WICR","Event","HumanObservation","Physaria filiformis","A_50i",2015,"subj",113,3,4,FALSE
"WICR","Event","HumanObservation","Physaria filiformis","A_51c",2015,"srs",14,2,2,TRUE
"WICR","Event","HumanObservation","Physaria filiformis","A_53a",2015,"srs",0,0,0,TRUE
"WICR","Event","HumanObservation","Physaria filiformis","A_54h",2015,"srs",10,1,2,FALSE
"WICR","Event","HumanObservation","Physaria filiformis","A_54i",2015,"srs",0,0,0,TRUE
"WICR","Event","HumanObservation","Physaria filiformis","A_57b",2015,"subj",437,4,4,TRUE
"WICR","Event","HumanObservation","Physaria filiformis","A_57f",2015,"subj",47,3,2,FALSE
"WICR","Event","HumanObservation","Physaria filiformis","A_57h",2015,"srs",55,2,3,FALSE
"WICR","Event","HumanObservation","Physaria filiformis","A_57i",2015,"srs",0,1,0,FALSE
"WICR","Event","HumanObservation","Physaria filiformis","A_58b",2015,"srs",30,2,2,TRUE
"WICR","Event","HumanObservation","Physaria filiformis","A_58c",2015,"subj",145,4,4,TRUE
"WICR","Event","HumanObservation","Physaria filiformis","A_58i",2015,"srs",51,2,3,FALSE
"WICR","Event","HumanObservation","Physaria filiformis","A_61b",2015,"srs",0,0,0,TRUE
"WICR","Event","HumanObservation","Physaria filiformis","A_61d",2015,"subj",56,3,3,TRUE
"WICR","Event","HumanObservation","Physaria filiformis","A_64c",2015,"srs",7,1,1,TRUE
"WICR","Event","HumanObservation","Physaria filiformis","A_64d",2015,"srs",7,1,1,TRUE
"WICR","Event","HumanObservation","Physaria filiformis","A_64e",2015,"srs",2,1,1,TRUE
"WICR","Event","HumanObservation","Physaria filiformis","A_64g",2015,"srs",55,2,3,FALSE
"WICR","Event","HumanObservation","Physaria filiformis","A_65h",2015,"srs",17,1,2,FALSE
"WICR","Event","HumanObservation","Physaria filiformis","A_67b",2015,"srs",2,0,1,FALSE
"WICR","Event","HumanObservation","Physaria filiformis","A_68c",2015,"srs",9,1,1,TRUE
"WICR","Event","HumanObservation","Physaria filiformis","A_68g",2015,"srs",0,0,0,TRUE
"WICR","Event","HumanObservation","Physaria filiformis","A_72c",2015,"srs",668,4,5,FALSE
"WICR","Event","HumanObservation","Physaria filiformis","A_73g",2015,"subj",201,4,4,TRUE
"WICR","Event","HumanObservation","Physaria filiformis","A_74a",2015,"subj",208,3,4,FALSE
"WICR","Event","HumanObservation","Physaria filiformis","A_74d",2015,"srs",9,1,1,TRUE
"WICR","Event","HumanObservation","Physaria filiformis","A_74g",2015,"srs",204,3,4,FALSE
"WICR","Event","HumanObservation","Physaria filiformis","A_75h",2015,"srs",16,1,2,FALSE
"WICR","Event","HumanObservation","Physaria filiformis","A_80b",2015,"subj",171,4,4,TRUE
"WICR","Event","HumanObservation","Physaria filiformis","A_80f",2015,"srs",321,4,4,TRUE
"WICR","Event","HumanObservation","Physaria filiformis","A_82a",2015,"subj",357,4,4,TRUE
"WICR","Event","HumanObservation","Physaria filiformis","A_82d",2015,"srs",180,3,4,FALSE
"WICR","Event","HumanObservation","Physaria filiformis","A_82g",2015,"srs",5,1,1,TRUE
"WICR","Event","HumanObservation","Physaria filiformis","A_82i",2015,"srs",10,1,2,FALSE
"WICR","Event","HumanObservation","Physaria filiformis","A_83a",2015,"srs",0,0,0,TRUE
"WICR","Event","HumanObservation","Physaria filiformis","A_83h",2015,"srs",0,0,0,TRUE
"WICR","Event","HumanObservation","Physaria filiformis","A_84h",2015,"srs",0,1,0,FALSE
"WICR","Event","HumanObservation","Physaria filiformis","A_89a",2015,"srs",89,2,3,FALSE
"WICR","Event","HumanObservation","Physaria filiformis","A_90e",2015,"srs",0,0,0,TRUE
"WICR","Event","HumanObservation","Physaria filiformis","A_91h",2015,"srs",35,1,2,FALSE
"WICR","Event","HumanObservation","Physaria filiformis","A_92i",2015,"srs",4,1,1,TRUE
"WICR","Event","HumanObservation","Physaria filiformis","A_10d",2016,"srs",0,0,0,TRUE
"WICR","Event","HumanObservation","Physaria filiformis","A_10e",2016,"srs",0,0,0,TRUE
"WICR","Event","HumanObservation","Physaria filiformis","A_10i",2016,"srs",1,0,1,FALSE
"WICR","Event","HumanObservation","Physaria filiformis","A_11a",2016,"srs",0,0,0,TRUE
"WICR","Event","HumanObservation","Physaria filiformis","A_16h",2016,"subj",72,2,3,FALSE
"WICR","Event","HumanObservation","Physaria filiformis","A_16i",2016,"srs",0,0,0,TRUE
"WICR","Event","HumanObservation","Physaria filiformis","A_17a",2016,"srs",0,0,0,TRUE
"WICR","Event","HumanObservation","Physaria filiformis","A_21a",2016,"srs",0,0,0,TRUE
"WICR","Event","HumanObservation","Physaria filiformis","A_22i",2016,"srs",0,1,0,FALSE
"WICR","Event","HumanObservation","Physaria filiformis","A_27c",2016,"srs",1,1,1,TRUE
"WICR","Event","HumanObservation","Physaria filiformis","A_28e",2016,"srs",0,0,0,TRUE
"WICR","Event","HumanObservation","Physaria filiformis","A_32c",2016,"subj",26,2,2,TRUE
"WICR","Event","HumanObservation","Physaria filiformis","A_32d",2016,"srs",0,0,0,TRUE
"WICR","Event","HumanObservation","Physaria filiformis","A_32e",2016,"srs",0,0,0,TRUE
"WICR","Event","HumanObservation","Physaria filiformis","A_33d",2016,"subj",10,2,2,TRUE
"WICR","Event","HumanObservation","Physaria filiformis","A_33e",2016,"srs",7,1,1,TRUE
"WICR","Event","HumanObservation","Physaria filiformis","A_33g",2016,"srs",2,1,1,TRUE
"WICR","Event","HumanObservation","Physaria filiformis","A_34e",2016,"srs",0,0,0,TRUE
"WICR","Event","HumanObservation","Physaria filiformis","A_34f",2016,"srs",0,0,0,TRUE
"WICR","Event","HumanObservation","Physaria filiformis","A_34i",2016,"srs",0,0,0,TRUE
"WICR","Event","HumanObservation","Physaria filiformis","A_38b",2016,"srs",0,0,0,TRUE
"WICR","Event","HumanObservation","Physaria filiformis","A_38c",2016,"srs",6,0,1,FALSE
"WICR","Event","HumanObservation","Physaria filiformis","A_38f",2016,"srs",3,1,1,TRUE
"WICR","Event","HumanObservation","Physaria filiformis","A_38h",2016,"srs",0,0,0,TRUE
"WICR","Event","HumanObservation","Physaria filiformis","A_39a",2016,"srs",0,0,0,TRUE
"WICR","Event","HumanObservation","Physaria filiformis","A_39f",2016,"srs",0,0,0,TRUE
"WICR","Event","HumanObservation","Physaria filiformis","A_40b",2016,"srs",0,0,0,TRUE
"WICR","Event","HumanObservation","Physaria filiformis","A_40c",2016,"srs",0,0,0,TRUE
"WICR","Event","HumanObservation","Physaria filiformis","A_40i",2016,"srs",0,0,0,TRUE
"WICR","Event","HumanObservation","Physaria filiformis","A_41g",2016,"srs",0,0,0,TRUE
"WICR","Event","HumanObservation","Physaria filiformis","A_41h",2016,"srs",0,0,0,TRUE
"WICR","Event","HumanObservation","Physaria filiformis","A_45d",2016,"srs",0,0,0,TRUE
"WICR","Event","HumanObservation","Physaria filiformis","A_45e",2016,"srs",0,0,0,TRUE
"WICR","Event","HumanObservation","Physaria filiformis","A_52a",2016,"srs",0,0,0,TRUE
"WICR","Event","HumanObservation","Physaria filiformis","A_52c",2016,"srs",0,0,0,TRUE
"WICR","Event","HumanObservation","Physaria filiformis","A_52e",2016,"srs",0,0,0,TRUE
"WICR","Event","HumanObservation","Physaria filiformis","A_53d",2016,"srs",0,1,0,FALSE
"WICR","Event","HumanObservation","Physaria filiformis","A_53h",2016,"srs",0,0,0,TRUE
"WICR","Event","HumanObservation","Physaria filiformis","A_53i",2016,"srs",0,0,0,TRUE
"WICR","Event","HumanObservation","Physaria filiformis","A_54e",2016,"srs",0,0,0,TRUE
"WICR","Event","HumanObservation","Physaria filiformis","A_57a",2016,"srs",0,0,0,TRUE
"WICR","Event","HumanObservation","Physaria filiformis","A_57e",2016,"subj",43,2,2,TRUE
"WICR","Event","HumanObservation","Physaria filiformis","A_57h",2016,"srs",19,2,2,TRUE
"WICR","Event","HumanObservation","Physaria filiformis","A_59c",2016,"subj",1,1,1,TRUE
"WICR","Event","HumanObservation","Physaria filiformis","A_59h",2016,"srs",0,0,0,TRUE
"WICR","Event","HumanObservation","Physaria filiformis","A_60c",2016,"srs",4,1,1,TRUE
"WICR","Event","HumanObservation","Physaria filiformis","A_65d",2016,"srs",0,0,0,TRUE
"WICR","Event","HumanObservation","Physaria filiformis","A_65f",2016,"srs",0,0,0,TRUE
"WICR","Event","HumanObservation","Physaria filiformis","A_65i",2016,"srs",9,2,1,FALSE
"WICR","Event","HumanObservation","Physaria filiformis","A_66c",2016,"srs",0,1,0,FALSE
"WICR","Event","HumanObservation","Physaria filiformis","A_66e",2016,"srs",16,2,2,TRUE
"WICR","Event","HumanObservation","Physaria filiformis","A_67c",2016,"srs",0,0,0,TRUE
"WICR","Event","HumanObservation","Physaria filiformis","A_67g",2016,"srs",0,0,0,TRUE
"WICR","Event","HumanObservation","Physaria filiformis","A_68b",2016,"srs",0,0,0,TRUE
"WICR","Event","HumanObservation","Physaria filiformis","A_72a",2016,"subj",135,4,4,TRUE
"WICR","Event","HumanObservation","Physaria filiformis","A_72f",2016,"subj",21,2,2,TRUE
"WICR","Event","HumanObservation","Physaria filiformis","A_72g",2016,"subj",12,2,2,TRUE
"WICR","Event","HumanObservation","Physaria filiformis","A_72h",2016,"subj",198,4,4,TRUE
"WICR","Event","HumanObservation","Physaria filiformis","A_72i",2016,"subj",348,4,4,TRUE
"WICR","Event","HumanObservation","Physaria filiformis","A_73d",2016,"subj",60,2,3,FALSE
"WICR","Event","HumanObservation","Physaria filiformis","A_74e",2016,"srs",0,0,0,TRUE
"WICR","Event","HumanObservation","Physaria filiformis","A_75d",2016,"srs",1,1,1,TRUE
"WICR","Event","HumanObservation","Physaria filiformis","A_75i",2016,"srs",0,0,0,TRUE
"WICR","Event","HumanObservation","Physaria filiformis","A_76i",2016,"srs",0,0,0,TRUE
"WICR","Event","HumanObservation","Physaria filiformis","A_81c",2016,"srs",19,2,2,TRUE
"WICR","Event","HumanObservation","Physaria filiformis","A_82h",2016,"srs",0,0,0,TRUE
"WICR","Event","HumanObservation","Physaria filiformis","A_83a",2016,"srs",0,0,0,TRUE
"WICR","Event","HumanObservation","Physaria filiformis","A_84a",2016,"srs",0,0,0,TRUE
"WICR","Event","HumanObservation","Physaria filiformis","A_91h",2016,"srs",0,0,0,TRUE
"WICR","Event","HumanObservation","Physaria filiformis","A_10a",2017,"srs",0,0,0,TRUE
"WICR","Event","HumanObservation","Physaria filiformis","A_11b",2017,"srs",0,0,0,TRUE
"WICR","Event","HumanObservation","Physaria filiformis","A_11f",2017,"srs",0,0,0,TRUE
"WICR","Event","HumanObservation","Physaria filiformis","A_16i",2017,"srs",0,1,0,FALSE
"WICR","Event","HumanObservation","Physaria filiformis","A_22a",2017,"srs",15,1,2,FALSE
"WICR","Event","HumanObservation","Physaria filiformis","A_22h",2017,"srs",1,0,1,FALSE
"WICR","Event","HumanObservation","Physaria filiformis","A_26h",2017,"srs",1,0,1,FALSE
"WICR","Event","HumanObservation","Physaria filiformis","A_28a",2017,"srs",0,0,0,TRUE
"WICR","Event","HumanObservation","Physaria filiformis","A_28d",2017,"srs",2,1,1,TRUE
"WICR","Event","HumanObservation","Physaria filiformis","A_32a",2017,"srs",0,0,0,TRUE
"WICR","Event","HumanObservation","Physaria filiformis","A_32c",2017,"srs",38,2,2,TRUE
"WICR","Event","HumanObservation","Physaria filiformis","A_32e",2017,"srs",1,0,1,FALSE
"WICR","Event","HumanObservation","Physaria filiformis","A_32f",2017,"srs",17,2,2,TRUE
"WICR","Event","HumanObservation","Physaria filiformis","A_32h",2017,"srs",0,0,0,TRUE
"WICR","Event","HumanObservation","Physaria filiformis","A_33a",2017,"srs",5,0,1,FALSE
"WICR","Event","HumanObservation","Physaria filiformis","A_34a",2017,"srs",0,0,0,TRUE
"WICR","Event","HumanObservation","Physaria filiformis","A_38b",2017,"srs",0,0,0,TRUE
"WICR","Event","HumanObservation","Physaria filiformis","A_39c",2017,"srs",0,0,0,TRUE
"WICR","Event","HumanObservation","Physaria filiformis","A_40d",2017,"srs",0,0,0,TRUE
"WICR","Event","HumanObservation","Physaria filiformis","A_41f",2017,"srs",0,1,0,FALSE
"WICR","Event","HumanObservation","Physaria filiformis","A_44d",2017,"srs",0,0,0,TRUE
"WICR","Event","HumanObservation","Physaria filiformis","A_45a",2017,"srs",0,0,0,TRUE
"WICR","Event","HumanObservation","Physaria filiformis","A_45g",2017,"srs",0,0,0,TRUE
"WICR","Event","HumanObservation","Physaria filiformis","A_46i",2017,"srs",0,0,0,TRUE
"WICR","Event","HumanObservation","Physaria filiformis","A_47c",2017,"srs",4,0,1,FALSE
"WICR","Event","HumanObservation","Physaria filiformis","A_47i",2017,"srs",0,0,0,TRUE
"WICR","Event","HumanObservation","Physaria filiformis","A_50a",2017,"srs",0,0,0,TRUE
"WICR","Event","HumanObservation","Physaria filiformis","A_50b",2017,"srs",0,0,0,TRUE
"WICR","Event","HumanObservation","Physaria filiformis","A_50f",2017,"srs",1,1,1,TRUE
"WICR","Event","HumanObservation","Physaria filiformis","A_51e",2017,"srs",4,1,1,TRUE
"WICR","Event","HumanObservation","Physaria filiformis","A_51i",2017,"srs",1,1,1,TRUE
"WICR","Event","HumanObservation","Physaria filiformis","A_52b",2017,"srs",0,0,0,TRUE
"WICR","Event","HumanObservation","Physaria filiformis","A_53a",2017,"srs",0,0,0,TRUE
"WICR","Event","HumanObservation","Physaria filiformis","A_53h",2017,"srs",0,1,0,FALSE
"WICR","Event","HumanObservation","Physaria filiformis","A_57b",2017,"srs",19,1,2,FALSE
"WICR","Event","HumanObservation","Physaria filiformis","A_58f",2017,"srs",5,2,1,FALSE
"WICR","Event","HumanObservation","Physaria filiformis","A_59f",2017,"srs",14,2,2,TRUE
"WICR","Event","HumanObservation","Physaria filiformis","A_59i",2017,"srs",9,2,1,FALSE
"WICR","Event","HumanObservation","Physaria filiformis","A_60d",2017,"srs",2,0,1,FALSE
"WICR","Event","HumanObservation","Physaria filiformis","A_60f",2017,"srs",14,2,2,TRUE
"WICR","Event","HumanObservation","Physaria filiformis","A_64a",2017,"srs",12,1,2,FALSE
"WICR","Event","HumanObservation","Physaria filiformis","A_64b",2017,"srs",14,2,2,TRUE
"WICR","Event","HumanObservation","Physaria filiformis","A_64g",2017,"srs",3,2,1,FALSE
"WICR","Event","HumanObservation","Physaria filiformis","A_65f",2017,"srs",0,0,0,TRUE
"WICR","Event","HumanObservation","Physaria filiformis","A_65g",2017,"subj",123,3,4,FALSE
"WICR","Event","HumanObservation","Physaria filiformis","A_67b",2017,"srs",0,0,0,TRUE
"WICR","Event","HumanObservation","Physaria filiformis","A_72c",2017,"subj",227,3,4,FALSE
"WICR","Event","HumanObservation","Physaria filiformis","A_72e",2017,"srs",114,3,4,FALSE
"WICR","Event","HumanObservation","Physaria filiformis","A_72f",2017,"subj",272,4,4,TRUE
"WICR","Event","HumanObservation","Physaria filiformis","A_72g",2017,"srs",39,2,2,TRUE
"WICR","Event","HumanObservation","Physaria filiformis","A_72h",2017,"subj",514,4,5,FALSE
"WICR","Event","HumanObservation","Physaria filiformis","A_72i",2017,"subj",458,4,4,TRUE
"WICR","Event","HumanObservation","Physaria filiformis","A_73a",2017,"subj",62,3,3,TRUE
"WICR","Event","HumanObservation","Physaria filiformis","A_74a",2017,"subj",103,3,4,FALSE
"WICR","Event","HumanObservation","Physaria filiformis","A_74b",2017,"subj",132,3,4,FALSE
"WICR","Event","HumanObservation","Physaria filiformis","A_75c",2017,"srs",1,1,1,TRUE
"WICR","Event","HumanObservation","Physaria filiformis","A_76d",2017,"srs",0,0,0,TRUE
"WICR","Event","HumanObservation","Physaria filiformis","A_76h",2017,"srs",0,0,0,TRUE
"WICR","Event","HumanObservation","Physaria filiformis","A_76i",2017,"srs",0,0,0,TRUE
"WICR","Event","HumanObservation","Physaria filiformis","A_80c",2017,"subj",75,3,3,TRUE
"WICR","Event","HumanObservation","Physaria filiformis","A_80d",2017,"srs",0,0,0,TRUE
"WICR","Event","HumanObservation","Physaria filiformis","A_80f",2017,"subj",102,3,4,FALSE
"WICR","Event","HumanObservation","Physaria filiformis","A_81b",2017,"srs",1,0,1,FALSE
"WICR","Event","HumanObservation","Physaria filiformis","A_81c",2017,"subj",116,3,4,FALSE
"WICR","Event","HumanObservation","Physaria filiformis","A_81e",2017,"srs",26,2,2,TRUE
"WICR","Event","HumanObservation","Physaria filiformis","A_81f",2017,"subj",243,4,4,TRUE
"WICR","Event","HumanObservation","Physaria filiformis","A_81g",2017,"srs",2,1,1,TRUE
"WICR","Event","HumanObservation","Physaria filiformis","A_82e",2017,"srs",4,1,1,TRUE
"WICR","Event","HumanObservation","Physaria filiformis","A_84g",2017,"srs",1,1,1,TRUE
"WICR","Event","HumanObservation","Physaria filiformis","A_89e",2017,"srs",3,1,1,TRUE
"WICR","Event","HumanObservation","Physaria filiformis","A_90h",2017,"srs",19,0,2,FALSE
"WICR","Event","HumanObservation","Physaria filiformis","A_92c",2017,"srs",0,0,0,TRUE
"WICR","Event","HumanObservation","Physaria filiformis","A_11b",2018,"srs",0,0,0,TRUE
"WICR","Event","HumanObservation","Physaria filiformis","A_16h",2018,"subj",95,3,3,TRUE
"WICR","Event","HumanObservation","Physaria filiformis","A_17a",2018,"srs",0,0,0,TRUE
"WICR","Event","HumanObservation","Physaria filiformis","A_17g",2018,"srs",0,0,0,TRUE
"WICR","Event","HumanObservation","Physaria filiformis","A_17h",2018,"srs",0,0,0,TRUE
"WICR","Event","HumanObservation","Physaria filiformis","A_22b",2018,"subj",85,3,3,TRUE
"WICR","Event","HumanObservation","Physaria filiformis","A_26d",2018,"srs",0,0,0,TRUE
"WICR","Event","HumanObservation","Physaria filiformis","A_26i",2018,"srs",0,0,0,TRUE
"WICR","Event","HumanObservation","Physaria filiformis","A_27f",2018,"srs",16,2,2,TRUE
"WICR","Event","HumanObservation","Physaria filiformis","A_27i",2018,"srs",11,2,2,TRUE
"WICR","Event","HumanObservation","Physaria filiformis","A_28h",2018,"srs",0,0,0,TRUE
"WICR","Event","HumanObservation","Physaria filiformis","A_29d",2018,"srs",0,0,0,TRUE
"WICR","Event","HumanObservation","Physaria filiformis","A_32h",2018,"srs",0,0,0,TRUE
"WICR","Event","HumanObservation","Physaria filiformis","A_33d",2018,"srs",15,2,2,TRUE
"WICR","Event","HumanObservation","Physaria filiformis","A_34b",2018,"srs",0,0,0,TRUE
"WICR","Event","HumanObservation","Physaria filiformis","A_38d",2018,"srs",0,0,0,TRUE
"WICR","Event","HumanObservation","Physaria filiformis","A_39g",2018,"srs",0,0,0,TRUE
"WICR","Event","HumanObservation","Physaria filiformis","A_45i",2018,"srs",0,0,0,FALSE
"WICR","Event","HumanObservation","Physaria filiformis","A_46a",2018,"srs",0,0,0,TRUE
"WICR","Event","HumanObservation","Physaria filiformis","A_46c",2018,"srs",0,0,0,TRUE
"WICR","Event","HumanObservation","Physaria filiformis","A_46e",2018,"srs",0,0,0,TRUE
"WICR","Event","HumanObservation","Physaria filiformis","A_47g",2018,"srs",0,0,0,TRUE
"WICR","Event","HumanObservation","Physaria filiformis","A_50d",2018,"srs",0,0,0,TRUE
"WICR","Event","HumanObservation","Physaria filiformis","A_50i",2018,"srs",17,2,2,TRUE
"WICR","Event","HumanObservation","Physaria filiformis","A_51c",2018,"srs",3,1,1,TRUE
"WICR","Event","HumanObservation","Physaria filiformis","A_51e",2018,"srs",4,1,1,TRUE
"WICR","Event","HumanObservation","Physaria filiformis","A_51h",2018,"srs",36,3,2,FALSE
"WICR","Event","HumanObservation","Physaria filiformis","A_52d",2018,"srs",2,1,1,TRUE
"WICR","Event","HumanObservation","Physaria filiformis","A_52i",2018,"srs",3,1,1,TRUE
"WICR","Event","HumanObservation","Physaria filiformis","A_53g",2018,"srs",20,2,2,TRUE
"WICR","Event","HumanObservation","Physaria filiformis","A_54a",2018,"srs",2,1,1,TRUE
"WICR","Event","HumanObservation","Physaria filiformis","A_57c",2018,"srs",37,2,2,TRUE
"WICR","Event","HumanObservation","Physaria filiformis","A_57e",2018,"subj",108,4,4,TRUE
"WICR","Event","HumanObservation","Physaria filiformis","A_58b",2018,"srs",7,1,1,TRUE
"WICR","Event","HumanObservation","Physaria filiformis","A_59g",2018,"srs",18,2,2,TRUE
"WICR","Event","HumanObservation","Physaria filiformis","A_64i",2018,"subj",206,5,4,FALSE
"WICR","Event","HumanObservation","Physaria filiformis","A_65e",2018,"srs",0,0,0,TRUE
"WICR","Event","HumanObservation","Physaria filiformis","A_66e",2018,"srs",53,3,3,TRUE
"WICR","Event","HumanObservation","Physaria filiformis","A_66f",2018,"srs",11,1,2,FALSE
"WICR","Event","HumanObservation","Physaria filiformis","A_66g",2018,"srs",148,4,4,TRUE
"WICR","Event","HumanObservation","Physaria filiformis","A_67h",2018,"srs",12,2,2,TRUE
"WICR","Event","HumanObservation","Physaria filiformis","A_72a",2018,"subj",195,4,4,TRUE
"WICR","Event","HumanObservation","Physaria filiformis","A_72b",2018,"subj",113,4,4,TRUE
"WICR","Event","HumanObservation","Physaria filiformis","A_72d",2018,"subj",161,4,4,TRUE
"WICR","Event","HumanObservation","Physaria filiformis","A_72f",2018,"subj",487,5,4,FALSE
"WICR","Event","HumanObservation","Physaria filiformis","A_72h",2018,"subj",547,6,5,FALSE
"WICR","Event","HumanObservation","Physaria filiformis","A_72i",2018,"subj",699,6,5,FALSE
"WICR","Event","HumanObservation","Physaria filiformis","A_73a",2018,"srs",93,4,3,FALSE
"WICR","Event","HumanObservation","Physaria filiformis","A_73c",2018,"subj",32,3,2,FALSE
"WICR","Event","HumanObservation","Physaria filiformis","A_73d",2018,"srs",29,3,2,FALSE
"WICR","Event","HumanObservation","Physaria filiformis","A_73g",2018,"subj",75,4,3,FALSE
"WICR","Event","HumanObservation","Physaria filiformis","A_73h",2018,"srs",6,2,1,FALSE
"WICR","Event","HumanObservation","Physaria filiformis","A_74b",2018,"srs",49,3,2,FALSE
"WICR","Event","HumanObservation","Physaria filiformis","A_75a",2018,"srs",5,2,1,FALSE
"WICR","Event","HumanObservation","Physaria filiformis","A_75f",2018,"srs",1,0,1,FALSE
"WICR","Event","HumanObservation","Physaria filiformis","A_75g",2018,"srs",11,2,2,TRUE
"WICR","Event","HumanObservation","Physaria filiformis","A_76c",2018,"srs",0,0,0,TRUE
"WICR","Event","HumanObservation","Physaria filiformis","A_76i",2018,"srs",0,0,0,TRUE
"WICR","Event","HumanObservation","Physaria filiformis","A_80b",2018,"srs",17,3,2,FALSE
"WICR","Event","HumanObservation","Physaria filiformis","A_80c",2018,"srs",153,4,4,TRUE
"WICR","Event","HumanObservation","Physaria filiformis","A_80e",2018,"subj",90,3,3,TRUE
"WICR","Event","HumanObservation","Physaria filiformis","A_80f",2018,"srs",132,4,4,TRUE
"WICR","Event","HumanObservation","Physaria filiformis","A_80i",2018,"srs",4,1,1,TRUE
"WICR","Event","HumanObservation","Physaria filiformis","A_81c",2018,"srs",56,4,3,FALSE
"WICR","Event","HumanObservation","Physaria filiformis","A_81e",2018,"srs",6,2,1,FALSE
"WICR","Event","HumanObservation","Physaria filiformis","A_81f",2018,"subj",138,4,4,TRUE
"WICR","Event","HumanObservation","Physaria filiformis","A_82c",2018,"srs",0,0,0,TRUE
"WICR","Event","HumanObservation","Physaria filiformis","A_82d",2018,"subj",48,3,2,FALSE
"WICR","Event","HumanObservation","Physaria filiformis","A_83c",2018,"srs",0,0,0,TRUE
"WICR","Event","HumanObservation","Physaria filiformis","A_84c",2018,"srs",0,1,0,FALSE
"WICR","Event","HumanObservation","Physaria filiformis","A_84i",2018,"srs",0,0,0,TRUE
"WICR","Event","HumanObservation","Physaria filiformis","A_89a",2018,"srs",21,2,2,TRUE
"WICR","Event","HumanObservation","Physaria filiformis","A_90a",2018,"srs",0,0,0,TRUE
"WICR","Event","HumanObservation","Physaria filiformis","A_90h",2018,"srs",0,0,0,TRUE
"WICR","Event","HumanObservation","Physaria filiformis","A_92i",2018,"srs",0,0,0,TRUE
"WICR","Event","HumanObservation","Physaria filiformis","A_10a",2019,"srs",0,0,0,TRUE
"WICR","Event","HumanObservation","Physaria filiformis","A_10g",2019,"subj",37,2,2,TRUE
"WICR","Event","HumanObservation","Physaria filiformis","A_16d",2019,"subj",65,3,3,TRUE
"WICR","Event","HumanObservation","Physaria filiformis","A_21h",2019,"srs",59,2,3,FALSE
"WICR","Event","HumanObservation","Physaria filiformis","A_22a",2019,"srs",216,3,4,FALSE
"WICR","Event","HumanObservation","Physaria filiformis","A_22b",2019,"srs",151,4,4,TRUE
"WICR","Event","HumanObservation","Physaria filiformis","A_23d",2019,"srs",0,0,0,TRUE
"WICR","Event","HumanObservation","Physaria filiformis","A_23f",2019,"srs",0,0,0,TRUE
"WICR","Event","HumanObservation","Physaria filiformis","A_26b",2019,"srs",6,1,1,TRUE
"WICR","Event","HumanObservation","Physaria filiformis","A_26h",2019,"srs",0,1,0,FALSE
"WICR","Event","HumanObservation","Physaria filiformis","A_26i",2019,"srs",6,1,1,TRUE
"WICR","Event","HumanObservation","Physaria filiformis","A_27d",2019,"srs",4,0,1,FALSE
"WICR","Event","HumanObservation","Physaria filiformis","A_27e",2019,"srs",137,4,4,TRUE
"WICR","Event","HumanObservation","Physaria filiformis","A_28d",2019,"srs",25,2,2,TRUE
"WICR","Event","HumanObservation","Physaria filiformis","A_28f",2019,"srs",5,1,1,TRUE
"WICR","Event","HumanObservation","Physaria filiformis","A_32c",2019,"srs",120,2,4,FALSE
"WICR","Event","HumanObservation","Physaria filiformis","A_32d",2019,"srs",0,0,0,TRUE
"WICR","Event","HumanObservation","Physaria filiformis","A_33a",2019,"srs",58,2,3,FALSE
"WICR","Event","HumanObservation","Physaria filiformis","A_33b",2019,"subj",176,4,4,TRUE
"WICR","Event","HumanObservation","Physaria filiformis","A_33d",2019,"srs",48,2,2,TRUE
"WICR","Event","HumanObservation","Physaria filiformis","A_34h",2019,"srs",0,0,0,TRUE
"WICR","Event","HumanObservation","Physaria filiformis","A_35c",2019,"subj",96,3,3,TRUE
"WICR","Event","HumanObservation","Physaria filiformis","A_40b",2019,"srs",0,0,0,TRUE
"WICR","Event","HumanObservation","Physaria filiformis","A_40c",2019,"srs",0,0,0,TRUE
"WICR","Event","HumanObservation","Physaria filiformis","A_44h",2019,"srs",0,0,0,TRUE
"WICR","Event","HumanObservation","Physaria filiformis","A_47d",2019,"srs",11,1,2,FALSE
"WICR","Event","HumanObservation","Physaria filiformis","A_50i",2019,"subj",249,4,4,TRUE
"WICR","Event","HumanObservation","Physaria filiformis","A_51a",2019,"srs",0,0,0,TRUE
"WICR","Event","HumanObservation","Physaria filiformis","A_51c",2019,"srs",11,0,2,FALSE
"WICR","Event","HumanObservation","Physaria filiformis","A_52g",2019,"subj",103,3,4,FALSE
"WICR","Event","HumanObservation","Physaria filiformis","A_53c",2019,"srs",2,0,1,FALSE
"WICR","Event","HumanObservation","Physaria filiformis","A_53h",2019,"srs",35,2,2,TRUE
"WICR","Event","HumanObservation","Physaria filiformis","A_54e",2019,"srs",0,0,0,TRUE
"WICR","Event","HumanObservation","Physaria filiformis","A_54g",2019,"srs",0,0,0,TRUE
"WICR","Event","HumanObservation","Physaria filiformis","A_58d",2019,"srs",16,2,2,TRUE
"WICR","Event","HumanObservation","Physaria filiformis","A_60a",2019,"srs",78,2,3,FALSE
"WICR","Event","HumanObservation","Physaria filiformis","A_60c",2019,"srs",41,2,2,TRUE
"WICR","Event","HumanObservation","Physaria filiformis","A_60e",2019,"srs",4,1,1,TRUE
"WICR","Event","HumanObservation","Physaria filiformis","A_60h",2019,"srs",3,1,1,TRUE
"WICR","Event","HumanObservation","Physaria filiformis","A_61b",2019,"srs",0,0,0,TRUE
"WICR","Event","HumanObservation","Physaria filiformis","A_61e",2019,"srs",13,0,2,FALSE
"WICR","Event","HumanObservation","Physaria filiformis","A_64e",2019,"srs",3,1,1,TRUE
"WICR","Event","HumanObservation","Physaria filiformis","A_64g",2019,"srs",77,2,3,FALSE
"WICR","Event","HumanObservation","Physaria filiformis","A_67i",2019,"srs",1,0,1,FALSE
"WICR","Event","HumanObservation","Physaria filiformis","A_68f",2019,"srs",15,1,2,FALSE
"WICR","Event","HumanObservation","Physaria filiformis","A_68i",2019,"srs",4,0,1,FALSE
"WICR","Event","HumanObservation","Physaria filiformis","A_72e",2019,"subj",1177,5,6,FALSE
"WICR","Event","HumanObservation","Physaria filiformis","A_72h",2019,"subj",1169,5,6,FALSE
"WICR","Event","HumanObservation","Physaria filiformis","A_72i",2019,"subj",1498,4,6,FALSE
"WICR","Event","HumanObservation","Physaria filiformis","A_74b",2019,"srs",122,3,4,FALSE
"WICR","Event","HumanObservation","Physaria filiformis","A_74c",2019,"subj",91,3,3,TRUE
"WICR","Event","HumanObservation","Physaria filiformis","A_74e",2019,"srs",98,3,3,TRUE
"WICR","Event","HumanObservation","Physaria filiformis","A_75d",2019,"srs",64,2,3,FALSE
"WICR","Event","HumanObservation","Physaria filiformis","A_75h",2019,"srs",163,3,4,FALSE
"WICR","Event","HumanObservation","Physaria filiformis","A_76c",2019,"srs",1,0,1,FALSE
"WICR","Event","HumanObservation","Physaria filiformis","A_81a",2019,"srs",32,2,2,TRUE
"WICR","Event","HumanObservation","Physaria filiformis","A_81e",2019,"srs",490,4,4,TRUE
"WICR","Event","HumanObservation","Physaria filiformis","A_81g",2019,"srs",712,4,5,FALSE
"WICR","Event","HumanObservation","Physaria filiformis","A_82b",2019,"srs",1,0,1,FALSE
"WICR","Event","HumanObservation","Physaria filiformis","A_82d",2019,"subj",354,4,4,TRUE
"WICR","Event","HumanObservation","Physaria filiformis","A_82i",2019,"srs",233,4,4,TRUE
"WICR","Event","HumanObservation","Physaria filiformis","A_83a",2019,"srs",2,1,1,TRUE
"WICR","Event","HumanObservation","Physaria filiformis","A_83c",2019,"srs",10,2,2,TRUE
"WICR","Event","HumanObservation","Physaria filiformis","A_83f",2019,"srs",1,0,1,FALSE
"WICR","Event","HumanObservation","Physaria filiformis","A_83g",2019,"srs",99,2,3,FALSE
"WICR","Event","HumanObservation","Physaria filiformis","A_84f",2019,"srs",1,0,1,FALSE
"WICR","Event","HumanObservation","Physaria filiformis","A_89b",2019,"subj",146,3,4,FALSE
"WICR","Event","HumanObservation","Physaria filiformis","A_90a",2019,"srs",30,2,2,TRUE
"WICR","Event","HumanObservation","Physaria filiformis","A_90i",2019,"srs",117,2,4,FALSE
"WICR","Event","HumanObservation","Physaria filiformis","A_91f",2019,"srs",136,2,4,FALSE
"WICR","Event","HumanObservation","Physaria filiformis","A_91g",2019,"srs",229,3,4,FALSE
"WICR","Event","HumanObservation","Physaria filiformis","A_92a",2019,"srs",58,2,3,FALSE
"WICR","Event","HumanObservation","Physaria filiformis","A_10c",2021,"srs",38,2,2,TRUE
"WICR","Event","HumanObservation","Physaria filiformis","A_11a",2021,"srs",99,3,3,TRUE
"WICR","Event","HumanObservation","Physaria filiformis","A_11b",2021,"srs",0,0,0,TRUE
"WICR","Event","HumanObservation","Physaria filiformis","A_11d",2021,"srs",44,2,2,TRUE
"WICR","Event","HumanObservation","Physaria filiformis","A_11i",2021,"srs",1,0,1,FALSE
"WICR","Event","HumanObservation","Physaria filiformis","A_16i",2021,"srs",0,1,0,FALSE
"WICR","Event","HumanObservation","Physaria filiformis","A_22a",2021,"srs",188,4,4,TRUE
"WICR","Event","HumanObservation","Physaria filiformis","A_22d",2021,"srs",10,1,2,FALSE
"WICR","Event","HumanObservation","Physaria filiformis","A_26a",2021,"srs",1,0,1,FALSE
"WICR","Event","HumanObservation","Physaria filiformis","A_27e",2021,"srs",420,4,4,TRUE
"WICR","Event","HumanObservation","Physaria filiformis","A_28d",2021,"srs",91,3,3,TRUE
"WICR","Event","HumanObservation","Physaria filiformis","A_29d",2021,"srs",0,0,0,TRUE
"WICR","Event","HumanObservation","Physaria filiformis","A_33d",2021,"srs",88,3,3,TRUE
"WICR","Event","HumanObservation","Physaria filiformis","A_34f",2021,"srs",5,1,1,TRUE
"WICR","Event","HumanObservation","Physaria filiformis","A_40d",2021,"srs",0,0,0,TRUE
"WICR","Event","HumanObservation","Physaria filiformis","A_40g",2021,"srs",0,0,0,TRUE
"WICR","Event","HumanObservation","Physaria filiformis","A_41g",2021,"srs",7,1,1,TRUE
"WICR","Event","HumanObservation","Physaria filiformis","A_44i",2021,"srs",0,0,0,TRUE
"WICR","Event","HumanObservation","Physaria filiformis","A_45f",2021,"srs",0,0,0,TRUE
"WICR","Event","HumanObservation","Physaria filiformis","A_45g",2021,"srs",0,0,0,TRUE
"WICR","Event","HumanObservation","Physaria filiformis","A_47h",2021,"srs",51,2,3,FALSE
"WICR","Event","HumanObservation","Physaria filiformis","A_48h",2021,"srs",385,4,4,TRUE
"WICR","Event","HumanObservation","Physaria filiformis","A_50d",2021,"srs",0,0,0,TRUE
"WICR","Event","HumanObservation","Physaria filiformis","A_50i",2021,"srs",298,2,4,FALSE
"WICR","Event","HumanObservation","Physaria filiformis","A_52f",2021,"srs",4,1,1,TRUE
"WICR","Event","HumanObservation","Physaria filiformis","A_53i",2021,"srs",235,3,4,FALSE
"WICR","Event","HumanObservation","Physaria filiformis","A_57b",2021,"srs",153,3,4,FALSE
"WICR","Event","HumanObservation","Physaria filiformis","A_57c",2021,"srs",302,4,4,TRUE
"WICR","Event","HumanObservation","Physaria filiformis","A_58h",2021,"srs",377,4,4,TRUE
"WICR","Event","HumanObservation","Physaria filiformis","A_60b",2021,"srs",192,2,4,FALSE
"WICR","Event","HumanObservation","Physaria filiformis","A_61a",2021,"srs",350,4,4,TRUE
"WICR","Event","HumanObservation","Physaria filiformis","A_61b",2021,"srs",15,1,2,FALSE
"WICR","Event","HumanObservation","Physaria filiformis","A_61e",2021,"srs",390,4,4,TRUE
"WICR","Event","HumanObservation","Physaria filiformis","A_64d",2021,"srs",4,1,1,TRUE
"WICR","Event","HumanObservation","Physaria filiformis","A_64g",2021,"srs",118,3,4,FALSE
"WICR","Event","HumanObservation","Physaria filiformis","A_65a",2021,"srs",141,3,4,FALSE
"WICR","Event","HumanObservation","Physaria filiformis","A_65h",2021,"srs",21,3,2,FALSE
"WICR","Event","HumanObservation","Physaria filiformis","A_66f",2021,"srs",1148,4,6,FALSE
"WICR","Event","HumanObservation","Physaria filiformis","A_67a",2021,"srs",270,4,4,TRUE
"WICR","Event","HumanObservation","Physaria filiformis","A_67d",2021,"srs",2,1,1,TRUE
"WICR","Event","HumanObservation","Physaria filiformis","A_68g",2021,"srs",0,0,0,TRUE
"WICR","Event","HumanObservation","Physaria filiformis","A_68i",2021,"srs",302,4,4,TRUE
"WICR","Event","HumanObservation","Physaria filiformis","A_72c",2021,"subj",895,5,5,TRUE
"WICR","Event","HumanObservation","Physaria filiformis","A_72e",2021,"srs",618,4,5,FALSE
"WICR","Event","HumanObservation","Physaria filiformis","A_72h",2021,"subj",1044,5,6,FALSE
"WICR","Event","HumanObservation","Physaria filiformis","A_72i",2021,"subj",724,5,5,TRUE
"WICR","Event","HumanObservation","Physaria filiformis","A_74d",2021,"subj",2310,6,6,TRUE
"WICR","Event","HumanObservation","Physaria filiformis","A_75h",2021,"srs",205,4,4,TRUE
"WICR","Event","HumanObservation","Physaria filiformis","A_76f",2021,"srs",143,4,4,TRUE
"WICR","Event","HumanObservation","Physaria filiformis","A_79b",2021,"subj",0,1,0,FALSE
"WICR","Event","HumanObservation","Physaria filiformis","A_80b",2021,"subj",828,5,5,TRUE
"WICR","Event","HumanObservation","Physaria filiformis","A_80f",2021,"subj",1177,5,6,FALSE
"WICR","Event","HumanObservation","Physaria filiformis","A_80g",2021,"srs",0,0,0,TRUE
"WICR","Event","HumanObservation","Physaria filiformis","A_81a",2021,"subj",15,2,2,TRUE
"WICR","Event","HumanObservation","Physaria filiformis","A_81i",2021,"srs",357,4,4,TRUE
"WICR","Event","HumanObservation","Physaria filiformis","A_82a",2021,"srs",49,2,2,TRUE
"WICR","Event","HumanObservation","Physaria filiformis","A_83a",2021,"srs",1,1,1,TRUE
"WICR","Event","HumanObservation","Physaria filiformis","A_83g",2021,"srs",866,4,5,FALSE
"WICR","Event","HumanObservation","Physaria filiformis","A_84c",2021,"srs",1,0,1,FALSE
"WICR","Event","HumanObservation","Physaria filiformis","A_89c",2021,"srs",187,4,4,TRUE
"WICR","Event","HumanObservation","Physaria filiformis","A_89h",2021,"srs",153,3,4,FALSE
"WICR","Event","HumanObservation","Physaria filiformis","A_89i",2021,"srs",52,2,3,FALSE
"WICR","Event","HumanObservation","Physaria filiformis","A_90c",2021,"srs",377,3,4,FALSE
"WICR","Event","HumanObservation","Physaria filiformis","A_91g",2021,"srs",393,4,4,TRUE
"WICR","Event","HumanObservation","Physaria filiformis","A_91h",2021,"srs",60,2,3,FALSE
"WICR","Event","HumanObservation","Physaria filiformis","A_92b",2021,"srs",74,2,3,FALSE
"WICR","Event","HumanObservation","Physaria filiformis","A_92e",2021,"srs",94,3,3,TRUE
"WICR","Event","HumanObservation","Physaria filiformis","A_92i",2021,"srs",365,4,4,TRUE
